lng,lat,suitability_mean,suitability_sd
10.190000000000001,47.290000000000006,0.10311992683457886,0.023651354587508566
10.22,47.290000000000006,0.10198491126179156,0.02436273955308193
10.25,47.290000000000006,0.0999584728611965,0.024430650987584682
10.22,47.32,0.10325823288715678,0.023793487667284056
10.25,47.32,0.10173869924899025,0.02436258677381149
10.280000000000001,47.32,0.09972140587529091,0.024359026038695972
10.31,47.32,0.09744802891699422,0.02524965970252101
10.22,47.35,0.10396803335181198,0.023095848303403287
10.25,47.35,0.10326642235083063,0.023445993700043855
10.280000000000001,47.35,0.10110606833709983,0.024304654824964026
10.31,47.35,0.09918367233880335,0.024069815558842994
10.34,47.35,0.09659691458466123,0.02451097189146336
10.07,47.38,0.11313596782354596,0.026877349337061814
10.1,47.38,0.11154201530907251,0.02612024169390404
10.13,47.38,0.10940805859646745,0.02436622404155124
10.16,47.38,0.10776047256153405,0.023527609719668646
10.190000000000001,47.38,0.10678531722817623,0.02341156194272688
10.22,47.38,0.10559795003806578,0.023692743807111876
10.25,47.38,0.10479230421859075,0.023642986977473142
10.280000000000001,47.38,0.10292613600264212,0.02447044177663758
10.31,47.38,0.10068854960605846,0.024315131442070904
10.34,47.38,0.09872390041907404,0.02455373329372497
10.370000000000001,47.38,0.0961996611601801,0.02345905533575356
10.4,47.38,0.09450413956934663,0.023523425919111968
10.07,47.410000000000004,0.1142443169496256,0.027293401520903874
10.1,47.410000000000004,0.11340214474485706,0.026902519066609506
10.13,47.410000000000004,0.11085792099292692,0.025267161101118565
10.16,47.410000000000004,0.10895510393616735,0.024011752131565096
10.190000000000001,47.410000000000004,0.10805546521741956,0.023732557405765832
10.22,47.410000000000004,0.1070884158557891,0.024092508791735072
10.25,47.410000000000004,0.10583482478314378,0.024591773169158226
10.280000000000001,47.410000000000004,0.10492178585263347,0.024436137600853648
10.31,47.410000000000004,0.10260192673470817,0.025017794349639425
10.34,47.410000000000004,0.10010030369725231,0.024519098205339436
10.370000000000001,47.410000000000004,0.09781857498239044,0.023153042679219384
10.4,47.410000000000004,0.09552409777774941,0.023266646529971655
10.43,47.410000000000004,0.09364472699027467,0.0234755656326659
10.97,47.410000000000004,0.09563028506704872,0.03712746568956201
11,47.410000000000004,0.0988596989454809,0.04268539609613069
11.030000000000001,47.410000000000004,0.1020679198830268,0.0491115077388588
11.06,47.410000000000004,0.10351252118909246,0.052911728926628286
11.09,47.410000000000004,0.10294159677736857,0.05274875952855069
11.120000000000001,47.410000000000004,0.10079513708722307,0.047872112065087936
11.24,47.410000000000004,0.09402917091314641,0.03230546903466428
11.27,47.410000000000004,0.09415510468496094,0.03232330646263512
10.1,47.440000000000005,0.11380067816856343,0.027135663456097414
10.13,47.440000000000005,0.11269500169355993,0.026197268592111328
10.16,47.440000000000005,0.11024956357482657,0.024447141318479512
10.190000000000001,47.440000000000005,0.10891634439017636,0.02390697840898235
10.22,47.440000000000005,0.10824314101136613,0.025030693528068967
10.25,47.440000000000005,0.1077027968397274,0.025862599522566046
10.280000000000001,47.440000000000005,0.10597928218557004,0.02610831342179944
10.31,47.440000000000005,0.10402092016594261,0.0267766060824103
10.34,47.440000000000005,0.1017477686391132,0.02577829035252571
10.370000000000001,47.440000000000005,0.0994606279810266,0.024162274404913676
10.4,47.440000000000005,0.09729943410828173,0.022635473264406042
10.43,47.440000000000005,0.0948178430203818,0.022953077568629524
10.97,47.440000000000005,0.0975708383747089,0.039287470104107304
11,47.440000000000005,0.10294481647841988,0.04879577828797713
11.030000000000001,47.440000000000005,0.10736567045466555,0.05921637576252504
11.06,47.440000000000005,0.11067024649168666,0.06795722646504367
11.09,47.440000000000005,0.11004863528467596,0.06829731011859798
11.120000000000001,47.440000000000005,0.10610725971395103,0.05863402871992828
11.15,47.440000000000005,0.1021116130268297,0.04803717369345669
11.18,47.440000000000005,0.09851814429998637,0.03962012148254477
11.21,47.440000000000005,0.09622051331535579,0.03491574327854695
11.24,47.440000000000005,0.09599915206582672,0.0336747372784663
11.27,47.440000000000005,0.09583496166371286,0.03402563136438823
11.3,47.440000000000005,0.09656785551659203,0.03561533181974494
11.33,47.440000000000005,0.09708272505823015,0.03682088395954917
10.07,47.470000000000006,0.11797317272537881,0.030023095455669353
10.1,47.470000000000006,0.11468651542864626,0.027359220671236546
10.13,47.470000000000006,0.11393128540209464,0.02697572585636892
10.16,47.470000000000006,0.11222529569336674,0.025810949734444585
10.190000000000001,47.470000000000006,0.11013200225461262,0.024481312213579687
10.22,47.470000000000006,0.109530712390676,0.026237645395233967
10.25,47.470000000000006,0.10992312036578086,0.028909055183946326
10.280000000000001,47.470000000000006,0.11036562918091714,0.032253154022289524
10.31,47.470000000000006,0.10663658087531948,0.028624472473656366
10.34,47.470000000000006,0.10326787846875085,0.026572738308153186
10.370000000000001,47.470000000000006,0.10058855598965076,0.024518608506246268
10.4,47.470000000000006,0.09845553228935894,0.022971909478776753
10.43,47.470000000000006,0.09602040903380456,0.022381305822692685
10.91,47.470000000000006,0.08796809532649269,0.026835553908305828
10.940000000000001,47.470000000000006,0.09308199465422445,0.03210525131427237
10.97,47.470000000000006,0.09953219628913526,0.040448228781526055
11,47.470000000000006,0.10716071210894666,0.05469305380854891
11.030000000000001,47.470000000000006,0.1150829474883464,0.07363941537846
11.06,47.470000000000006,0.12216522361454786,0.09230649241499247
11.09,47.470000000000006,0.12126908593225193,0.09306527043776833
11.120000000000001,47.470000000000006,0.1130992589790394,0.07386179990045674
11.15,47.470000000000006,0.10535761417267535,0.05346954672429116
11.18,47.470000000000006,0.09988753515162335,0.04124894440957885
11.21,47.470000000000006,0.09780983315358754,0.035586262204432235
11.24,47.470000000000006,0.09746094396563695,0.03489547489467476
11.27,47.470000000000006,0.09809305904276336,0.03661691618354407
11.3,47.470000000000006,0.09951521589224804,0.039532113612279395
11.33,47.470000000000006,0.10046073636850045,0.041304681087770224
11.36,47.470000000000006,0.10047274720023508,0.04153604401052674
9.98,47.5,0.13490938976844835,0.03470656022124071
10.01,47.5,0.12887615008857756,0.03195074143732501
10.040000000000001,47.5,0.12451103493959982,0.032563547563439384
10.07,47.5,0.11994206305795473,0.03001387051443536
10.1,47.5,0.11687354778187904,0.029050130624601083
10.13,47.5,0.11455081702139353,0.027498351299571157
10.16,47.5,0.11340804345425273,0.02626792832338111
10.190000000000001,47.5,0.11160844090026176,0.025345264640368636
10.22,47.5,0.11123780232079561,0.026376277556562286
10.25,47.5,0.11262755025286209,0.03480583529112803
10.280000000000001,47.5,0.11337948527195393,0.04373027385103733
10.31,47.5,0.11006518442069897,0.03336560320623756
10.34,47.5,0.10489682671104572,0.026513058175499045
10.370000000000001,47.5,0.10178510725958893,0.024213777397562645
10.4,47.5,0.09886779065958402,0.022667175828675046
10.88,47.5,0.08372454078806957,0.022208565421863467
10.91,47.5,0.08817806227448688,0.027162515947712875
10.940000000000001,47.5,0.09347645385203042,0.031378288143263246
10.97,47.5,0.10099370547197808,0.04093656106405651
11,47.5,0.1108060748642835,0.057499926259004255
11.030000000000001,47.5,0.12334068720087538,0.08505098999847034
11.06,47.5,0.13686722933807122,0.11966042938832086
11.09,47.5,0.13549349772908756,0.12059627906627664
11.120000000000001,47.5,0.1206390392219712,0.08629865308329246
11.15,47.5,0.10742674767915014,0.055734512153638095
11.18,47.5,0.10035762069097702,0.04089737796373618
11.21,47.5,0.09838989602842417,0.03545789139324171
11.24,47.5,0.09906832597454969,0.03666218180886889
11.27,47.5,0.10180094478077494,0.04121352411091626
11.3,47.5,0.10425776927335928,0.045825139300328346
11.33,47.5,0.10562824727751864,0.0484019128225905
11.36,47.5,0.10529540408937478,0.04752015959657143
11.39,47.5,0.10330619589804108,0.04557862771426137
12.89,47.5,0.09682296663343233,0.035174762555524944
12.92,47.5,0.10235887852235857,0.03885249796454479
12.95,47.5,0.10961301388135485,0.043280000685813384
12.98,47.5,0.11892985230731748,0.04888448723802173
13.01,47.5,0.12619931327998785,0.05426831787160137
9.59,47.53,0.17611912510412547,0.04860236586664202
9.620000000000001,47.53,0.1753576002857291,0.04882331553778791
9.65,47.53,0.17318405401321402,0.04837754089527887
9.68,47.53,0.17108941505218073,0.047291502620754815
9.950000000000001,47.53,0.14905871313838143,0.042220451979408005
9.98,47.53,0.14169427298218454,0.03658310641037622
10.01,47.53,0.13321143652160367,0.03400356912652844
10.040000000000001,47.53,0.126621612072628,0.03200330920727632
10.07,47.53,0.12349068748521483,0.033547342450442906
10.1,47.53,0.11784640801629384,0.028584044030167094
10.13,47.53,0.11576646129346896,0.027758492843537357
10.16,47.53,0.11479231160380693,0.027336557692972666
10.190000000000001,47.53,0.11324141769590863,0.02568838508233741
10.22,47.53,0.11190483972051472,0.02615782889933837
10.25,47.53,0.11245903916676989,0.030336316525544138
10.280000000000001,47.53,0.11304260647169602,0.03731143865003594
10.31,47.53,0.10982394704959735,0.029334525606229372
10.34,47.53,0.10608071094700675,0.0255731087883033
10.370000000000001,47.53,0.10302819764337634,0.02398325147902216
10.4,47.53,0.10046379142552567,0.023403122817838504
10.52,47.53,0.09401531113977253,0.02536182316262097
10.76,47.53,0.08544993057011405,0.029816667404755692
10.790000000000001,47.53,0.08344814140300272,0.027977692059673157
10.82,47.53,0.08193938947848192,0.02547524958750504
10.88,47.53,0.08317680120586247,0.021975003827441945
10.91,47.53,0.08735306267544449,0.025467670339915482
10.940000000000001,47.53,0.09324285803711739,0.030398466102298856
10.97,47.53,0.10146955451809507,0.04014358766579864
11,47.53,0.11301601623664677,0.0565578928449452
11.030000000000001,47.53,0.12781855035554263,0.08096120796721491
11.06,47.53,0.14339274416955808,0.11554533267112543
11.09,47.53,0.1411768430395492,0.11668741280636427
11.120000000000001,47.53,0.12243609907120255,0.0802092007962587
11.15,47.53,0.10653529359909891,0.051154797302360035
11.18,47.53,0.09876015350287767,0.03795615970586116
11.21,47.53,0.09788645533820856,0.035019431923437
11.24,47.53,0.10126396857057846,0.0396898784502318
11.27,47.53,0.10696665667477535,0.048343406273449255
11.3,47.53,0.11194246184955269,0.05643792030599517
11.33,47.53,0.11397647658011015,0.05968268746528432
11.36,47.53,0.1124107374004187,0.05725779072389551
11.39,47.53,0.10857658390965245,0.05243283764692391
11.42,47.53,0.10405813978531155,0.046276481818701205
11.45,47.53,0.10058744356830454,0.04080420683734887
11.48,47.53,0.09654248326027724,0.03515042865293008
11.51,47.53,0.09148059254208903,0.02882911793030846
11.54,47.53,0.08873413073206562,0.025433933122100016
11.57,47.53,0.08990092804522011,0.026809103991463884
12.86,47.53,0.09379453354729655,0.03371387205717696
12.89,47.53,0.09897456580754659,0.03621774367389743
12.92,47.53,0.10570989875794862,0.04040024003860937
12.95,47.53,0.11533495197721613,0.04625759599228723
12.98,47.53,0.12712113494028385,0.053906679285146523
13.01,47.53,0.13804622123155028,0.0630577176023369
9.59,47.56,0.1793196449933057,0.0513858847541881
9.620000000000001,47.56,0.17635952960290266,0.0485797652365281
9.65,47.56,0.17521439508008949,0.04880852831153528
9.68,47.56,0.17284090294466486,0.047961843583932344
9.71,47.56,0.1710931201972515,0.04717048882461217
9.83,47.56,0.16693531628656913,0.04184817640290057
9.86,47.56,0.16620739813052715,0.0454141854218998
9.89,47.56,0.16504385123631996,0.05322679180900773
9.92,47.56,0.16095093657234436,0.05424175243261673
9.950000000000001,47.56,0.15372534927734696,0.0436769274667853
9.98,47.56,0.1457043953214353,0.03646411150377519
10.01,47.56,0.13802014187846615,0.03553052713035482
10.040000000000001,47.56,0.13101717953483388,0.03465281085533576
10.07,47.56,0.12620456279889045,0.03356373844276613
10.1,47.56,0.12111967333800673,0.03216088444732417
10.13,47.56,0.11796647268905261,0.029626018656652382
10.16,47.56,0.11565297364341953,0.02798480352693396
10.190000000000001,47.56,0.1144722665772496,0.026576891926024276
10.22,47.56,0.11335544470718441,0.02585905348527966
10.25,47.56,0.11179610685957772,0.025774243502582266
10.280000000000001,47.56,0.11055099590849408,0.025986076049143176
10.31,47.56,0.10899840693713161,0.02522937066292692
10.34,47.56,0.10617012871735952,0.02370631778640931
10.370000000000001,47.56,0.10425800585102735,0.023230440139990868
10.4,47.56,0.1015730344540956,0.023085113255110725
10.46,47.56,0.09863393430934587,0.02366279189795743
10.49,47.56,0.09686509240962875,0.023892211366023406
10.52,47.56,0.09506080908418776,0.023912904571776302
10.55,47.56,0.09381439315873362,0.02442873008214157
10.64,47.56,0.09111076430442966,0.027206813131286995
10.67,47.56,0.08950624583996769,0.026594280212566192
10.7,47.56,0.08862254687849258,0.029158066347802988
10.73,47.56,0.08853146366951799,0.03325836407322995
10.76,47.56,0.08808902480268237,0.03709631829123476
10.790000000000001,47.56,0.08650063163691087,0.03610367346062457
10.82,47.56,0.08338490214561378,0.031106189802036315
10.85,47.56,0.0818601177715068,0.024635118414938796
10.88,47.56,0.082940370007762207,0.022235105925489322
10.91,47.56,0.08579816403099329,0.023686421224918847
10.940000000000001,47.56,0.09245850536681313,0.02932531016599504
10.97,47.56,0.10103658616765374,0.03928953604068671
11,47.56,0.11451865975671076,0.0594043521484547
11.030000000000001,47.56,0.131103830985311,0.08367859245084991
11.06,47.56,0.14546696680223783,0.10405489428681543
11.09,47.56,0.14152095978453913,0.09932745872102254
11.120000000000001,47.56,0.11949715379335368,0.06838703012725202
11.15,47.56,0.10235344900534872,0.04389806887877477
11.18,47.56,0.0953629974826101,0.034221980320747046
11.21,47.56,0.09657456091518082,0.03480081924012987
11.24,47.56,0.1040187760536551,0.043978590738129916
11.27,47.56,0.11602457288458164,0.0598640247419174
11.3,47.56,0.12623827266005538,0.07526039756695768
11.33,47.56,0.12882865800715745,0.0796021282214581
11.36,47.56,0.12320764298507766,0.07186097800130163
11.39,47.56,0.11498525001669521,0.06130527183143966
11.42,47.56,0.10792864574148836,0.050600822389408724
11.45,47.56,0.10224324745658249,0.04227169998400145
11.48,47.56,0.0967736967419693,0.034899420278054434
11.51,47.56,0.0921412151783452,0.029403175929296085
11.54,47.56,0.08978736234580549,0.02570118617260637
11.57,47.56,0.0895153701651858,0.025849737851562252
12.8,47.56,0.08857847635301096,0.03221275740574039
12.83,47.56,0.0913291735445258,0.0336232579228467
12.86,47.56,0.09572491475460332,0.0351864126683107
12.89,47.56,0.10098235641969978,0.03789684931278927
12.92,47.56,0.10874380745512521,0.04192634421763268
12.95,47.56,0.1205897961421789,0.049430036597260765
12.98,47.56,0.13419330519558456,0.059947433295626795
13.01,47.56,0.1532381859474986,0.07489591329567619
9.620000000000001,47.59,0.17833917556413187,0.05009930876924084
9.65,47.59,0.1763918723536532,0.04874917788870114
9.68,47.59,0.17514126867699656,0.048706940126598465
9.71,47.59,0.17252289622818406,0.047548386507368104
9.74,47.59,0.17085206324266178,0.04695543769750916
9.77,47.59,0.16963524250642606,0.045834243725045916
9.8,47.59,0.16846408549908945,0.04282041259060192
9.83,47.59,0.16756377773997064,0.04087632817382932
9.86,47.59,0.1682028592768014,0.043212793187986175
9.89,47.59,0.16581987647972873,0.04712509479709832
9.92,47.59,0.16204514714529872,0.046573473258102786
9.950000000000001,47.59,0.15735620752877247,0.043011075660363905
9.98,47.59,0.15076817334710754,0.038970281819070605
10.01,47.59,0.14288407060390343,0.036119992439321
10.040000000000001,47.59,0.13552557234624013,0.03704742518746294
10.07,47.59,0.12949645390492684,0.034191907493557494
10.1,47.59,0.12546166483164903,0.034528968708779126
10.13,47.59,0.12081901147637253,0.02988688613604355
10.16,47.59,0.11779874126131656,0.02888791361215868
10.190000000000001,47.59,0.11553383829466352,0.02758166008227013
10.22,47.59,0.11381100292019519,0.025213514866344586
10.25,47.59,0.1118575233796335,0.024175289303158824
10.280000000000001,47.59,0.11048307872086827,0.023351828994755727
10.31,47.59,0.10885410706025282,0.023209504750250163
10.34,47.59,0.1066752457368089,0.022658147748420347
10.370000000000001,47.59,0.10470131039695359,0.022802145119232002
10.4,47.59,0.10302082158691883,0.022917404412142406
10.43,47.59,0.10097807312771165,0.02262389848886658
10.46,47.59,0.09994147114864722,0.023657039328539336
10.49,47.59,0.09870174216794306,0.023483407302111174
10.52,47.59,0.09648842319351003,0.02370252874462553
10.55,47.59,0.09539270506899589,0.024473345241325464
10.58,47.59,0.09405787674858863,0.025063092717016615
10.61,47.59,0.09214729768463353,0.026040016258599946
10.64,47.59,0.09192252729277782,0.027423926683621383
10.67,47.59,0.09260147486882811,0.02888670084044191
10.7,47.59,0.09257638694813057,0.03299701176560003
10.73,47.59,0.09249213714614872,0.03977673605687309
10.76,47.59,0.09272228107049513,0.046733633622188686
10.790000000000001,47.59,0.09051719167679231,0.04660030598497519
10.82,47.59,0.0862580041817628,0.03892678996972545
10.85,47.59,0.08315797749802029,0.028070601486215527
10.88,47.59,0.0828040893458959,0.022426825638935898
10.91,47.59,0.08507241456732181,0.022690327663285246
10.940000000000001,47.59,0.09066475810285317,0.027591792167464196
10.97,47.59,0.099470988439393615,0.038143657001846194
11,47.59,0.11477978925657792,0.06352376549025879
11.030000000000001,47.59,0.13510601895898913,0.09738756446765846
11.06,47.59,0.15351554864587325,0.12311557184200762
11.09,47.59,0.1440657228740248,0.11117123965884301
11.120000000000001,47.59,0.11383363293342319,0.06342841181549407
11.15,47.59,0.0958538711006056,0.03739717115861452
11.18,47.59,0.09056027813674382,0.031517524689527676
11.21,47.59,0.09445807120575622,0.03483107357089791
11.24,47.59,0.10664989353926571,0.04831497057663526
11.27,47.59,0.1292698873517435,0.07702876104505064
11.3,47.59,0.15250270293657475,0.11119601631086067
11.33,47.59,0.15382475193325312,0.11465648040554322
11.36,47.59,0.13837762782970137,0.09302728765314738
11.39,47.59,0.1218746704299916,0.07000337197122683
11.42,47.59,0.11037598633706693,0.05392533796700444
11.45,47.59,0.10298243084014129,0.04317727003787139
11.48,47.59,0.09628790816471758,0.034894919397273426
11.51,47.59,0.09235804876875701,0.02885132151926304
11.54,47.59,0.09138799833307468,0.027469952377689982
11.57,47.59,0.0911374671912721,0.025683691243846316
11.6,47.59,0.09446889224279187,0.026437083558734295
11.63,47.59,0.09605255483563349,0.025316491731555438
11.66,47.59,0.09928548220678243,0.02579999802506356
11.690000000000001,47.59,0.10114614462018016,0.02891833228075148
11.72,47.59,0.10195134349801066,0.026193002566916142
11.75,47.59,0.10254908370496055,0.02672529493016225
11.780000000000001,47.59,0.10474536698117297,0.02750161953865513
11.81,47.59,0.10596220675502785,0.027281962591515906
12.8,47.59,0.09063214660589339,0.03509200664373291
12.83,47.59,0.094469711828227,0.036577101540978076
12.86,47.59,0.09831330599210722,0.03795900231020637
12.89,47.59,0.10328778693052178,0.03978909042466019
12.92,47.59,0.11143956955581903,0.04391990967154884
12.95,47.59,0.12312380908723412,0.052010001622478944
12.98,47.59,0.1437435809870983,0.06698502210299669
13.01,47.59,0.17223864401166494,0.09025133662837849
13.04,47.59,0.2016905626857806,0.1141442409254054
9.77,47.620000000000005,0.17085444352453547,0.04678656765462898
9.8,47.620000000000005,0.16936381192436553,0.04402684546495088
9.83,47.620000000000005,0.1686716030633819,0.04259362461249835
9.86,47.620000000000005,0.16743882057440532,0.041148691034424305
9.89,47.620000000000005,0.1663276425884226,0.04171467025126586
9.92,47.620000000000005,0.16179070836807927,0.04077938224443385
9.950000000000001,47.620000000000005,0.15843573377091172,0.03934020514765783
9.98,47.620000000000005,0.15386654374931785,0.04071824572401203
10.01,47.620000000000005,0.14730380666542484,0.040071343789713276
10.040000000000001,47.620000000000005,0.14153272101048714,0.039850555870733606
10.07,47.620000000000005,0.13377002020559242,0.036100799740009896
10.1,47.620000000000005,0.12923920340165093,0.03437786094841034
10.13,47.620000000000005,0.12408488221042291,0.033128488269365396
10.16,47.620000000000005,0.12048715614374053,0.02982703853540257
10.190000000000001,47.620000000000005,0.11784694300624342,0.028955132405322045
10.22,47.620000000000005,0.1156166632548622,0.02677250543499117
10.25,47.620000000000005,0.1133135907675695,0.024894704691526708
10.280000000000001,47.620000000000005,0.11114114573606394,0.023748981247027096
10.31,47.620000000000005,0.10916051228092921,0.022962024889506428
10.34,47.620000000000005,0.10778265785899059,0.02281054024458171
10.370000000000001,47.620000000000005,0.10589547226267287,0.02306393043243873
10.4,47.620000000000005,0.10335733006369156,0.02183037645605135
10.43,47.620000000000005,0.10211977204876711,0.021906199114310628
10.46,47.620000000000005,0.10188787244196314,0.023576092214875968
10.49,47.620000000000005,0.10026777372538573,0.023557892959211225
10.52,47.620000000000005,0.09876495567521529,0.023335531834155557
10.55,47.620000000000005,0.09700915760877013,0.024390193143312717
10.58,47.620000000000005,0.0959207055759474,0.0251655846384223
10.61,47.620000000000005,0.09508886979610702,0.025296162117514644
10.64,47.620000000000005,0.09348955573586208,0.027489414210724313
10.67,47.620000000000005,0.09445054521173384,0.02960550963379449
10.7,47.620000000000005,0.09598457811264398,0.03584376224291231
10.73,47.620000000000005,0.09670817404732311,0.04541155801508411
10.76,47.620000000000005,0.09847550744094398,0.05690304102245894
10.790000000000001,47.620000000000005,0.09652597547418325,0.06128230002414609
10.82,47.620000000000005,0.08880111315654914,0.045486845922927774
10.85,47.620000000000005,0.08408601996274953,0.030723072278130228
10.88,47.620000000000005,0.08212974872612804,0.02189974162413732
10.91,47.620000000000005,0.0837528161137509,0.02220065775826911
10.940000000000001,47.620000000000005,0.08899906586850022,0.0253807239707398
10.97,47.620000000000005,0.09538519288381751,0.033054376358423836
11,47.620000000000005,0.10682360945751294,0.05165429983749248
11.030000000000001,47.620000000000005,0.12279195220241101,0.08059859420528943
11.06,47.620000000000005,0.13206286549334695,0.09187036271482163
11.09,47.620000000000005,0.12170749815700735,0.07714472373114083
11.120000000000001,47.620000000000005,0.09930569951826601,0.043980155979056225
11.15,47.620000000000005,0.08782299978604761,0.031711765482807054
11.18,47.620000000000005,0.08604875967912358,0.03014892613144274
11.21,47.620000000000005,0.09163606494767902,0.034216254791739176
11.24,47.620000000000005,0.10676968416789635,0.049394002254500635
11.27,47.620000000000005,0.1426400902435976,0.0929986761952475
11.3,47.620000000000005,0.19031181238268868,0.16464206462072908
11.33,47.620000000000005,0.18390174318623573,0.15761291574244493
11.36,47.620000000000005,0.15077353997001122,0.11068191879074804
11.39,47.620000000000005,0.1253249840039509,0.07486368439670087
11.42,47.620000000000005,0.11149528866755799,0.05416380780395114
11.45,47.620000000000005,0.1028167869212749,0.04276677571555895
11.48,47.620000000000005,0.09589745971764757,0.03441126307684146
11.51,47.620000000000005,0.09140677081014173,0.02861432504178847
11.54,47.620000000000005,0.09189649953654457,0.027587652010093174
11.57,47.620000000000005,0.09245127423342167,0.024746843603296504
11.6,47.620000000000005,0.09598847253126894,0.026857234751915388
11.63,47.620000000000005,0.09852286972363421,0.025589076713684756
11.66,47.620000000000005,0.10152589819511819,0.028006251255554435
11.690000000000001,47.620000000000005,0.10628915563365324,0.032279168022482464
11.72,47.620000000000005,0.10579794195356887,0.028132607107622536
11.75,47.620000000000005,0.10535000496292277,0.02764337186632057
11.780000000000001,47.620000000000005,0.10567001810396112,0.028264583267616345
11.81,47.620000000000005,0.11006620605039495,0.0298522014827004
11.84,47.620000000000005,0.10952079009491052,0.02845039233024767
11.870000000000001,47.620000000000005,0.1121529706320855,0.0305335986401149
11.9,47.620000000000005,0.11134796399725706,0.031087613508066207
11.93,47.620000000000005,0.10908852213017034,0.027802151616261372
11.96,47.620000000000005,0.10926760580565446,0.027019439080733964
11.99,47.620000000000005,0.1108373884323683,0.026057881376179717
12.02,47.620000000000005,0.11720977232264648,0.034537710284923834
12.05,47.620000000000005,0.13176966258176231,0.05428012206007061
12.08,47.620000000000005,0.1557521563812987,0.08618799226825435
12.11,47.620000000000005,0.18932470898897788,0.12969203691274286
12.14,47.620000000000005,0.22174523997310777,0.17196884784580282
12.17,47.620000000000005,0.23660265144798903,0.191129688742934
12.83,47.620000000000005,0.10078336178339453,0.04429209709975559
12.86,47.620000000000005,0.10399714818451485,0.04536204272045152
12.89,47.620000000000005,0.10715615988004092,0.044296624657246014
12.92,47.620000000000005,0.11386667378694161,0.045666852867215384
12.95,47.620000000000005,0.12618755496790235,0.05375937362804144
12.98,47.620000000000005,0.1515929178622898,0.07319698375145728
13.01,47.620000000000005,0.1909625639866924,0.10378528437123616
13.04,47.620000000000005,0.23279427613970108,0.13821136181265672
9.83,47.650000000000006,0.16921272711141597,0.04430672346250557
9.86,47.650000000000006,0.1667302479397953,0.04231940732846519
9.89,47.650000000000006,0.1659146040658938,0.04185443337027445
9.92,47.650000000000006,0.16332096266242305,0.04118948908604013
9.950000000000001,47.650000000000006,0.15904960371302618,0.04062346269194742
9.98,47.650000000000006,0.15537196951266558,0.04030277461310795
10.01,47.650000000000006,0.15103426849246035,0.040326314192622156
10.040000000000001,47.650000000000006,0.14634426821177474,0.04089446560065075
10.07,47.650000000000006,0.1400106526448954,0.037400793308142936
10.1,47.650000000000006,0.13376878400735445,0.035331327182701495
10.13,47.650000000000006,0.12945529726978755,0.03482479497725217
10.16,47.650000000000006,0.12476512704020339,0.03182338708722212
10.190000000000001,47.650000000000006,0.12113476743963084,0.029577563579912706
10.22,47.650000000000006,0.11804593921848575,0.02867205384953442
10.25,47.650000000000006,0.11501227533053672,0.026171373018280465
10.280000000000001,47.650000000000006,0.11285348190395902,0.025090020841244832
10.31,47.650000000000006,0.11057129275165395,0.023656767409878956
10.34,47.650000000000006,0.10844389560882695,0.022902455710164082
10.370000000000001,47.650000000000006,0.1069252816305535,0.02327668740068236
10.4,47.650000000000006,0.10522041168267758,0.022304550534882197
10.43,47.650000000000006,0.10377283032176601,0.021413114926556093
10.46,47.650000000000006,0.1037755679889985,0.022762365292283274
10.49,47.650000000000006,0.1027659698443634,0.023587282212621963
10.52,47.650000000000006,0.10071300257652285,0.02333023446750559
10.55,47.650000000000006,0.09912563908829311,0.02342767836391859
10.58,47.650000000000006,0.09852919052046734,0.02537571058775719
10.61,47.650000000000006,0.09695497572967146,0.025302595637336587
10.64,47.650000000000006,0.09641811754797991,0.026881380847328017
10.67,47.650000000000006,0.09528147062064032,0.029195641877695293
10.7,47.650000000000006,0.0972995606624103,0.034067646574762765
10.73,47.650000000000006,0.099712076107644,0.044314490837472915
10.76,47.650000000000006,0.09976661649390355,0.05392757305620853
10.790000000000001,47.650000000000006,0.09677782985816426,0.05735460481791265
10.82,47.650000000000006,0.0895043348124923,0.04244609954809482
10.85,47.650000000000006,0.08504700093408094,0.028296635557712977
10.88,47.650000000000006,0.08289771943283933,0.022085083217527498
10.91,47.650000000000006,0.08333472953266045,0.020834477032880543
10.940000000000001,47.650000000000006,0.08617772990642825,0.022436057726426692
10.97,47.650000000000006,0.09021039288527989,0.02725968703988243
11,47.650000000000006,0.09554119149392969,0.03395851647731646
11.030000000000001,47.650000000000006,0.10084350203847631,0.04278930340205894
11.06,47.650000000000006,0.10159090255382924,0.044139728146914275
11.09,47.650000000000006,0.09483293704097052,0.03788363074137413
11.120000000000001,47.650000000000006,0.08701829910135792,0.03197862094288945
11.15,47.650000000000006,0.08221948966875696,0.030040858847593607
11.18,47.650000000000006,0.0828013216347471,0.031180837456241103
11.21,47.650000000000006,0.08955581321618496,0.036240636207277736
11.24,47.650000000000006,0.1047945827941362,0.05268909992675706
11.27,47.650000000000006,0.13179434551975017,0.0786603691041111
11.3,47.650000000000006,0.19065018333523073,0.1612752148158876
11.33,47.650000000000006,0.1827303848096558,0.1543895902431074
11.36,47.650000000000006,0.1459616867157537,0.10326660605919505
11.39,47.650000000000006,0.12072135644562862,0.06805005302612217
11.42,47.650000000000006,0.10811325210767785,0.04986148825351993
11.45,47.650000000000006,0.09972703811978306,0.038562937650401655
11.48,47.650000000000006,0.09408496219703708,0.031523475284997944
11.51,47.650000000000006,0.09095679817044323,0.026405941857282237
11.54,47.650000000000006,0.09099696359937162,0.02676520808499445
11.57,47.650000000000006,0.09339230231153019,0.025932266057615092
11.6,47.650000000000006,0.0980131520236939,0.027321004823035358
11.63,47.650000000000006,0.10077909980355118,0.02734048012946156
11.66,47.650000000000006,0.10509017465499823,0.029363994683204237
11.690000000000001,47.650000000000006,0.11031942784719102,0.03201334974534875
11.72,47.650000000000006,0.11220154622428853,0.03156811403607575
11.75,47.650000000000006,0.10826636694820727,0.030058773265782025
11.780000000000001,47.650000000000006,0.11087854828800062,0.030727544644045195
11.81,47.650000000000006,0.11246925991706161,0.03200378695092505
11.84,47.650000000000006,0.11557746220385508,0.03339289951061248
11.870000000000001,47.650000000000006,0.11324790273194774,0.03182160694226173
11.9,47.650000000000006,0.11149267459142981,0.03242403356151287
11.93,47.650000000000006,0.10910807706491903,0.02959928657996321
11.96,47.650000000000006,0.10861578711800539,0.02474014758343403
11.99,47.650000000000006,0.11069940147086182,0.026043505610489442
12.02,47.650000000000006,0.11547807117385468,0.031147790912752157
12.05,47.650000000000006,0.12958625566752155,0.0503251536321696
12.08,47.650000000000006,0.1550188205297913,0.08448130898673623
12.11,47.650000000000006,0.19075585669390363,0.1285071786517132
12.14,47.650000000000006,0.22742540118797022,0.17717887553345255
12.17,47.650000000000006,0.24448005549254714,0.19958667675643094
12.2,47.650000000000006,0.2347056056753912,0.18572173739677464
12.47,47.650000000000006,0.09454965138801935,0.02344134055542187
12.5,47.650000000000006,0.09223144693188673,0.023521224276279087
12.530000000000001,47.650000000000006,0.08995080075019557,0.023127327992659902
12.56,47.650000000000006,0.08659073421464676,0.024366772648068045
12.77,47.650000000000006,0.09512202404157749,0.04121892458090008
12.8,47.650000000000006,0.1034641157600305,0.05106553803126066
12.83,47.650000000000006,0.11234967787135107,0.06081860220607722
12.86,47.650000000000006,0.11629888170741903,0.06281253178255841
12.89,47.650000000000006,0.11546633561470054,0.05716613611877808
12.92,47.650000000000006,0.1149693132346127,0.049519157714647336
12.95,47.650000000000006,0.12699533239343494,0.05419504123998408
12.98,47.650000000000006,0.15308608022250264,0.07350806550160405
13.01,47.650000000000006,0.20043889938979778,0.10981191488708535
13.04,47.650000000000006,0.2544212584542471,0.15294728335546998
13.07,47.650000000000006,0.28507289665095076,0.18007919939983277
10.040000000000001,47.68,0.15106422885864718,0.04004365914736784
10.13,47.68,0.13477180674691439,0.034714453432002704
10.16,47.68,0.1297318954132729,0.03255792053457212
10.190000000000001,47.68,0.12480214842113549,0.0298234671675868
10.22,47.68,0.12162825699044208,0.028547835131807378
10.25,47.68,0.11833581332138554,0.027075898147857175
10.280000000000001,47.68,0.11482505092921803,0.025747964876773267
10.31,47.68,0.1127794774268805,0.024818794199566112
10.34,47.68,0.11055315321652631,0.023759253822923754
10.370000000000001,47.68,0.10882728475428564,0.023437980288514307
10.4,47.68,0.10646793010560497,0.02178228786994463
10.43,47.68,0.10557810013919593,0.021566240514528004
10.46,47.68,0.10545680611814053,0.021265517268203256
10.49,47.68,0.10478344931344578,0.022114041136990358
10.52,47.68,0.10302706552737476,0.023039751506666775
10.55,47.68,0.10225986562130458,0.023977887116618052
10.58,47.68,0.10026560191163225,0.024503297084802426
10.61,47.68,0.0998229026069396,0.026138226422686418
10.64,47.68,0.09813502664169242,0.02626740623069265
10.67,47.68,0.09811180787526155,0.027455465181568058
10.7,47.68,0.09670499803041688,0.030433688328826237
10.73,47.68,0.09813652988322293,0.0350470084848417
10.76,47.68,0.09732275919796388,0.03917367869179788
10.790000000000001,47.68,0.0934561681443938,0.0387282660396764
10.82,47.68,0.08969454794627073,0.03182196858647046
10.85,47.68,0.08544588696726585,0.023873449041754143
10.88,47.68,0.08432540045687593,0.02211875199515571
10.91,47.68,0.08377494950325808,0.01980667286318965
10.940000000000001,47.68,0.08567865844122798,0.021104767489172605
10.97,47.68,0.08693482804947339,0.022591666751049094
11,47.68,0.08871781794833325,0.025712513299710704
11.030000000000001,47.68,0.089558564169629,0.027555111701154503
11.06,47.68,0.08861167044714023,0.028812137216767977
11.09,47.68,0.08599715887658946,0.02878127484712561
11.120000000000001,47.68,0.08356943948942902,0.03001281909440805
11.15,47.68,0.08214190831061569,0.03412531868274225
11.18,47.68,0.08327741069674081,0.03726322847061969
11.21,47.68,0.08891741891736443,0.03897837899612795
11.24,47.68,0.11067837084970535,0.06257238031929907
11.27,47.68,0.11143342858441638,0.055534496094132274
11.3,47.68,0.12999627329125021,0.07815052566771398
11.33,47.68,0.13626460167547175,0.08880068569588243
11.36,47.68,0.12307920317530212,0.07193082171304807
11.39,47.68,0.11040708092569822,0.054014156837128284
11.42,47.68,0.1027244135563756,0.04205462244754558
11.45,47.68,0.09600792011811518,0.033427579147599654
11.48,47.68,0.09186492775391997,0.028411617260105385
11.51,47.68,0.09038241588781519,0.025065479457958017
11.54,47.68,0.09124477901623636,0.02561715046894994
11.57,47.68,0.09643585888301026,0.026625232738872413
11.6,47.68,0.10126590772408685,0.031758571090899565
11.63,47.68,0.10338133021427408,0.027911240001331866
11.66,47.68,0.10778097611233019,0.03004205670158763
11.690000000000001,47.68,0.11471689534070814,0.0319860525812744
11.72,47.68,0.11856450845041351,0.03501357896060813
11.75,47.68,0.11739088768114678,0.03368039730032768
11.780000000000001,47.68,0.11394312520588595,0.03171963907078792
11.81,47.68,0.11763673588164457,0.03383996012495537
11.84,47.68,0.11719926575404892,0.034509437486849356
11.870000000000001,47.68,0.11302459514411962,0.032669407496609654
11.9,47.68,0.11180012864998161,0.03331517334239814
11.93,47.68,0.10963162114667767,0.030963980273576535
11.96,47.68,0.1073098606212871,0.025275219935707888
11.99,47.68,0.1089469432073668,0.024968246190695667
12.02,47.68,0.11132687365350118,0.02694002893214958
12.05,47.68,0.12416630887168693,0.042489630441553176
12.08,47.68,0.144759518967173,0.07043975989980783
12.11,47.68,0.1746872166623276,0.10635105536159133
12.14,47.68,0.20810052819182676,0.1474454618988369
12.17,47.68,0.22472413562707236,0.16944375456165722
12.440000000000001,47.68,0.09701340651931294,0.023174250057090773
12.47,47.68,0.09614932601251637,0.02311101221216243
12.5,47.68,0.09402971720931066,0.023171653557771038
12.530000000000001,47.68,0.092555116768484,0.023046170148958774
12.56,47.68,0.08943189003686823,0.023001084227118836
12.59,47.68,0.0862094158337803,0.023754062970140887
12.620000000000001,47.68,0.08467396436516605,0.02471234690633841
12.65,47.68,0.08322775114108379,0.025303969499680418
12.68,47.68,0.08392095218864148,0.02685825314946017
12.71,47.68,0.08566055281971854,0.029658220971017384
12.74,47.68,0.09135445688818836,0.035813342590530976
12.77,47.68,0.09912754006418788,0.04695162468411758
12.8,47.68,0.11375033238168428,0.06653960906854396
12.83,47.68,0.12970202014302812,0.08521647323315591
12.86,47.68,0.1360124929306882,0.08981130912870224
12.89,47.68,0.12793574641545266,0.07566675226603096
12.92,47.68,0.11907421707971379,0.05772486677006176
12.95,47.68,0.12377323754146075,0.05239018266324089
12.98,47.68,0.14609490722299306,0.06802967687011481
13.01,47.68,0.19151188162265442,0.10103305705316874
13.04,47.68,0.2474643161708688,0.1439737499535025
10.13,47.71,0.14109466661694314,0.03633009540054232
10.16,47.71,0.1371420700347891,0.03410488160166617
10.190000000000001,47.71,0.13067407647318777,0.03166612294930867
10.22,47.71,0.12648554342148668,0.02947001192083414
10.25,47.71,0.12226303610544535,0.02686162258725211
10.280000000000001,47.71,0.11943976725884801,0.026436693575413985
10.31,47.71,0.11534296524457745,0.025225334705703654
10.34,47.71,0.11320287184154798,0.024272470462864935
10.370000000000001,47.71,0.11129950742032677,0.023544016176651014
10.4,47.71,0.10837019091549543,0.021616724042867273
10.43,47.71,0.10745998459558025,0.021337205249544185
10.46,47.71,0.10707938049070699,0.021273399949621224
10.49,47.71,0.10661257377567512,0.022163041691981578
10.52,47.71,0.10612123732446438,0.023150624689381224
10.55,47.71,0.10492249502277035,0.02372115803488118
10.58,47.71,0.10399128498599251,0.024995791541478102
10.61,47.71,0.10298704743742958,0.026156812173411675
10.64,47.71,0.10263542626670685,0.027954503486033743
10.67,47.71,0.1001949839030421,0.02731982977477698
10.7,47.71,0.09914379896815347,0.028118163866422404
10.73,47.71,0.09688348011629054,0.02920142170543373
10.76,47.71,0.09588687954763271,0.029177608040722974
10.790000000000001,47.71,0.09262314826271913,0.02771112849074533
10.82,47.71,0.09041052420984677,0.02543594283004413
10.85,47.71,0.08858607828199873,0.023983176212084695
10.88,47.71,0.08785839298976343,0.022949054959656205
10.91,47.71,0.08717724981969963,0.02100738316630008
10.940000000000001,47.71,0.08809633337488777,0.0208760929103364
10.97,47.71,0.0873593771516381,0.02125978049661158
11,47.71,0.0873537115197271,0.022682256541467775
11.030000000000001,47.71,0.08721460666170308,0.02388711567464529
11.06,47.71,0.08686066020433883,0.02585171254964475
11.09,47.71,0.0867748689946081,0.028211988539380884
11.120000000000001,47.71,0.08699446955859759,0.03263733577784322
11.15,47.71,0.08849882031011766,0.040527416341883615
11.18,47.71,0.09156146640787778,0.05465386908758177
11.21,47.71,0.09120443677502706,0.05063699431556089
11.24,47.71,0.11190818968832912,0.06332527584404753
11.27,47.71,0.1002911181368242,0.041681345646467395
11.3,47.71,0.10052238897107954,0.04350326521599853
11.33,47.71,0.10469664316622894,0.048899077627941503
11.36,47.71,0.10336746620611927,0.04567412228703416
11.39,47.71,0.09961530198871384,0.03878359818791201
11.42,47.71,0.09478384422530338,0.032789108399087934
11.45,47.71,0.09187181208731308,0.028213811908837344
11.48,47.71,0.08983432176122126,0.025462740107933236
11.51,47.71,0.09054510660700679,0.025489582963621804
11.54,47.71,0.09367968792996023,0.02481270842619047
11.57,47.71,0.09978532332077042,0.027691655498200234
11.6,47.71,0.10377487079749116,0.028300731551536017
11.63,47.71,0.10706667020553735,0.02904438742775709
11.66,47.71,0.1142047032888105,0.03157026684200227
11.690000000000001,47.71,0.11877990176892414,0.03412647342958618
11.72,47.71,0.12255917979703983,0.03413423909086748
11.75,47.71,0.12430019308544404,0.035242146819903335
11.780000000000001,47.71,0.12307403487661549,0.03557972889725196
11.81,47.71,0.11928876815657329,0.03440802726676928
11.84,47.71,0.11912837989781674,0.03616833430138536
11.870000000000001,47.71,0.11480948127298708,0.03438698162936495
11.9,47.71,0.11259357009691376,0.033850280728024956
11.93,47.71,0.10999655415579444,0.031883861570525036
11.96,47.71,0.10746379787007511,0.026656316005984147
11.99,47.71,0.10693534224462152,0.02404073467269524
12.02,47.71,0.10916215220908278,0.025018419377173518
12.05,47.71,0.11775312738466197,0.03230618029945402
12.08,47.71,0.13235235776592488,0.052009770805685536
12.11,47.71,0.15141266971394554,0.07515261551247093
12.14,47.71,0.17300977141335022,0.10073449016111598
12.17,47.71,0.18401506032564782,0.11483688049756934
12.26,47.71,0.13722065662025745,0.06344002344754862
12.29,47.71,0.12057928440925011,0.045353886231686374
12.32,47.71,0.11004249339651301,0.03357621710564777
12.35,47.71,0.10385238776594945,0.027617792079726974
12.38,47.71,0.10067289655492458,0.024860216887450576
12.41,47.71,0.09938456934816355,0.024177170836039805
12.440000000000001,47.71,0.09803815102891077,0.023670079600729158
12.47,47.71,0.09747607057100857,0.022994885439592883
12.5,47.71,0.09671353675661858,0.0233139195396361
12.530000000000001,47.71,0.09455987179537062,0.023134592686225197
12.56,47.71,0.09086294583978337,0.024096041250872006
12.59,47.71,0.08799489081362508,0.023675752169166415
12.620000000000001,47.71,0.08689467404101238,0.024659509602826882
12.65,47.71,0.08419633521270065,0.024789607861762063
12.68,47.71,0.08376061940560127,0.02626862730670748
12.71,47.71,0.08572007664264394,0.02888333548614725
12.74,47.71,0.09106863783715179,0.03504793377855364
12.77,47.71,0.10067753246067497,0.048509278931900886
12.8,47.71,0.12070936991444081,0.07632109181956749
12.83,47.71,0.1451096763472624,0.10542940758624636
12.86,47.71,0.15556407869136182,0.11993971731472595
12.89,47.71,0.14063541487817363,0.09833610995823719
12.92,47.71,0.12061242115652658,0.0635770496364367
13.01,47.71,0.16524411616664714,0.08042181495812087
10.13,47.74,0.14924996835651622,0.03730419014219014
10.16,47.74,0.14314764531520738,0.035366239703716836
10.190000000000001,47.74,0.13768695483499202,0.031556714355153885
10.22,47.74,0.13210545594819417,0.03004473390861183
10.25,47.74,0.12842984345102304,0.02916462042605314
10.280000000000001,47.74,0.1238290247978379,0.027688848410726774
10.31,47.74,0.11997126696111668,0.027310088371484565
10.34,47.74,0.11631523931765243,0.025271299649311057
10.370000000000001,47.74,0.11310818243046754,0.023738708215335417
10.4,47.74,0.11050958212432184,0.021656831883665437
10.43,47.74,0.10946238634069866,0.021604146428621514
10.46,47.74,0.10901082897154055,0.021356528384721008
10.49,47.74,0.10879824545625798,0.022443930686211373
10.52,47.74,0.10883565500781357,0.023637876152527805
10.55,47.74,0.10873993764239716,0.02438829757349076
10.58,47.74,0.10801969641942374,0.024836097908174405
10.61,47.74,0.10702057421375566,0.026099170533577524
10.64,47.74,0.10651563098965475,0.02698662230538714
10.67,47.74,0.10441218368379786,0.027113574368613363
10.7,47.74,0.10259567565818806,0.02773827107852324
10.73,47.74,0.10076273802184856,0.0277970783429008
10.76,47.74,0.09882933553643221,0.02851997020159117
10.790000000000001,47.74,0.09680914455899414,0.027334795174737712
10.82,47.74,0.09467723010732444,0.0251011944533914
10.85,47.74,0.09437881515862102,0.025125179359206926
10.88,47.74,0.09377380114637544,0.02510338340445244
10.91,47.74,0.09367378553731626,0.0271635262753728
10.940000000000001,47.74,0.09366933421747793,0.025495542955029857
10.97,47.74,0.09161704846599643,0.023042765588116985
11,47.74,0.08964593413901129,0.021859015511735327
11.030000000000001,47.74,0.08935720272859159,0.022902392931511233
11.06,47.74,0.09035037741678288,0.025844586738243226
11.09,47.74,0.09267131596243046,0.029354550482736826
11.120000000000001,47.74,0.09790792810843761,0.037390230494633483
11.15,47.74,0.1045712150770697,0.04813332567006032
11.18,47.74,0.0990569381100194,0.04366243917509693
11.21,47.74,0.08940800663250863,0.040786657953703974
11.24,47.74,0.08981544479495082,0.035640334632508076
11.27,47.74,0.08787764823548391,0.029410627739671246
11.3,47.74,0.08857056455307065,0.030306195147685868
11.33,47.74,0.09066307161718219,0.03137209039636921
11.36,47.74,0.09140581651705744,0.03093047934352862
11.39,47.74,0.0910947619449419,0.028749143798048032
11.42,47.74,0.08966332148289997,0.026305361283296986
11.45,47.74,0.08819235314257282,0.023571810314845506
11.48,47.74,0.08949652597430438,0.02339874442041553
11.51,47.74,0.09464617086430241,0.0278416467220746
11.54,47.74,0.09763550000624428,0.02664447107366428
11.57,47.74,0.10377421500929564,0.02842914064149282
11.6,47.74,0.10841528361921446,0.031108556469059814
11.63,47.74,0.11384069637142906,0.03223336580494179
11.66,47.74,0.11900092061786484,0.03310130219820537
11.690000000000001,47.74,0.1232588801963975,0.03366927673444961
11.72,47.74,0.12678164702290373,0.034990020459399127
11.75,47.74,0.13216764773764975,0.037189548903362735
11.780000000000001,47.74,0.130286322316806,0.037976664582151376
11.81,47.74,0.12435176588866295,0.036208971374258374
11.84,47.74,0.12148632348355841,0.036196343820358474
11.870000000000001,47.74,0.1169454969120458,0.036888727464696035
11.9,47.74,0.11376021537595901,0.035054866483605715
11.93,47.74,0.11089801628017137,0.03331109527216044
11.96,47.74,0.10885785770316728,0.02763845640530393
11.99,47.74,0.1071033643331386,0.02555255005793776
12.02,47.74,0.10831695877641306,0.024250485220832094
12.05,47.74,0.11395598462004104,0.02880787446898331
12.08,47.74,0.1234845550936847,0.03940968164778021
12.11,47.74,0.13407053431248786,0.05228371678186019
12.14,47.74,0.1441433954895841,0.0655684360422129
12.17,47.74,0.14783969504211017,0.0720306046333853
12.2,47.74,0.14330659307081248,0.06767859468449534
12.23,47.74,0.13211534509652678,0.0557637542837546
12.26,47.74,0.12257262279564597,0.04493471251441129
12.29,47.74,0.11294145522718729,0.035056721054178536
12.32,47.74,0.10680701996490223,0.02843336360715265
12.35,47.74,0.10272484456517345,0.02508928279643731
12.38,47.74,0.10137628492244016,0.024411938147144246
12.41,47.74,0.10136353121815492,0.02460467125109158
12.440000000000001,47.74,0.10039086384034357,0.02446157652570468
12.47,47.74,0.10014552727098493,0.024345454627234583
12.5,47.74,0.09915084927400615,0.023696660850356235
12.530000000000001,47.74,0.0975046741337717,0.023075261037280453
12.56,47.74,0.0933237280640309,0.024294666595756676
12.59,47.74,0.09033648281111242,0.025185102133216855
12.620000000000001,47.74,0.0872719218749351,0.02537131194783297
12.65,47.74,0.08626158752766741,0.02487530191193991
12.68,47.74,0.08491870716540767,0.026005234987425154
12.71,47.74,0.08551024258129698,0.027343406730895865
12.74,47.74,0.08935966121376057,0.031799965898810074
12.77,47.74,0.09688888027716644,0.04274274071704832
12.8,47.74,0.11487879044854149,0.06613043554661967
12.83,47.74,0.13795024208571985,0.09471279279405809
12.86,47.74,0.14461179602265428,0.10073526764742813
12.89,47.74,0.13218008814172416,0.08442226109358744
10.1,47.77,0.1619082159862352,0.04113928433759217
10.13,47.77,0.15797754575665093,0.03942376942936887
10.16,47.77,0.15222798358949474,0.03644782265337759
10.190000000000001,47.77,0.1465824074570497,0.03513440674194586
10.22,47.77,0.14117370203360186,0.0325221549940985
10.25,47.77,0.13595376699321143,0.033107740332893584
10.280000000000001,47.77,0.12979578873329575,0.03257271925354007
10.31,47.77,0.12508728074059552,0.030322589238048175
10.34,47.77,0.12009039078742631,0.02764576683389318
10.370000000000001,47.77,0.11630747187133295,0.02483021063178687
10.4,47.77,0.11310293346120599,0.02219363180795409
10.43,47.77,0.11135141685042067,0.022021441635913
10.46,47.77,0.11085064133902871,0.02167686433079174
10.49,47.77,0.11127047595946674,0.022705144499067364
10.52,47.77,0.11182239856121154,0.024558526612888078
10.55,47.77,0.11125819868962787,0.024662699588296994
10.58,47.77,0.11160518538384191,0.026124116318552888
10.61,47.77,0.11180752382655729,0.02700767646309536
10.64,47.77,0.11065562357658229,0.02694633302042108
10.67,47.77,0.1100181819003773,0.026901290797275806
10.7,47.77,0.10894824465066029,0.02702454736725689
10.73,47.77,0.10697946711029481,0.0276662964476561
10.76,47.77,0.10552292095621091,0.028300261929548487
10.790000000000001,47.77,0.10350960548056072,0.027776514916778926
10.82,47.77,0.10295570383223017,0.028169938113357426
10.85,47.77,0.10177634320624837,0.0273429244251376
10.88,47.77,0.1039701730868015,0.033994020178992314
10.91,47.77,0.10547331371642958,0.04266599566642222
10.940000000000001,47.77,0.10261946365304003,0.036684500150158936
10.97,47.77,0.09814681633681774,0.027611128574727476
11,47.77,0.09436482987790594,0.023142897165397032
11.030000000000001,47.77,0.09413862808273006,0.023714762885470825
11.06,47.77,0.09644179542686422,0.026470563424655702
11.09,47.77,0.10186527374004037,0.03190133310102375
11.120000000000001,47.77,0.11716334427039142,0.050536145977972874
11.15,47.77,0.1391755661715662,0.06978970914500227
11.18,47.77,0.12355378936895497,0.06011579294579997
11.21,47.77,0.09651912658252529,0.038813438883552646
11.24,47.77,0.0872667602093501,0.029343868318844862
11.27,47.77,0.08483431169144484,0.025897368762996722
11.3,47.77,0.08458743331391694,0.024946805821336387
11.33,47.77,0.08502092438079871,0.024197678140887382
11.36,47.77,0.0858289497542689,0.02346386750467559
11.39,47.77,0.08646102854489048,0.022697939393585248
11.42,47.77,0.08678542398100937,0.022336781950904046
11.45,47.77,0.0880035245730333,0.02227611984867523
11.48,47.77,0.09198909129756742,0.024519658790099645
11.51,47.77,0.09901910111490862,0.02864025435776817
11.54,47.77,0.10352946450205204,0.028098926424354596
11.57,47.77,0.10956046494338983,0.02962075432633774
11.6,47.77,0.11448786076452427,0.030739428390203737
11.63,47.77,0.11831991567207648,0.03224286449693533
11.66,47.77,0.12371284875323575,0.03349870009778587
11.690000000000001,47.77,0.12761972283167636,0.03497606733676213
11.72,47.77,0.13319974111176736,0.03723909449042931
11.75,47.77,0.1359736280212142,0.03888274329173996
11.780000000000001,47.77,0.1375990310491459,0.03980580822349969
11.81,47.77,0.13425503422717017,0.04103954036281155
11.84,47.77,0.1260963056019556,0.03899097667824606
11.870000000000001,47.77,0.11993884005004886,0.0379822246341677
11.9,47.77,0.11843807736104421,0.03726390439489752
11.93,47.77,0.11163969375292798,0.03044999850158809
11.96,47.77,0.11203364414115852,0.031630134767988274
11.99,47.77,0.1092944432544811,0.028529895873377793
12.02,47.77,0.10987588298382343,0.0262022022454508
12.05,47.77,0.11404209032462437,0.031575459453904796
12.08,47.77,0.12203574959723924,0.04056497904677513
12.11,47.77,0.12590470639143406,0.044622801341486204
12.14,47.77,0.1283901731057471,0.05181064553393642
12.17,47.77,0.12642840947202214,0.050462628032749084
12.2,47.77,0.12224062685421583,0.04450303776603417
12.23,47.77,0.11769237956397394,0.03904247431625724
12.26,47.77,0.11294285940364476,0.03326798868252158
12.29,47.77,0.10932365782108894,0.02870363074566863
12.32,47.77,0.10601783208500071,0.026520130153434334
12.35,47.77,0.10383884429858117,0.024962370996632403
12.38,47.77,0.10381090713554919,0.02516291918645208
12.41,47.77,0.10474479659834518,0.025927960523498654
12.440000000000001,47.77,0.10498099166118242,0.026468240734717475
12.47,47.77,0.10451334899551201,0.02692158963375306
12.5,47.77,0.10332291642126995,0.02536453446122565
12.530000000000001,47.77,0.100871915262074,0.02423128269425866
12.56,47.77,0.09794069756078107,0.02518144777163383
12.59,47.77,0.09505125586918774,0.025627087168530002
12.620000000000001,47.77,0.09067303492601952,0.02645966390420763
12.65,47.77,0.08762123571776792,0.02642991179492338
12.68,47.77,0.08576306892987083,0.02580165011036028
12.71,47.77,0.08602621680908852,0.025771162376540573
12.74,47.77,0.08699012847171961,0.02820007982006333
12.77,47.77,0.0910398465863285,0.03298118054397036
12.8,47.77,0.10075553237021767,0.042711283022791514
12.83,47.77,0.11212667517451497,0.05470144598224633
12.86,47.77,0.11796685856425297,0.061045632477391476
12.89,47.77,0.11288627267976374,0.054057314727076554
12.92,47.77,0.10365155562594401,0.04334731594081661
10.1,47.800000000000004,0.16946902525860286,0.04308254957254705
10.13,47.800000000000004,0.167939015372255,0.042837498837585614
10.16,47.800000000000004,0.16280548316550633,0.04168946996023301
10.190000000000001,47.800000000000004,0.15661949585245832,0.039195783281927854
10.22,47.800000000000004,0.15104260126300445,0.0384759122952885
10.25,47.800000000000004,0.14521731394296847,0.04105764518064996
10.280000000000001,47.800000000000004,0.13860802915305775,0.042039658544029836
10.31,47.800000000000004,0.1321752898960849,0.038817473662816696
10.34,47.800000000000004,0.1243616686476514,0.03220832530291689
10.370000000000001,47.800000000000004,0.11948546683360205,0.02639464241162892
10.4,47.800000000000004,0.11622846819728322,0.024147048367986187
10.43,47.800000000000004,0.11377679297471359,0.022815726556470427
10.46,47.800000000000004,0.11390452340083669,0.02315429882444935
10.49,47.800000000000004,0.11409762916032189,0.023971237940786795
10.52,47.800000000000004,0.11511027967853014,0.02573790642568125
10.55,47.800000000000004,0.11506056466306414,0.025959034936707825
10.58,47.800000000000004,0.11554143191265683,0.027197611867567854
10.61,47.800000000000004,0.11625605901190925,0.029082448976524847
10.64,47.800000000000004,0.11660406045261375,0.029099003881209028
10.67,47.800000000000004,0.1163718881004767,0.02838284509469317
10.7,47.800000000000004,0.11508025680367173,0.02867805765607802
10.73,47.800000000000004,0.11527782587758872,0.030167305463669185
10.76,47.800000000000004,0.11377289743525086,0.03032124990925898
10.790000000000001,47.800000000000004,0.11243279811392254,0.029093534256577253
10.82,47.800000000000004,0.11073441502004423,0.028773475100367894
10.85,47.800000000000004,0.11187013925242133,0.031343394273447935
10.88,47.800000000000004,0.1177947172954,0.042977388917450024
10.91,47.800000000000004,0.12394536237823907,0.05975965017913723
10.940000000000001,47.800000000000004,0.11786235188592023,0.04914481811693168
10.97,47.800000000000004,0.10693326185293078,0.03271557168213578
11,47.800000000000004,0.10210456103010179,0.025949721869289784
11.030000000000001,47.800000000000004,0.10101889002597661,0.02608987485894891
11.06,47.800000000000004,0.10546900745193007,0.029710246065767453
11.09,47.800000000000004,0.11553300088571951,0.04069975711870146
11.120000000000001,47.800000000000004,0.1219175997492129,0.04396635921054735
11.15,47.800000000000004,0.1314856234114875,0.05112603004559605
11.18,47.800000000000004,0.13935604248284159,0.071424884565052
11.21,47.800000000000004,0.10737988302428898,0.038299376287976666
11.24,47.800000000000004,0.09421336961177958,0.029402089467186913
11.27,47.800000000000004,0.08840332851763891,0.025857743209029463
11.3,47.800000000000004,0.08481139365779847,0.02266642933354888
11.33,47.800000000000004,0.08509959802380891,0.02181433851168306
11.36,47.800000000000004,0.08548427063808207,0.021128754749179263
11.39,47.800000000000004,0.08713875763520501,0.021622466044833904
11.42,47.800000000000004,0.08877452789482566,0.02310116863044155
11.45,47.800000000000004,0.09172800143878944,0.024093550683365147
11.48,47.800000000000004,0.09996011386522037,0.030748410573167916
11.51,47.800000000000004,0.1086307845739118,0.033709627531438975
11.54,47.800000000000004,0.11118852241165221,0.03160268954512851
11.57,47.800000000000004,0.11792173442495532,0.03181971580848622
11.6,47.800000000000004,0.11947749087662812,0.0322308989532916
11.63,47.800000000000004,0.12390083632818011,0.03318081033242528
11.66,47.800000000000004,0.1277969013127525,0.03544042974643498
11.690000000000001,47.800000000000004,0.13123170508236762,0.03692904608957439
11.72,47.800000000000004,0.13641798209484704,0.038697533680109183
11.75,47.800000000000004,0.14068847989534652,0.040011902037197906
11.780000000000001,47.800000000000004,0.14211901687181536,0.042095561324175954
11.81,47.800000000000004,0.14444161532662084,0.045186209969244474
11.84,47.800000000000004,0.14028702536450643,0.04523008639780042
11.870000000000001,47.800000000000004,0.12510313826054173,0.039615996361723936
11.9,47.800000000000004,0.12255809894821512,0.038210389885863554
11.93,47.800000000000004,0.11758848095261644,0.033166586058136736
11.96,47.800000000000004,0.11657326947915245,0.03378828114818298
11.99,47.800000000000004,0.11467151546577707,0.031117067145234
12.02,47.800000000000004,0.11389098684868862,0.02991289004120534
12.05,47.800000000000004,0.11848018428321601,0.043374821818892975
12.08,47.800000000000004,0.12343905498074846,0.05262469842804524
12.11,47.800000000000004,0.12187010892103649,0.045564969445036636
12.14,47.800000000000004,0.11882473053961999,0.04399226746635957
12.17,47.800000000000004,0.11462909746684287,0.03917192707262093
12.2,47.800000000000004,0.11180654900671683,0.03401063511215422
12.23,47.800000000000004,0.10994053060951384,0.030732284007063907
12.26,47.800000000000004,0.1089363384537524,0.02927005931014106
12.29,47.800000000000004,0.10850704448065222,0.028224946437040033
12.32,47.800000000000004,0.1067158803511612,0.02695039875637849
12.35,47.800000000000004,0.10655718520827451,0.02630552164791412
12.38,47.800000000000004,0.10875317981274896,0.027665369313222662
12.41,47.800000000000004,0.11096713849040435,0.02914798106920683
12.440000000000001,47.800000000000004,0.11200121797816769,0.03280514729773015
12.47,47.800000000000004,0.11145306849539692,0.03525712755126549
12.5,47.800000000000004,0.10904277010589344,0.03139299641888133
12.530000000000001,47.800000000000004,0.10562472879481782,0.026445662213545437
12.56,47.800000000000004,0.10269898727678543,0.02729716835183874
12.59,47.800000000000004,0.09890866538000884,0.027785989338990527
12.620000000000001,47.800000000000004,0.09510999625257124,0.02784198111169198
12.65,47.800000000000004,0.09116510386127095,0.02758287907881961
12.68,47.800000000000004,0.08747922321582426,0.026770805598531854
12.71,47.800000000000004,0.08561421426623181,0.026251033058571002
12.74,47.800000000000004,0.08657757197647185,0.027546849003471343
12.77,47.800000000000004,0.08828849106891858,0.029264922784992552
12.8,47.800000000000004,0.09258310887603091,0.03039622964985151
12.83,47.800000000000004,0.09724395627634518,0.03369496891489644
12.86,47.800000000000004,0.10378252045171221,0.041970656844853446
12.89,47.800000000000004,0.1018097389737997,0.03766498628639447
12.92,47.800000000000004,0.09730112141969031,0.03542274643991809
10.13,47.830000000000005,0.17835949890493477,0.04758045284135973
10.16,47.830000000000005,0.17623661538516938,0.0491529435613543
10.190000000000001,47.830000000000005,0.16992643447216127,0.046836484295683406
10.22,47.830000000000005,0.16227062362487638,0.04508232238908448
10.25,47.830000000000005,0.15769620540090765,0.054665220267767614
10.280000000000001,47.830000000000005,0.15120465674903594,0.05990760310533691
10.31,47.830000000000005,0.14037230508362564,0.05150843612111607
10.34,47.830000000000005,0.13089503689529747,0.038793746152802025
10.370000000000001,47.830000000000005,0.1229723260561677,0.02881505392691709
10.4,47.830000000000005,0.11844402323633763,0.02519118545894169
10.43,47.830000000000005,0.11695910961247302,0.02417173513656142
10.46,47.830000000000005,0.11680194899307991,0.024359225864763554
10.49,47.830000000000005,0.11782045930071079,0.025788311296103008
10.52,47.830000000000005,0.11853731605666706,0.02654633033561168
10.55,47.830000000000005,0.11999592750423883,0.029293840372346402
10.58,47.830000000000005,0.12104612020183839,0.032490352839335504
10.61,47.830000000000005,0.12197365257831694,0.03391157192505179
10.64,47.830000000000005,0.12426608604670615,0.03265365310890824
10.67,47.830000000000005,0.12464411532830295,0.03226685602800949
10.7,47.830000000000005,0.12425235074129928,0.03432108563064541
10.73,47.830000000000005,0.12621560240544996,0.04200074494903426
10.76,47.830000000000005,0.12476167882812693,0.03971043562361314
10.790000000000001,47.830000000000005,0.12194882004274388,0.03308348820525448
10.82,47.830000000000005,0.11988940641537503,0.03082687529540708
10.85,47.830000000000005,0.12130471610563562,0.033109945034084355
10.88,47.830000000000005,0.13434359933641885,0.05143594533256636
10.91,47.830000000000005,0.15005973541173484,0.0830581231723602
10.940000000000001,47.830000000000005,0.1432040874500197,0.07133296744428529
10.97,47.830000000000005,0.11774567372916737,0.036589685173586725
11,47.830000000000005,0.1088327634111054,0.027628675570831235
11.030000000000001,47.830000000000005,0.10726228007847159,0.027330559161943255
11.06,47.830000000000005,0.11251280083435698,0.03188743685611114
11.09,47.830000000000005,0.125620689343351,0.0471146176085301
11.120000000000001,47.830000000000005,0.1288827692868994,0.043451288081056506
11.15,47.830000000000005,0.12412690463093215,0.03611211175055837
11.18,47.830000000000005,0.12571686816001365,0.037507987095352927
11.21,47.830000000000005,0.1153867051140459,0.034755223849645515
11.24,47.830000000000005,0.10332432146119144,0.029781983373209225
11.27,47.830000000000005,0.09504370823009119,0.025099883050896138
11.3,47.830000000000005,0.09049206562512291,0.02265656709714724
11.33,47.830000000000005,0.08924238845800297,0.022515397313923675
11.36,47.830000000000005,0.09173996225880861,0.026717632312913075
11.39,47.830000000000005,0.09514202892211601,0.028826987821116
11.42,47.830000000000005,0.09705301734525858,0.030409848512451064
11.45,47.830000000000005,0.1024736368095278,0.03012529535882082
11.48,47.830000000000005,0.11094452828040562,0.03621671504285407
11.51,47.830000000000005,0.12086528844248166,0.03779810827756717
11.54,47.830000000000005,0.12637377982275347,0.03493309111571442
11.57,47.830000000000005,0.1280058024935342,0.034710463419160335
11.6,47.830000000000005,0.13015092659770938,0.03525666715615664
11.63,47.830000000000005,0.1317156904148083,0.035218204533548264
11.66,47.830000000000005,0.13243543746771033,0.03695582376327155
11.690000000000001,47.830000000000005,0.133874763889807,0.03883426778049465
11.72,47.830000000000005,0.13963419483529033,0.040006970734761976
11.75,47.830000000000005,0.146874293807808,0.04264541711237498
11.780000000000001,47.830000000000005,0.15279253129743448,0.04688279512242691
11.81,47.830000000000005,0.15288058819312592,0.04896079374812487
11.84,47.830000000000005,0.14861172318753196,0.048683177135164825
11.870000000000001,47.830000000000005,0.14287702236874866,0.04861544805599051
11.9,47.830000000000005,0.12867980701919557,0.03952137410139487
11.93,47.830000000000005,0.1282806719398384,0.038916643614857825
11.96,47.830000000000005,0.12784976049310068,0.040824228474299805
11.99,47.830000000000005,0.12369327619299894,0.041213640049386636
12.02,47.830000000000005,0.12064124354761609,0.03652155859238419
12.05,47.830000000000005,0.12032661788080479,0.04503647991865131
12.08,47.830000000000005,0.12484292799621666,0.059934788856940036
12.11,47.830000000000005,0.11856514987193693,0.04719402445297518
12.14,47.830000000000005,0.11294306364944504,0.037568627775162684
12.17,47.830000000000005,0.10843994276081052,0.03212503030956779
12.2,47.830000000000005,0.10702053986944253,0.02849124761726162
12.23,47.830000000000005,0.1069094434386194,0.02805803038002721
12.26,47.830000000000005,0.10693909760520082,0.02865946319073197
12.29,47.830000000000005,0.10849110795143052,0.02954355544261687
12.32,47.830000000000005,0.10929064123516076,0.030085206994766682
12.35,47.830000000000005,0.11115362486485084,0.029869994099892303
12.38,47.830000000000005,0.11542088232999703,0.03180244334074012
12.41,47.830000000000005,0.12032067980701878,0.0358641261780124
12.440000000000001,47.830000000000005,0.12248234315275275,0.04258721653125606
12.47,47.830000000000005,0.12192685750070784,0.051534694231193924
12.5,47.830000000000005,0.11685862360339307,0.03957021332178775
12.530000000000001,47.830000000000005,0.11116743316509617,0.032047590898164266
12.56,47.830000000000005,0.10860108074853991,0.0293702779612127
12.59,47.830000000000005,0.10591717410128647,0.030895262961518028
12.620000000000001,47.830000000000005,0.10260774545718793,0.03171836819650172
12.65,47.830000000000005,0.09727014047354411,0.03169018552444803
12.68,47.830000000000005,0.09109139194044588,0.028350327264714627
12.71,47.830000000000005,0.0882754014263572,0.027493590219908853
12.74,47.830000000000005,0.08860940487761844,0.028817794992935117
12.77,47.830000000000005,0.0922812344202189,0.031470771884221344
12.8,47.830000000000005,0.09045094748869077,0.02833004025684934
12.83,47.830000000000005,0.09248092434556132,0.02884574791283797
12.86,47.830000000000005,0.09719965035100224,0.03326232564820664
12.89,47.830000000000005,0.0979247680910674,0.03434232729173373
12.92,47.830000000000005,0.0952330624084863,0.03295436992513521
12.95,47.830000000000005,0.0939455478505291,0.03340305734021029
10.13,47.86,0.1891390052376847,0.053558017840027033
10.16,47.86,0.19041209487956492,0.059161707394013725
10.190000000000001,47.86,0.18506003278053265,0.05813147660923585
10.22,47.86,0.17658122457365424,0.054339480828490966
10.25,47.86,0.17266095795186137,0.07010281462352604
10.280000000000001,47.86,0.16570168762893622,0.08100617531581933
10.31,47.86,0.15126048275844253,0.06578957182588156
10.34,47.86,0.13593832318239216,0.043207711801913296
10.370000000000001,47.86,0.12630039652541164,0.030367717270863702
10.4,47.86,0.1215300731625053,0.026683096039874316
10.43,47.86,0.12001116990982462,0.02644362477032903
10.46,47.86,0.12016086307456722,0.02665806047155465
10.49,47.86,0.12309045676713064,0.02946589928375011
10.52,47.86,0.124691979245351,0.030331642510184543
10.55,47.86,0.12701823314470506,0.03457439495719648
10.58,47.86,0.12842678550574751,0.042338376388524286
10.61,47.86,0.1311387835956452,0.04717667214442855
10.64,47.86,0.13886266008240863,0.044892397531784894
10.67,47.86,0.14024827947518048,0.04672558450238691
10.7,47.86,0.13427246302502985,0.04300316903304942
10.73,47.86,0.14089210408232988,0.06470664544935406
10.76,47.86,0.13922862670734365,0.05606474608778609
10.790000000000001,47.86,0.13325591758375255,0.038344981305864334
10.82,47.86,0.13043643879523417,0.03371490704307976
10.85,47.86,0.12960450866006598,0.032718962207244746
10.88,47.86,0.14212242467152425,0.05016883464876741
10.91,47.86,0.1670083361006004,0.09364643734877293
10.940000000000001,47.86,0.156706700209846,0.08128591495237145
10.97,47.86,0.12689458091111439,0.03722066258335022
11,47.86,0.11659242168718695,0.029689083352314027
11.030000000000001,47.86,0.11470449549294853,0.028666577278971376
11.06,47.86,0.11806251719825446,0.03151532327202942
11.09,47.86,0.12418880715782504,0.03504686735684006
11.120000000000001,47.86,0.12823442778128594,0.03706866391649781
11.15,47.86,0.1393179119094998,0.04762425884497541
11.18,47.86,0.15953740875508798,0.06115262268403994
11.21,47.86,0.13850497836798667,0.046602891841553404
11.24,47.86,0.11485547238111392,0.03299512173515641
11.27,47.86,0.10131394742450046,0.02575673994226026
11.3,47.86,0.09483288861411956,0.02295003871591726
11.33,47.86,0.0957804596224322,0.025066823113861877
11.36,47.86,0.10909053779162059,0.04125918904111202
11.39,47.86,0.11828355887980915,0.05042773938101047
11.42,47.86,0.11291103050559162,0.04141537233145615
11.45,47.86,0.11447021006155741,0.03666936678769602
11.48,47.86,0.12253279610438628,0.03835147009717443
11.51,47.86,0.13102667119094394,0.03984657302099908
11.54,47.86,0.1397993591102621,0.042861063265923885
11.57,47.86,0.14041281402711078,0.039720918328119435
11.6,47.86,0.13828530685368554,0.03689038580366503
11.63,47.86,0.13747234707679365,0.03638655781763956
11.66,47.86,0.13523604347040546,0.037576087316518854
11.690000000000001,47.86,0.1358267269826791,0.04039555975112921
11.72,47.86,0.14533532028395296,0.04491324727949902
11.75,47.86,0.1589908474758235,0.04770335568669224
11.780000000000001,47.86,0.17365092118358494,0.05794951061872353
11.81,47.86,0.1640576175865611,0.0548077595192483
11.84,47.86,0.1553178049409516,0.05319263126715811
11.870000000000001,47.86,0.14981478556585337,0.053916701080509916
11.9,47.86,0.14346422033512496,0.05127176690515995
11.93,47.86,0.1422974352856511,0.04904671491107141
11.96,47.86,0.14030541773351413,0.05613362542485572
11.99,47.86,0.1361492928607138,0.06376271521681559
12.02,47.86,0.1254952468312645,0.04647831541457195
12.05,47.86,0.11926554563405613,0.036169267525358824
12.08,47.86,0.11843248519411236,0.045047915208413766
12.11,47.86,0.11224111029786103,0.03991157469872987
12.14,47.86,0.10873509888944415,0.03370023345409552
12.17,47.86,0.10542668221847154,0.02955642824950721
12.2,47.86,0.10397414402574955,0.025502792368333412
12.23,47.86,0.10498241074857582,0.02733441815168481
12.26,47.86,0.1076035807344591,0.03001771116311639
12.29,47.86,0.11127068823893338,0.034372214910255446
12.32,47.86,0.11473361945392177,0.03686641925301208
12.35,47.86,0.11601175769158202,0.034122350955450804
12.38,47.86,0.12190779260607655,0.03623971898624503
12.41,47.86,0.13166008831426348,0.04704012864699099
12.440000000000001,47.86,0.13252327926251997,0.043343815670290144
12.47,47.86,0.12876983013330903,0.04872826693981089
12.5,47.86,0.12220824006792845,0.03963568061536498
12.530000000000001,47.86,0.11782619543838663,0.03430028676507287
12.56,47.86,0.11875640958866847,0.034288403897320185
12.59,47.86,0.11718224694973892,0.03797334969707316
12.620000000000001,47.86,0.1149556781150546,0.04212726135443295
12.65,47.86,0.10836573316388685,0.040689301337792014
12.68,47.86,0.09662225232799815,0.0322575545786563
12.71,47.86,0.09095308109941763,0.02813848529416131
12.74,47.86,0.09221840593820663,0.02852571147256039
12.77,47.86,0.0954922887838284,0.03137922529225229
12.8,47.86,0.09501270103756623,0.029743748537252073
12.83,47.86,0.09418514386905416,0.030028235174191252
12.86,47.86,0.09477910687713431,0.03101503345868661
12.89,47.86,0.09530195165749186,0.032486289460520575
12.92,47.86,0.09552614644949606,0.03444062550196937
12.95,47.86,0.095311925574899,0.03503516578531932
10.13,47.89,0.20009695600769606,0.060102009917891594
10.16,47.89,0.20305231010820046,0.06735997157735117
10.190000000000001,47.89,0.1973262217741227,0.06610950169748443
10.22,47.89,0.18651061189932633,0.056250665217061305
10.25,47.89,0.18050799991595823,0.07028199035103118
10.280000000000001,47.89,0.17463011277717186,0.08231206288282283
10.31,47.89,0.15524286196902615,0.0649937215994353
10.34,47.89,0.13778460425543743,0.04122097806099457
10.370000000000001,47.89,0.128465444059268,0.030101111076868668
10.4,47.89,0.12364120354823192,0.027463995688455582
10.43,47.89,0.1229312429564337,0.0278432034058078
10.46,47.89,0.12609683664150778,0.03016246344303668
10.49,47.89,0.13193831388527963,0.03588472996031156
10.52,47.89,0.1370555819269425,0.04124761101989083
10.55,47.89,0.13837767170148987,0.04170753127997149
10.58,47.89,0.13924306477211246,0.05166223823120909
10.61,47.89,0.14578977111030172,0.06363294374976783
10.64,47.89,0.15096191888633384,0.054861259773787606
10.67,47.89,0.15909733303224716,0.06565867365398527
10.7,47.89,0.14582402650273557,0.04830697091832045
10.73,47.89,0.15274776257487052,0.06746838208866952
10.76,47.89,0.15526971431744535,0.06651901791115902
10.790000000000001,47.89,0.14610772332439767,0.04442252599505641
10.82,47.89,0.14460905506246463,0.04115696002546071
10.85,47.89,0.137201117049922,0.035969160876242794
10.88,47.89,0.1432677395011205,0.042903791714393714
10.91,47.89,0.15456924826498594,0.053302992792451306
10.940000000000001,47.89,0.14615780684016,0.04753243410448494
10.97,47.89,0.13165773351251842,0.035819551056699206
11,47.89,0.12245532766803958,0.029855071024657013
11.030000000000001,47.89,0.12209456034209258,0.030547792992516146
11.06,47.89,0.1260649203933822,0.03608443915947077
11.09,47.89,0.13155953135000462,0.0390990364632989
11.120000000000001,47.89,0.13732800868748285,0.041171008237112276
11.15,47.89,0.1540070083019682,0.051001854010423384
11.18,47.89,0.1769837372777374,0.06380836893800579
11.21,47.89,0.1578464070597045,0.056185319100244185
11.24,47.89,0.122067471366608,0.03851656865828179
11.27,47.89,0.10568007992735716,0.024465925979261914
11.3,47.89,0.10124463253694845,0.022823199838754017
11.33,47.89,0.10712854046692522,0.026506975714625104
11.36,47.89,0.13661928601140655,0.06259913952221474
11.39,47.89,0.1510402846455909,0.08768078485766989
11.42,47.89,0.1288250872074706,0.046474269005047086
11.45,47.89,0.1286758449330943,0.03802939712540974
11.48,47.89,0.13488180454563511,0.04066275278212624
11.51,47.89,0.14395936183031843,0.04478226271601408
11.54,47.89,0.15649966311891064,0.053664252719378025
11.57,47.89,0.15788731775032416,0.05131095034255147
11.6,47.89,0.1514604317194394,0.045165329747463914
11.63,47.89,0.1443444233711916,0.03962477484673721
11.66,47.89,0.13929398569062318,0.039099391534014226
11.690000000000001,47.89,0.1398495344220636,0.042412244492859505
11.72,47.89,0.1493391418571491,0.04879066281261804
11.75,47.89,0.1717803837447313,0.058595297342326935
11.780000000000001,47.89,0.2108213884115995,0.08363266867926375
11.81,47.89,0.17568384152235741,0.06514003201324302
11.84,47.89,0.16131723430359157,0.060172193169014315
11.870000000000001,47.89,0.15749303062611777,0.05783494927836672
11.9,47.89,0.15047563362032676,0.05491714084380372
11.93,47.89,0.15350904053251238,0.06119108561061014
11.96,47.89,0.1494412857576948,0.06397865518318045
11.99,47.89,0.14108029758676172,0.07175785610963921
12.02,47.89,0.1274357897772274,0.04867771725620246
12.05,47.89,0.11758383124529614,0.03164006775374654
12.08,47.89,0.11075625222509831,0.02922162617983971
12.11,47.89,0.10822158321251103,0.030893280548347883
12.14,47.89,0.10555700495797675,0.02982903442700859
12.17,47.89,0.10425075260446767,0.02768098946851997
12.2,47.89,0.10458648786807483,0.02660360135976087
12.23,47.89,0.10444912865984535,0.025884525880269373
12.26,47.89,0.1077566348796348,0.030166122905280028
12.29,47.89,0.11367150344417924,0.03825426303659392
12.32,47.89,0.11999574458957214,0.04543177075042543
12.35,47.89,0.11978975024080991,0.03591679090299306
12.38,47.89,0.12356641473030695,0.0338985018299769
12.41,47.89,0.1318193300489204,0.039694448944885136
12.440000000000001,47.89,0.13341175566651897,0.03698810127372846
12.47,47.89,0.1323691821927085,0.04249356923661308
12.5,47.89,0.13004137952881079,0.04144253679996545
12.530000000000001,47.89,0.1273336708500006,0.03620100400009191
12.56,47.89,0.13261042862400238,0.04291773875702191
12.59,47.89,0.13344279766934658,0.0551533017830313
12.620000000000001,47.89,0.1265048289031926,0.057843299220097275
12.65,47.89,0.11592467168164236,0.05102813143782733
12.68,47.89,0.10121073802442113,0.03536025925627143
12.71,47.89,0.09391316034278287,0.029086916103253774
12.74,47.89,0.0940728878909872,0.02813440504536753
12.77,47.89,0.09833988993627783,0.03110735831342694
12.8,47.89,0.10364754256118816,0.03704360291347032
12.83,47.89,0.10224269283310525,0.03692194757272386
12.86,47.89,0.09899346908735528,0.03363831484461487
12.89,47.89,0.09950455200041719,0.038162822508603415
12.92,47.89,0.10082180768544581,0.04391371068423761
12.95,47.89,0.10017131363864563,0.043231670847424325
10.13,47.92,0.21136869870919858,0.07030498496479982
10.16,47.92,0.2070380520130658,0.06713926260347347
10.190000000000001,47.92,0.1989069265606822,0.06060293187716796
10.22,47.92,0.18750662712264649,0.05375484066005349
10.25,47.92,0.18182091350847565,0.05689433142218934
10.280000000000001,47.92,0.1685901080631854,0.0574624555648706
10.31,47.92,0.15346585930620313,0.0464312582764397
10.34,47.92,0.13953955140830548,0.034086645315670315
10.370000000000001,47.92,0.12918018374782309,0.027235848132189794
10.4,47.92,0.12502512463945936,0.027120416465131733
10.43,47.92,0.12560496469674912,0.028745628191739685
10.46,47.92,0.1302058669464286,0.03213894007673744
10.49,47.92,0.14115076569129417,0.042831021041604744
10.52,47.92,0.1538054525465396,0.06268725152116511
10.55,47.92,0.1534643602840399,0.055932074105220636
10.58,47.92,0.15339266133532783,0.05514047959977782
10.61,47.92,0.1790401292873632,0.07623693485766093
10.64,47.92,0.17320337639970887,0.07089051353355078
10.67,47.92,0.13935901587559218,0.04373387171393306
10.7,47.92,0.1419228052782384,0.04161240421714958
10.73,47.92,0.14383105731581686,0.05189470907986186
10.76,47.92,0.16147782615452255,0.06941459826080446
10.790000000000001,47.92,0.16070788012798118,0.05486319762589115
10.82,47.92,0.16685284382846188,0.055998011451861666
10.85,47.92,0.14500753147889117,0.03989023493570977
10.88,47.92,0.14733144154959407,0.04472532617155548
10.91,47.92,0.15681791056363778,0.05130059333246052
10.940000000000001,47.92,0.15542495895944985,0.05760551647754858
10.97,47.92,0.1420533157092799,0.04222368503118426
11,47.92,0.13048637460919352,0.02975919245741374
11.030000000000001,47.92,0.13021248184825243,0.03242938278596854
11.06,47.92,0.13802472576855887,0.050019618762461755
11.09,47.92,0.15036780512694076,0.06734160085013277
11.120000000000001,47.92,0.15247499944453485,0.05372970426410423
11.15,47.92,0.1807029536591204,0.08531750215632049
11.18,47.92,0.1808924679196113,0.0886896072675272
11.21,47.92,0.1404151773223349,0.052401799122156874
11.24,47.92,0.11957058058636914,0.034097550520098927
11.27,47.92,0.1095365796148205,0.022950416007179616
11.3,47.92,0.11480268614163813,0.028169330220352316
11.33,47.92,0.12357104034914176,0.03670413741643972
11.36,47.92,0.1457212911042525,0.05465706533270494
11.39,47.92,0.14640050506754565,0.05570625745193574
11.42,47.92,0.14043539663277058,0.04509891330452461
11.45,47.92,0.13702399716418392,0.03841704466084857
11.48,47.92,0.1414441327644457,0.042074723320491544
11.51,47.92,0.15467744347804105,0.04579770161651211
11.54,47.92,0.1691392576517555,0.053927010698981495
11.57,47.92,0.1850618642758934,0.07759800899307054
11.6,47.92,0.17752376550741186,0.0681990809885724
11.63,47.92,0.1558086021831788,0.04884567463842226
11.66,47.92,0.1452520569591973,0.03981668694520545
11.690000000000001,47.92,0.14508528907967885,0.044357775154744865
11.72,47.92,0.1564143780840771,0.05426434368398131
11.75,47.92,0.18011589726405228,0.07354690664020933
11.780000000000001,47.92,0.2149383232729445,0.08310354204557567
11.81,47.92,0.18467058418510998,0.08235694607362454
11.84,47.92,0.172007278856079,0.06844245624336401
11.870000000000001,47.92,0.16599244236597765,0.062326884609701635
11.9,47.92,0.1532916420821841,0.05507310396325438
11.93,47.92,0.1497206122605899,0.05144127567373327
11.96,47.92,0.14644798180540713,0.05003830470090089
11.99,47.92,0.13587831422465266,0.04652630672372862
12.02,47.92,0.12665620372792757,0.03774011568145408
12.05,47.92,0.11660237382276864,0.030539427852873183
12.08,47.92,0.11033208160679205,0.025731386244940414
12.11,47.92,0.10728388743639436,0.026032728145209356
12.14,47.92,0.10585060684281143,0.02728007883173784
12.17,47.92,0.10658829867985445,0.027727530362429025
12.2,47.92,0.10557028509042378,0.027735597334814656
12.23,47.92,0.10525313824642639,0.02658081147465884
12.26,47.92,0.10787743309460548,0.027868613653058254
12.29,47.92,0.11213438911032776,0.033189557509648374
12.32,47.92,0.11705485407716984,0.03692275793791351
12.35,47.92,0.11861031885190748,0.03253232440851533
12.38,47.92,0.12276415775692334,0.030514098227012895
12.41,47.92,0.1290518487131959,0.034090269776983484
12.440000000000001,47.92,0.13581475035136908,0.04394072093653928
12.47,47.92,0.1574372439398337,0.05896378143407473
12.5,47.92,0.15112703088508123,0.05206440268806678
12.530000000000001,47.92,0.14152569255991124,0.0461487142757145
12.56,47.92,0.14025243118458658,0.0494812560839749
12.59,47.92,0.14308652026293323,0.06899220752438154
12.620000000000001,47.92,0.1280427204927376,0.06141633516948115
12.65,47.92,0.11442704122361978,0.051552225707566325
12.68,47.92,0.10421126192267567,0.03784393801437864
12.71,47.92,0.0992186767890859,0.03407023585239321
12.74,47.92,0.09810109527434045,0.030768482073713962
12.77,47.92,0.10355704194168201,0.033388611277296046
12.8,47.92,0.11181553215597302,0.04267334188690388
12.83,47.92,0.11340896317759443,0.04497083611858072
12.86,47.92,0.1057526088399713,0.0372008679996865
12.89,47.92,0.10719237982037776,0.048969340717570566
12.92,47.92,0.10807276870216323,0.05814016953110839
10.1,47.95,0.22883899302420732,0.08823616212303773
10.13,47.95,0.2267587075315865,0.08887081800167498
10.16,47.95,0.20973248001808723,0.0772089602756991
10.190000000000001,47.95,0.19645001299126913,0.06172821603709822
10.22,47.95,0.1869101880416689,0.051720085255981436
10.25,47.95,0.1769761948453134,0.05078344363112755
10.280000000000001,47.95,0.16462919664435385,0.04327526419342203
10.31,47.95,0.1535678987762958,0.037346461259742614
10.34,47.95,0.1426795622080748,0.032701720299437236
10.370000000000001,47.95,0.13124308598955803,0.027992426737645286
10.4,47.95,0.12734202999953895,0.027515181569594958
10.43,47.95,0.12880154979156633,0.03006636433286357
10.46,47.95,0.13579210881528364,0.03409100561583503
10.49,47.95,0.1455842369776413,0.04227008300882306
10.52,47.95,0.15758091414507241,0.062273416916642385
10.55,47.95,0.15900740952286324,0.05927937830266191
10.58,47.95,0.17005142883240862,0.0653319651508703
10.61,47.95,0.2288257134188079,0.11277984784308791
10.64,47.95,0.2224376358439636,0.10073960561163013
10.67,47.95,0.15152193045097187,0.05162691478028738
10.7,47.95,0.1337202740430096,0.03609074994533424
10.73,47.95,0.1458354648588318,0.043203638267675745
10.76,47.95,0.1620792052219051,0.07305310824580696
10.790000000000001,47.95,0.15621945675807664,0.05333626335269106
10.82,47.95,0.16235675950525408,0.04991685103233053
10.85,47.95,0.14691077543219097,0.03844495665513019
10.88,47.95,0.149029113182389,0.042792618778126734
10.91,47.95,0.17076077207855467,0.07459613710146423
10.940000000000001,47.95,0.17041884093961357,0.07073946431042243
10.97,47.95,0.14960196706036827,0.04313121373881848
11,47.95,0.13580059884999185,0.02945369581501271
11.030000000000001,47.95,0.134856086525045,0.032613783718856856
11.06,47.95,0.14471430644330777,0.04919588315442143
11.09,47.95,0.15311195711932296,0.0657181229243187
11.120000000000001,47.95,0.15149155891451963,0.050784804950900236
11.15,47.95,0.1615113534307052,0.07038610032591534
11.18,47.95,0.1530175439542182,0.06903686450689768
11.21,47.95,0.12348043736642718,0.038949215607545745
11.24,47.95,0.12249320271742467,0.03485745686249856
11.27,47.95,0.11803709203051466,0.029846556629219506
11.3,47.95,0.13919828158240233,0.03998613611007273
11.33,47.95,0.127786171089071,0.031541080112665425
11.36,47.95,0.12782268689297727,0.034710607507196525
11.39,47.95,0.13538171004438815,0.038223218574595784
11.42,47.95,0.14159559044086148,0.04001965221518228
11.45,47.95,0.1468564322796376,0.04282140581807104
11.48,47.95,0.1558076578587715,0.047507556317062695
11.51,47.95,0.1655806057548159,0.04888225881786769
11.54,47.95,0.1904850039411061,0.06949642667673857
11.57,47.95,0.185842074212406,0.06796391220722957
11.6,47.95,0.17790848019800531,0.06284098016022817
11.63,47.95,0.16321359553326145,0.04753407061643119
11.66,47.95,0.1521414322928178,0.03778828221933186
11.690000000000001,47.95,0.15240064534856998,0.043970103300860604
11.72,47.95,0.16930770019487154,0.059415950048697125
11.75,47.95,0.20208972910608433,0.08423826680840062
11.780000000000001,47.95,0.24073805243113547,0.11172377102613566
11.81,47.95,0.21346438331057874,0.09582402663447395
11.84,47.95,0.19059814450175885,0.0769541934414282
11.870000000000001,47.95,0.17399061429676146,0.06164280432476033
11.9,47.95,0.15676275494951103,0.052860760470753256
11.93,47.95,0.14584928802077196,0.04252675689850261
11.96,47.95,0.14041762188200257,0.04079552364525352
11.99,47.95,0.13504062698033595,0.03974469261763475
12.02,47.95,0.131289241039572,0.03874841080458352
12.05,47.95,0.12359730861354891,0.028982690608165294
12.08,47.95,0.12096149619408227,0.029551863053843525
12.11,47.95,0.11366969925235486,0.028061465497368564
12.14,47.95,0.11626604916437189,0.03412811500114377
12.17,47.95,0.11256233960507915,0.03034027835138742
12.2,47.95,0.11035459750365632,0.030527766921897372
12.23,47.95,0.10822636688442387,0.027422266321650988
12.26,47.95,0.10796756995817665,0.026767171946690562
12.29,47.95,0.10953352153646295,0.026748564023936543
12.32,47.95,0.11314637705741973,0.028285614372485404
12.35,47.95,0.11662903606201311,0.02944973322048427
12.38,47.95,0.1256417866694526,0.03259369237802884
12.41,47.95,0.13695047843235947,0.039096420640812916
12.440000000000001,47.95,0.14473594811188062,0.04459990747891046
12.47,47.95,0.1653425505953285,0.05334340198108916
12.5,47.95,0.16612799616998264,0.054408564603940814
12.530000000000001,47.95,0.14359456272714005,0.04937528218523074
12.56,47.95,0.14216640039259995,0.055302070544163376
12.59,47.95,0.13421762148077887,0.04977617547624639
12.620000000000001,47.95,0.12040496985860598,0.0461102519880422
12.65,47.95,0.11054356442064044,0.04424528364283653
12.68,47.95,0.10726976559224125,0.04251003758352612
12.71,47.95,0.10454234444284441,0.03912486217904476
12.74,47.95,0.10342047939391788,0.03311404675584227
12.77,47.95,0.106866145399197,0.03187719039042498
12.8,47.95,0.11275817497706533,0.03612449199244616
12.83,47.95,0.11299188066479549,0.03741639568813676
12.86,47.95,0.11067554824834788,0.03685302858703604
12.89,47.95,0.11167315871766352,0.05185756082981993
10.13,47.980000000000004,0.2355436946785746,0.1042977861938775
10.16,47.980000000000004,0.21918667971070863,0.08817071892428341
10.190000000000001,47.980000000000004,0.20221514702758037,0.07146646884356134
10.22,47.980000000000004,0.18618357583474276,0.050037694258701144
10.25,47.980000000000004,0.17665960863651464,0.043703790920479074
10.280000000000001,47.980000000000004,0.16842350207200174,0.04379730794915964
10.31,47.980000000000004,0.1601945263366369,0.04700392905434641
10.34,47.980000000000004,0.14978584167338105,0.041716931373804715
10.370000000000001,47.980000000000004,0.13860319912016394,0.032238935052352216
10.4,47.980000000000004,0.13024896749029508,0.028653994975570477
10.43,47.980000000000004,0.1318132369485332,0.031444906817808024
10.46,47.980000000000004,0.14008168618972477,0.03425193660396488
10.49,47.980000000000004,0.14954689863186366,0.04147314720961636
10.52,47.980000000000004,0.1587938386012735,0.07056073578583362
10.55,47.980000000000004,0.16501025229817948,0.08489124569940329
10.58,47.980000000000004,0.17191337223725556,0.06952696367411013
10.61,47.980000000000004,0.21769630156301914,0.11929893626595003
10.64,47.980000000000004,0.2033848524021084,0.09171846548717111
10.67,47.980000000000004,0.17005338747017917,0.05607866103221813
10.7,47.980000000000004,0.14541124470402073,0.041097730659864495
10.73,47.980000000000004,0.15047267345654286,0.04673124675657213
10.76,47.980000000000004,0.14249266176316963,0.038719666463982845
10.790000000000001,47.980000000000004,0.13938680310054488,0.03798932746849566
10.82,47.980000000000004,0.1429551668745397,0.03901626574307575
10.85,47.980000000000004,0.1434371789110241,0.03935591492267787
10.88,47.980000000000004,0.15444088961032174,0.047272056716519184
10.91,47.980000000000004,0.18196660978464582,0.0875049427548925
10.940000000000001,47.980000000000004,0.1820083452655969,0.0835238554633613
10.97,47.980000000000004,0.15783575810394954,0.049681443228379134
11,47.980000000000004,0.14222250348985338,0.030661360942661947
11.030000000000001,47.980000000000004,0.14248567990609054,0.02902375128384348
11.06,47.980000000000004,0.14621229438501665,0.033801444472418694
11.09,47.980000000000004,0.14821584156816178,0.03621739466154503
11.120000000000001,47.980000000000004,0.1438840614364367,0.03617214637527433
11.15,47.980000000000004,0.14010818204395753,0.04124862960959606
11.18,47.980000000000004,0.1306725978819874,0.03950015452352503
11.21,47.980000000000004,0.11915638782890917,0.030742713189804854
11.24,47.980000000000004,0.11873655121463138,0.03848701146265179
11.27,47.980000000000004,0.13399991522675775,0.05362202750103605
11.3,47.980000000000004,0.15424150692234187,0.044114013499357875
11.33,47.980000000000004,0.13439085106523063,0.03240770389696806
11.36,47.980000000000004,0.13934928524821902,0.03677982890567802
11.39,47.980000000000004,0.14521501209700696,0.04075500177944012
11.42,47.980000000000004,0.15453950276023556,0.045187557333615805
11.45,47.980000000000004,0.16612643595780996,0.05184128565997335
11.48,47.980000000000004,0.18784874413329347,0.07815408170200606
11.51,47.980000000000004,0.1727621212490587,0.050231424916542325
11.54,47.980000000000004,0.1872085169805323,0.06541821104782451
11.57,47.980000000000004,0.20788346025262333,0.11560928519854201
11.6,47.980000000000004,0.17626197723531314,0.04534492222270424
11.63,47.980000000000004,0.17079787106284036,0.04019522537889077
11.66,47.980000000000004,0.16731244400159287,0.036824639916128124
11.690000000000001,47.980000000000004,0.16807154698303126,0.04628463121124319
11.72,47.980000000000004,0.18216094357673274,0.05897420131441617
11.75,47.980000000000004,0.21562096285401086,0.08372796002665958
11.780000000000001,47.980000000000004,0.250813097662047,0.10441104322950599
11.81,47.980000000000004,0.22591692286713103,0.08914655706413913
11.84,47.980000000000004,0.2032738951586321,0.07482392528406571
11.870000000000001,47.980000000000004,0.18369131093960805,0.05981938675378486
11.9,47.980000000000004,0.16397108177223088,0.04996458412759285
11.93,47.980000000000004,0.1459186326037509,0.039659149971194574
11.96,47.980000000000004,0.14073443527522997,0.0373931260375802
11.99,47.980000000000004,0.1342159596510137,0.03443883009537837
12.02,47.980000000000004,0.1346638631083249,0.03700635162792063
12.05,47.980000000000004,0.13392483930163115,0.03657899556297567
12.08,47.980000000000004,0.1354258607226966,0.039843598007750905
12.11,47.980000000000004,0.13278876090327968,0.043119799293764464
12.14,47.980000000000004,0.1282718171900834,0.039918156362569
12.17,47.980000000000004,0.12400530904289796,0.03946562597740745
12.2,47.980000000000004,0.11919038447631092,0.03657140601552899
12.23,47.980000000000004,0.11458943202827247,0.03319369728383614
12.26,47.980000000000004,0.11008435993272109,0.027551936512521476
12.29,47.980000000000004,0.10909557255803154,0.025522720160605764
12.32,47.980000000000004,0.11082949654189024,0.025209268163583348
12.35,47.980000000000004,0.1169786464288842,0.02857632649550116
12.38,47.980000000000004,0.12645423191230118,0.03414081708130109
12.41,47.980000000000004,0.14097489308318675,0.04164915852703825
12.440000000000001,47.980000000000004,0.15052869378114375,0.04293796066186399
12.47,47.980000000000004,0.1643154417474755,0.062386353347341585
12.5,47.980000000000004,0.15662569698514164,0.052693406700607716
12.530000000000001,47.980000000000004,0.15106523314054612,0.06711473179202279
12.56,47.980000000000004,0.17762035502808796,0.12843209848262885
12.59,47.980000000000004,0.13595124080958693,0.05895669361072643
12.620000000000001,47.980000000000004,0.1183554182357824,0.03829868831434697
12.65,47.980000000000004,0.11227613500384849,0.03597014026344222
12.68,47.980000000000004,0.11070051817032489,0.03785613250693902
12.71,47.980000000000004,0.10921525465033338,0.03710439614472968
12.74,47.980000000000004,0.11043477830609388,0.033249377074266145
12.77,47.980000000000004,0.11378517287011353,0.032416106129913205
12.8,47.980000000000004,0.12240109435066045,0.035172041206767354
12.83,47.980000000000004,0.12135919448220028,0.03951276236371137
10.13,48.010000000000005,0.22834640771096776,0.09744325974721507
10.16,48.010000000000005,0.21848736702210594,0.0812937561285024
10.190000000000001,48.010000000000005,0.20340646606897084,0.06456197130203202
10.22,48.010000000000005,0.18801477507580455,0.04613637553070186
10.25,48.010000000000005,0.1798362942293768,0.042074398410476666
10.280000000000001,48.010000000000005,0.17852365833320538,0.052233648144830794
10.31,48.010000000000005,0.1737268306011461,0.06803244344956606
10.34,48.010000000000005,0.15983652752809166,0.05438593859696949
10.370000000000001,48.010000000000005,0.1440379714009869,0.036262274845197943
10.4,48.010000000000005,0.1363824797394589,0.030073275930442168
10.43,48.010000000000005,0.13584982121645178,0.03024217011291731
10.46,48.010000000000005,0.14470412104004762,0.03422415471579259
10.49,48.010000000000005,0.1562542596031138,0.04144998144591027
10.52,48.010000000000005,0.159786138419208,0.053050631549542815
10.55,48.010000000000005,0.1580136112529365,0.059408874504650086
10.58,48.010000000000005,0.15896009473629905,0.05239427117085576
10.61,48.010000000000005,0.1670362849333708,0.060614663639559065
10.64,48.010000000000005,0.16818500343234635,0.054719817656553774
10.67,48.010000000000005,0.16687119043389498,0.05220885627299567
10.7,48.010000000000005,0.1467818006531963,0.04016050950492883
10.73,48.010000000000005,0.1360576837333093,0.033015123132743476
10.76,48.010000000000005,0.13335471306234042,0.031978192283338265
10.790000000000001,48.010000000000005,0.13654690953252316,0.03612415554532468
10.82,48.010000000000005,0.14481111270436872,0.03923000444238122
10.85,48.010000000000005,0.15779957259929112,0.045025579406921055
10.88,48.010000000000005,0.17341623940871323,0.053376106393067314
10.91,48.010000000000005,0.19687249480861688,0.08844590644665591
10.940000000000001,48.010000000000005,0.20635250138575792,0.1155659387906538
10.97,48.010000000000005,0.17121970552447038,0.06495791750768143
11,48.010000000000005,0.15148109565631745,0.033234455103623634
11.030000000000001,48.010000000000005,0.15487236199494736,0.032978461742156684
11.06,48.010000000000005,0.15550346126763537,0.03377155044373895
11.09,48.010000000000005,0.15496173784075282,0.03391667110691678
11.120000000000001,48.010000000000005,0.14802133286728694,0.03135698544984748
11.15,48.010000000000005,0.14296770803273284,0.0330928019390122
11.18,48.010000000000005,0.1362355007747969,0.031072424480252
11.21,48.010000000000005,0.12898957267719705,0.026660315652693268
11.24,48.010000000000005,0.12519456135717957,0.032217361532861366
11.27,48.010000000000005,0.13735783494620638,0.04723673527453593
11.3,48.010000000000005,0.1541899810975953,0.051151661890250506
11.33,48.010000000000005,0.15799011279176936,0.04654012926055121
11.36,48.010000000000005,0.17157201594086294,0.05462700491949639
11.39,48.010000000000005,0.17726086091531637,0.05772238159498639
11.42,48.010000000000005,0.17702849798969464,0.06341600024379922
11.45,48.010000000000005,0.18045544873768987,0.05846004377269924
11.48,48.010000000000005,0.18850826297644932,0.0590999296867564
11.51,48.010000000000005,0.1729401001091146,0.052402217754697784
11.54,48.010000000000005,0.19505518872450847,0.10669402685382588
11.57,48.010000000000005,0.1918080456441518,0.06394225167700214
11.6,48.010000000000005,0.21435644294829492,0.06805221752520989
11.63,48.010000000000005,0.1933403037967745,0.04153725293461318
11.66,48.010000000000005,0.20031624683283702,0.04288526774023171
11.690000000000001,48.010000000000005,0.20865235917510955,0.06242473916444769
11.72,48.010000000000005,0.20699147067879062,0.07256425720843615
11.75,48.010000000000005,0.2186500424681505,0.074259260101073
11.780000000000001,48.010000000000005,0.2413735850047688,0.09446225470186595
11.81,48.010000000000005,0.25083752786079305,0.11130088431834337
11.84,48.010000000000005,0.21724268879773984,0.08011832569683337
11.870000000000001,48.010000000000005,0.19109304235807525,0.060147125385575886
11.9,48.010000000000005,0.1736247277486672,0.04866902020062337
11.93,48.010000000000005,0.15782559415609912,0.03795187239011263
11.96,48.010000000000005,0.15092658143163803,0.03582854660922872
11.99,48.010000000000005,0.14618015509839266,0.04151070888874545
12.02,48.010000000000005,0.14282909389142656,0.041908847897779634
12.05,48.010000000000005,0.14163358791062816,0.04265159312935364
12.08,48.010000000000005,0.14599332754098812,0.04767303928425034
12.11,48.010000000000005,0.149658405381372,0.0504524342492218
12.14,48.010000000000005,0.15332051993912918,0.05624093648345751
12.17,48.010000000000005,0.14716362963144483,0.0611282550001743
12.2,48.010000000000005,0.1346277757685895,0.05048345695765123
12.23,48.010000000000005,0.1255729024847947,0.04020875001680392
12.26,48.010000000000005,0.11761250373505601,0.033231947318792594
12.29,48.010000000000005,0.11191532563237926,0.025904236643754998
12.32,48.010000000000005,0.1124764526339703,0.024962804171518464
12.35,48.010000000000005,0.11571262190444857,0.02796691693906394
12.38,48.010000000000005,0.12342122093972978,0.032156895308231424
12.41,48.010000000000005,0.13111473864295253,0.03518407805484159
12.440000000000001,48.010000000000005,0.13661799464732025,0.03692673716323444
12.47,48.010000000000005,0.1391799402149968,0.04082132357297067
12.5,48.010000000000005,0.13680569262795403,0.043173265414676476
12.530000000000001,48.010000000000005,0.13945271618382918,0.05597148462983281
12.56,48.010000000000005,0.14688140193509308,0.07328071130284315
12.59,48.010000000000005,0.13125178269452165,0.047350063347286905
12.620000000000001,48.010000000000005,0.12311591306557151,0.03468273010338153
12.65,48.010000000000005,0.11911103714636871,0.03659226937144871
12.68,48.010000000000005,0.12047187470769583,0.03640802546688449
12.71,48.010000000000005,0.11999914091071058,0.03500083305270874
12.74,48.010000000000005,0.12084577221014045,0.03404956378990466
12.77,48.010000000000005,0.12167609775921716,0.034257379823783414
12.8,48.010000000000005,0.12640090031039503,0.03826411619084768
12.83,48.010000000000005,0.12772561219068945,0.04275042592270578
10.16,48.040000000000006,0.2138572023799882,0.05691251124054564
10.190000000000001,48.040000000000006,0.2075279871640951,0.04746874081689555
10.22,48.040000000000006,0.193960673060363,0.0428516674300243
10.25,48.040000000000006,0.18631364655863672,0.04050900403611943
10.280000000000001,48.040000000000006,0.18440906952141964,0.04830200677928332
10.31,48.040000000000006,0.180905165618103,0.06251245478964203
10.34,48.040000000000006,0.1648604028768597,0.05154602635196586
10.370000000000001,48.040000000000006,0.14907092446131628,0.03557351350376037
10.4,48.040000000000006,0.14149229887643455,0.030234220432915095
10.43,48.040000000000006,0.1397846913864595,0.030891013690940862
10.46,48.040000000000006,0.15010953303918742,0.036151817656310314
10.49,48.040000000000006,0.16842036874991742,0.04647175192506164
10.52,48.040000000000006,0.1670353390985755,0.044367551170812175
10.55,48.040000000000006,0.1617212977284937,0.047921701132847334
10.58,48.040000000000006,0.1714474387370129,0.06318374714776565
10.61,48.040000000000006,0.1712170201368495,0.054042856944755094
10.64,48.040000000000006,0.17736303337086037,0.05866941371223641
10.67,48.040000000000006,0.18486130625196961,0.07481094696864797
10.7,48.040000000000006,0.15760966606164808,0.0518592485328679
10.73,48.040000000000006,0.14077943702414067,0.035367862779715306
10.76,48.040000000000006,0.1391179957673489,0.03505769814241311
10.790000000000001,48.040000000000006,0.15248991740039972,0.04910835685133047
10.82,48.040000000000006,0.1721028282185128,0.058345986408045
10.85,48.040000000000006,0.19487251986955106,0.05706741333582265
10.88,48.040000000000006,0.23378567410677165,0.07594819321812232
10.91,48.040000000000006,0.20426548920637647,0.06101002820746937
10.940000000000001,48.040000000000006,0.19738466338379293,0.07242971908454222
10.97,48.040000000000006,0.17624189537827983,0.05440733005232063
11,48.040000000000006,0.16360300730755192,0.03757950884382843
11.030000000000001,48.040000000000006,0.16192194900811815,0.03694023953700136
11.06,48.040000000000006,0.16712312630280815,0.044104821217450546
11.09,48.040000000000006,0.16966149287786095,0.04409643468958156
11.120000000000001,48.040000000000006,0.16330922605169584,0.037583222606364104
11.15,48.040000000000006,0.15935753291348567,0.039099167796686936
11.18,48.040000000000006,0.1603731831382109,0.03593619882027579
11.21,48.040000000000006,0.16123871655465338,0.04316770197520501
11.24,48.040000000000006,0.15043896463575743,0.0377789670450871
11.27,48.040000000000006,0.16776622884248385,0.052183764121576194
11.3,48.040000000000006,0.18562324878581396,0.07642539076771691
11.33,48.040000000000006,0.2119695824211132,0.0903865181270767
11.36,48.040000000000006,0.24427974740540467,0.09496084515988379
11.39,48.040000000000006,0.2409148683784212,0.1009371228645806
11.42,48.040000000000006,0.22127080176070757,0.11335637069274739
11.45,48.040000000000006,0.19139118530860463,0.07191780529086737
11.48,48.040000000000006,0.1829828215603482,0.050625345102677084
11.51,48.040000000000006,0.1949163548992603,0.055021855374757823
11.54,48.040000000000006,0.18602812583511186,0.057678063317372595
11.57,48.040000000000006,0.18754783272800213,0.05172322065782321
11.6,48.040000000000006,0.21811363940118,0.05407449583481723
11.63,48.040000000000006,0.2664648478428867,0.085573580073931
11.66,48.040000000000006,0.23466273965609996,0.05049445086416733
11.690000000000001,48.040000000000006,0.259735418833781,0.08213347570728206
11.72,48.040000000000006,0.26727113748250964,0.09556385411403691
11.75,48.040000000000006,0.25942536888108364,0.07538710151542602
11.780000000000001,48.040000000000006,0.27823477293540666,0.10154521770539365
11.81,48.040000000000006,0.28523689515309486,0.14311795982430198
11.84,48.040000000000006,0.2366700740462873,0.07910531763585868
11.870000000000001,48.040000000000006,0.20736600691022836,0.05596856604977555
11.9,48.040000000000006,0.19785564641013648,0.05030237487050726
11.93,48.040000000000006,0.18663349727599038,0.04714438491342425
11.96,48.040000000000006,0.1710428323046011,0.04112620147453903
11.99,48.040000000000006,0.1621673355898998,0.04719455349008581
12.02,48.040000000000006,0.1585010471438227,0.049675024072529154
12.05,48.040000000000006,0.15650423112251527,0.05354348238800991
12.08,48.040000000000006,0.15465091601639142,0.05166862102749305
12.11,48.040000000000006,0.1640761964899703,0.05884506727300571
12.14,48.040000000000006,0.18050009906513356,0.07414559215605535
12.17,48.040000000000006,0.17579493605984048,0.08348005251905023
12.2,48.040000000000006,0.15156638314665197,0.06736197162249699
12.23,48.040000000000006,0.1401150190753926,0.05710858109966123
12.26,48.040000000000006,0.12555010334752512,0.04085577934862604
12.29,48.040000000000006,0.11614642796081266,0.02626941876674037
12.32,48.040000000000006,0.11449910215022063,0.024716580625405698
12.35,48.040000000000006,0.1164481428357249,0.02667204880764489
12.38,48.040000000000006,0.12130189066320334,0.0287964146488423
12.41,48.040000000000006,0.12465995575869157,0.03064876498680681
12.440000000000001,48.040000000000006,0.12683524138613533,0.03154672348992117
12.47,48.040000000000006,0.12690748399597648,0.03205611090780442
12.5,48.040000000000006,0.1263090296639654,0.033343931309547735
12.530000000000001,48.040000000000006,0.1279127326436929,0.03874487131620793
12.56,48.040000000000006,0.13251929030343626,0.04355801605386384
12.59,48.040000000000006,0.133836679970003,0.04086843259780516
12.620000000000001,48.040000000000006,0.13366477598413026,0.038557131976912955
12.65,48.040000000000006,0.1336822486981741,0.03906652325349053
12.68,48.040000000000006,0.13532480642450262,0.039147832065599145
12.71,48.040000000000006,0.13597582049505022,0.03873105172363969
12.74,48.040000000000006,0.1363120402849268,0.03626783167056566
12.77,48.040000000000006,0.13285435998691164,0.035315410795006934
10.16,48.07,0.2190436888015538,0.04602808273727546
10.190000000000001,48.07,0.2192598049677896,0.04752905529600574
10.22,48.07,0.20743735901860455,0.04564575819465226
10.25,48.07,0.19452240985328992,0.04164278021065076
10.280000000000001,48.07,0.1870972874435366,0.03879419292508059
10.31,48.07,0.18101182420932077,0.04086922981126842
10.34,48.07,0.167888257381397,0.03804611950940118
10.370000000000001,48.07,0.15546145855168136,0.03338760432243918
10.4,48.07,0.14746153243101537,0.03209185143770413
10.43,48.07,0.14375551638906733,0.0314479537547046
10.46,48.07,0.151325502633098,0.039816119084284944
10.49,48.07,0.16339940084260568,0.04972115978984975
10.52,48.07,0.1703775842080049,0.06156662604468072
10.55,48.07,0.18348526330582265,0.09059800858383316
10.58,48.07,0.19155334268119686,0.08824983462387552
10.61,48.07,0.18900293862577353,0.07148305145004391
10.64,48.07,0.20545626720886034,0.08040208304455705
10.67,48.07,0.18531662608316526,0.06801483762974865
10.7,48.07,0.16379130190047325,0.04764871082125002
10.73,48.07,0.15335006100470464,0.03855841895592497
10.76,48.07,0.15755525577013518,0.04532839730114663
10.790000000000001,48.07,0.18276130143842492,0.0865918300261858
10.82,48.07,0.21450367314336602,0.11887512003031883
10.85,48.07,0.2362489988383326,0.07581697857925926
10.88,48.07,0.3042522292720165,0.14037653877478648
10.91,48.07,0.2356952972777987,0.07785677256575309
10.940000000000001,48.07,0.19502228997946416,0.05567670442008973
10.97,48.07,0.18186283770534456,0.04754997155867883
11,48.07,0.1713290562789416,0.038410100764876394
11.030000000000001,48.07,0.17337440874487933,0.04634668720192427
11.06,48.07,0.17829194064767545,0.04958794652161707
11.09,48.07,0.19955088862969556,0.08070197201206485
11.120000000000001,48.07,0.18972021942641792,0.07045724108954893
11.15,48.07,0.1764127645216139,0.04815188114777003
11.18,48.07,0.1797892410502028,0.04723155869522349
11.21,48.07,0.19618998295009785,0.08475079772089816
11.24,48.07,0.1808074398536283,0.04570534228851198
11.27,48.07,0.20888627714623256,0.07135550810906682
11.3,48.07,0.21676996273481208,0.08420084104645435
11.33,48.07,0.24087203978746669,0.10325431397311843
11.36,48.07,0.2648645980279394,0.09601388623698784
11.39,48.07,0.3124905450275307,0.14901685399465492
11.42,48.07,0.25996384854494703,0.13097626110913055
11.45,48.07,0.20965803496878033,0.07399674277685156
11.48,48.07,0.19452235198578371,0.05434941621866065
11.51,48.07,0.20712365042510153,0.06876828908637883
11.54,48.07,0.21315869045156022,0.08834973562171104
11.57,48.07,0.20929638483427165,0.06130191685341586
11.6,48.07,0.25520237924175915,0.06785118836558093
11.63,48.07,0.2856953943203102,0.06931667388647936
11.66,48.07,0.28327286998208134,0.06635908481203455
11.690000000000001,48.07,0.31641769516611884,0.07922907762598702
11.72,48.07,0.32326908804816323,0.08252119926424335
11.75,48.07,0.32021984276357934,0.080992856578621375
11.780000000000001,48.07,0.3009801622845767,0.07024482819031598
11.81,48.07,0.28659096704634174,0.0738143159537494
11.84,48.07,0.2605432400257104,0.0649646125726082
11.870000000000001,48.07,0.23414049349665833,0.05577442736385954
11.9,48.07,0.21999606757212142,0.05419462590454321
11.93,48.07,0.20412480045692352,0.05628587576409217
11.96,48.07,0.18996261563315345,0.055516672958579774
11.99,48.07,0.18151898490442248,0.05639120185634712
12.02,48.07,0.1763199780979124,0.0571934809160055
12.05,48.07,0.1723804268358648,0.06090958885082935
12.08,48.07,0.1656951188383479,0.05993766577936808
12.11,48.07,0.17450608172159338,0.06709028984171976
12.14,48.07,0.1961092658956794,0.09756485048355039
12.17,48.07,0.192860412860411,0.101929268756907
12.2,48.07,0.15918743175415886,0.0715843087278662
12.23,48.07,0.14346454958826255,0.055849079767177644
12.26,48.07,0.12983457795041298,0.040240081297290196
12.29,48.07,0.12094656443622329,0.026794356739687945
12.32,48.07,0.11964932169690586,0.02566146388301498
12.35,48.07,0.12006729513729027,0.02598770787034144
12.38,48.07,0.12292863862638445,0.027494639111312957
12.41,48.07,0.12754291512401758,0.03239318406286181
12.440000000000001,48.07,0.1317985270741042,0.04097587082528945
12.47,48.07,0.12926028953112836,0.03544300415313466
12.5,48.07,0.12974024649646868,0.03220638269212527
12.530000000000001,48.07,0.13444658304258342,0.037324521194768215
12.56,48.07,0.1438874626273541,0.048726684920789486
12.59,48.07,0.15221335567427724,0.05396938131684303
12.620000000000001,48.07,0.15558290113581003,0.04639954480437849
12.65,48.07,0.1538828699342332,0.043393087316558505
12.68,48.07,0.1559193533302494,0.04325722123515816
12.71,48.07,0.15231471847964662,0.04257498875350013
12.74,48.07,0.14873594361111048,0.039711181883449326
10.16,48.1,0.23581194256916188,0.05384315085544837
10.190000000000001,48.1,0.24344103898420127,0.058844771122430285
10.22,48.1,0.2285037344830352,0.0538197918522884
10.25,48.1,0.20712812404931646,0.04431343287495297
10.280000000000001,48.1,0.1939977937637982,0.03969791869995929
10.31,48.1,0.18708687267600724,0.039408042137458445
10.34,48.1,0.17886927688763463,0.04004636550997411
10.370000000000001,48.1,0.16577800794646247,0.03662618929319231
10.4,48.1,0.15562255875858605,0.034109146895012245
10.43,48.1,0.1503122932238311,0.03380395654264985
10.46,48.1,0.1530573918886289,0.0457186293462729
10.49,48.1,0.16337448082175351,0.06757468362974352
10.52,48.1,0.1783403625906097,0.0992461956314382
10.55,48.1,0.20463049157518035,0.16649575242311487
10.58,48.1,0.19643897285420595,0.10532838439215306
10.61,48.1,0.1915734953709471,0.0779414267967879
10.64,48.1,0.20662419046596625,0.10130227465191936
10.67,48.1,0.19199963814241677,0.07185441065323027
10.7,48.1,0.17328043111856717,0.04725517078347457
10.73,48.1,0.17109691221672682,0.04208528351183146
10.76,48.1,0.18317856946232583,0.048402962975831076
10.790000000000001,48.1,0.2090593033401502,0.0808275958356792
10.82,48.1,0.23951302288004653,0.10472329250548305
10.85,48.1,0.26064660681017504,0.07275624544298324
10.88,48.1,0.2921246919804536,0.09848702124030771
10.91,48.1,0.24035662289853274,0.07028758963129245
10.940000000000001,48.1,0.20706519357242484,0.0579151979086432
10.97,48.1,0.1911408025703836,0.05028236477884767
11,48.1,0.18180469654191037,0.042348729331976975
11.030000000000001,48.1,0.18570465866402855,0.047000741484733335
11.06,48.1,0.1942427151508653,0.05720082254127397
11.09,48.1,0.2012189487288299,0.05638029460720289
11.120000000000001,48.1,0.19264220297180212,0.05149190713119194
11.15,48.1,0.2039963064286161,0.06983486190600796
11.18,48.1,0.20641511830046103,0.045823676215148323
11.21,48.1,0.1938772830208452,0.04211806772352143
11.24,48.1,0.2003382776494661,0.04573395121602464
11.27,48.1,0.21304414657169587,0.05133779337013163
11.3,48.1,0.23027527460338196,0.079441584667229
11.33,48.1,0.23773799593860653,0.06458600981711617
11.36,48.1,0.2581909913863934,0.06147679130551255
11.39,48.1,0.26877194267109206,0.06807820615670267
11.42,48.1,0.254422154354554,0.07144000868793565
11.45,48.1,0.2338502201349266,0.06577673965710674
11.48,48.1,0.2160227731225807,0.06251091587422947
11.51,48.1,0.21361024830316544,0.07441499326801977
11.54,48.1,0.2552909468926444,0.13318779111373819
11.57,48.1,0.24836205348491133,0.08440896148229966
11.6,48.1,0.25884384291450746,0.05642938859034603
11.63,48.1,0.3127594905946074,0.08251251131993245
11.66,48.1,0.4095259889945912,0.11528927996804171
11.690000000000001,48.1,0.39408671267321255,0.09381795774825595
11.72,48.1,0.37505545551603503,0.0837020289356893
11.75,48.1,0.34798485336313073,0.0778332363514224
11.780000000000001,48.1,0.3238321742553621,0.0735090916789172
11.81,48.1,0.3093861232158652,0.08643817592427001
11.84,48.1,0.27698721915485564,0.08051407688606849
11.870000000000001,48.1,0.24487882185467447,0.05599478956564618
11.9,48.1,0.22700027110524068,0.05521381320257308
11.93,48.1,0.22861964044881425,0.07674188058108246
11.96,48.1,0.21822803177738803,0.06901046658744069
11.99,48.1,0.20534517356380527,0.07251322575725412
12.02,48.1,0.19653071651846551,0.06937680389907587
12.05,48.1,0.1895892765873239,0.07467899749614722
12.08,48.1,0.17418357791618289,0.06517855748870599
12.11,48.1,0.1681596098060672,0.06684570342615938
12.14,48.1,0.1822305255198367,0.08895676105505687
12.17,48.1,0.17848828986109108,0.0869322828282768
12.2,48.1,0.15247453783587753,0.057855198443248976
12.23,48.1,0.13708728283133292,0.042698979166423186
12.26,48.1,0.13033908617012663,0.032639028555631944
12.29,48.1,0.12981204399981197,0.02945857480249218
12.32,48.1,0.13114604858382073,0.02814870457605631
12.35,48.1,0.13235492188872178,0.028291311446904388
12.38,48.1,0.1329211279280526,0.02988280176653673
12.41,48.1,0.13700418656262836,0.037940270257827945
12.440000000000001,48.1,0.14522649429338608,0.05786257645486799
12.47,48.1,0.1425854662656214,0.04679147243371567
12.5,48.1,0.13802081574103456,0.03423559647642829
12.530000000000001,48.1,0.1474326552551476,0.0412355341894321
12.56,48.1,0.17151330155595224,0.06686836593886915
12.59,48.1,0.19176949631128992,0.08508322212534615
12.620000000000001,48.1,0.17304272242740218,0.05451653213852637
12.65,48.1,0.17597582992623473,0.04893571470024763
12.68,48.1,0.18963905103211787,0.06449052065002597
12.71,48.1,0.17817127220218268,0.05772060235498813
10.13,48.13,0.2293967975468006,0.0513954751295029
10.16,48.13,0.26349427541710996,0.061104259765052765
10.190000000000001,48.13,0.2879474107547798,0.07863579223528282
10.22,48.13,0.24984982221838165,0.06026030761915837
10.25,48.13,0.21635733363187634,0.04458707088389963
10.280000000000001,48.13,0.20747810852067308,0.04358741095553246
10.31,48.13,0.20414218430182848,0.04753286700794506
10.34,48.13,0.19604031291029747,0.045738384981905536
10.370000000000001,48.13,0.18335213570777856,0.04313697819488982
10.4,48.13,0.16932914181744863,0.03652317231540918
10.43,48.13,0.15872265702692057,0.035024128159994054
10.46,48.13,0.15680038236606275,0.03934490559923319
10.49,48.13,0.1607368254821368,0.052875287515815404
10.52,48.13,0.1731370898751801,0.08367215580856281
10.55,48.13,0.18771669199056934,0.11781701486743275
10.58,48.13,0.1888916819864133,0.08493984638572329
10.61,48.13,0.18905568216788288,0.06818603466887221
10.64,48.13,0.19923321036043878,0.08139340429509753
10.67,48.13,0.20281796062591403,0.08135751378577151
10.7,48.13,0.19076131381658085,0.051463506298173096
10.73,48.13,0.19240518007076204,0.04470433238190219
10.76,48.13,0.20952187185075344,0.05089577322481241
10.790000000000001,48.13,0.2344880074596664,0.07129479198288168
10.82,48.13,0.2542324075993747,0.07045805293941128
10.85,48.13,0.2797082027816219,0.07876629244289021
10.88,48.13,0.2866944183023804,0.08138890049083396
10.91,48.13,0.2413477906979905,0.0694858512629171
10.940000000000001,48.13,0.21580600964166793,0.05816106663341012
10.97,48.13,0.210727911167867,0.05480632849486431
11,48.13,0.20720603494232392,0.0532980249615928
11.030000000000001,48.13,0.19964336282105616,0.051151377764468264
11.06,48.13,0.2169998544902411,0.062290678722791065
11.09,48.13,0.22705680014181778,0.06589102264757256
11.120000000000001,48.13,0.23993402236507486,0.06955842658425211
11.15,48.13,0.22457210068363773,0.05756289920551411
11.18,48.13,0.24011644093887366,0.060986224839552065
11.21,48.13,0.23816624022948144,0.0790904310224118
11.24,48.13,0.261725794483657,0.08809693259031683
11.27,48.13,0.29538940061557584,0.1164740248370294
11.3,48.13,0.24508358992998341,0.05756505265273674
11.33,48.13,0.2679631320369634,0.07024075431706908
11.36,48.13,0.31608652351735683,0.073039559333496
11.39,48.13,0.3413052784117602,0.07933819711343283
11.42,48.13,0.3172459164562672,0.1324821812381656
11.45,48.13,0.2817474631585802,0.0872277763477031
11.48,48.13,0.2571286687666421,0.07622425002303662
11.51,48.13,0.2411508466971668,0.07175382706787407
11.54,48.13,0.2462134178984649,0.06869632884394052
11.57,48.13,0.2565573749165309,0.059117216033440945
11.6,48.13,0.2898162319349699,0.06358636527635608
11.63,48.13,0.35508924094822514,0.08518078314055709
11.66,48.13,0.47588930180852385,0.1296074439234449
11.690000000000001,48.13,0.4428231180524858,0.10780825007333264
11.72,48.13,0.4033144396362745,0.10452208429488943
11.75,48.13,0.3583337124384117,0.07383665072272344
11.780000000000001,48.13,0.32791957512829945,0.07287905466497116
11.81,48.13,0.29225135066291086,0.06752122385685501
11.84,48.13,0.26430192751136167,0.059917435101935174
11.870000000000001,48.13,0.24489365702885035,0.05734947506147592
11.9,48.13,0.23017679592214077,0.054988353874765854
11.93,48.13,0.23706992226337478,0.06394768234370035
11.96,48.13,0.2409897397385181,0.07680162079474279
11.99,48.13,0.22439846966333032,0.0694410169425563
12.02,48.13,0.20292739408889482,0.06755018310302442
12.05,48.13,0.18874589488328702,0.061375616278369294
12.08,48.13,0.17518668251949146,0.05787912049031492
12.11,48.13,0.1628985277132431,0.06081492043731747
12.14,48.13,0.16062107437565934,0.06531096558527823
12.17,48.13,0.15707573384795867,0.061491976565461424
12.2,48.13,0.14907506274469207,0.054114546284246626
12.23,48.13,0.13903429191879668,0.041500792998471876
12.26,48.13,0.13667741148198506,0.03368717469634714
12.29,48.13,0.14286301624686443,0.03663331063962578
12.32,48.13,0.14756833179416945,0.03755330414941076
12.35,48.13,0.15024863423978338,0.03565168428658557
12.38,48.13,0.14957631933816726,0.03695016746567517
12.41,48.13,0.15108756352683506,0.04124926400108817
12.440000000000001,48.13,0.15504400985160402,0.04555794084474237
12.47,48.13,0.15728763984647115,0.04622170356607085
12.5,48.13,0.15521192819464535,0.04132268611606541
12.530000000000001,48.13,0.16312540310347323,0.04464510433246066
12.56,48.13,0.18636490740377895,0.06931333867761302
12.59,48.13,0.21286316539894423,0.11095023585052144
12.620000000000001,48.13,0.19216275321287327,0.05317215846973739
12.65,48.13,0.20478155813665183,0.06223477910881304
12.68,48.13,0.22094089311456186,0.07917009269307462
12.71,48.13,0.1968283750563511,0.08163601628476293
12.74,48.13,0.17630674026360124,0.05587030007121186
12.77,48.13,0.16989658681751027,0.04202208104583557
10.13,48.160000000000004,0.23417967868288495,0.0635688862196311
10.16,48.160000000000004,0.2624255770491754,0.06260969662717802
10.190000000000001,48.160000000000004,0.2879616105511543,0.06257775502344506
10.22,48.160000000000004,0.2447043011756478,0.05123120804647997
10.25,48.160000000000004,0.21908447589887117,0.043809163544981856
10.280000000000001,48.160000000000004,0.22627824261607757,0.07670573936768066
10.31,48.160000000000004,0.23209784661055033,0.07746106101887092
10.34,48.160000000000004,0.22253689059338716,0.06648922069040848
10.370000000000001,48.160000000000004,0.2074209365445603,0.05338378775775914
10.4,48.160000000000004,0.1913666539145418,0.046205929004319385
10.43,48.160000000000004,0.1736718063256661,0.03825322917100513
10.46,48.160000000000004,0.16624569494853997,0.03800494061758081
10.49,48.160000000000004,0.16598224466668737,0.042546085615255975
10.52,48.160000000000004,0.1685667270835223,0.05406547331505086
10.55,48.160000000000004,0.17429515151512173,0.06215409546513106
10.58,48.160000000000004,0.17825139138560275,0.055008299235138315
10.61,48.160000000000004,0.1859214324706154,0.05440113139162919
10.64,48.160000000000004,0.1972387417637014,0.06742590918764997
10.67,48.160000000000004,0.20836198885646284,0.07780334141868053
10.7,48.160000000000004,0.20821502455691573,0.05011808696347098
10.73,48.160000000000004,0.22872648853377045,0.05955562018206593
10.76,48.160000000000004,0.2580767388959798,0.07241351366361182
10.790000000000001,48.160000000000004,0.26590539219315473,0.0681120199352742
10.82,48.160000000000004,0.2769493636495402,0.07258068738330643
10.85,48.160000000000004,0.2767190592235658,0.08009496175655088
10.88,48.160000000000004,0.2721116062537033,0.08301315955209074
10.91,48.160000000000004,0.2526546366261857,0.06569995242518274
10.940000000000001,48.160000000000004,0.23679896262294944,0.05928819017203301
10.97,48.160000000000004,0.23888316858182737,0.05432727155130176
11,48.160000000000004,0.25185781619873854,0.06122490901812889
11.030000000000001,48.160000000000004,0.23373744974929253,0.0653963284079872
11.06,48.160000000000004,0.23649955637685868,0.06981210153277977
11.09,48.160000000000004,0.3028798222882002,0.09521099433814463
11.120000000000001,48.160000000000004,0.39955190345613595,0.1219807949865458
11.15,48.160000000000004,0.2599171591838394,0.06838151738149638
11.18,48.160000000000004,0.24560044661270222,0.06887096643488369
11.21,48.160000000000004,0.2521612611294671,0.07605246196082992
11.24,48.160000000000004,0.2501587232659877,0.061606832191281956
11.27,48.160000000000004,0.3023660434383671,0.11533414604428607
11.3,48.160000000000004,0.27045221118810076,0.06326251570011968
11.33,48.160000000000004,0.2672737191909006,0.06562817947993498
11.36,48.160000000000004,0.29933997769389886,0.06657813788523749
11.39,48.160000000000004,0.3786594901933315,0.08992677437858973
11.42,48.160000000000004,0.3224060293796372,0.09009221536947452
11.45,48.160000000000004,0.33358039295672604,0.10448312150877316
11.48,48.160000000000004,0.3037683461763885,0.09393850939084117
11.51,48.160000000000004,0.27726494708775035,0.07161682930314459
11.54,48.160000000000004,0.27338722543184824,0.06834683981325036
11.57,48.160000000000004,0.28778889206101255,0.062409226242331514
11.6,48.160000000000004,0.3148821889064315,0.06811509993365727
11.63,48.160000000000004,0.38581483779811804,0.08607924137000311
11.66,48.160000000000004,0.4205860110758424,0.1323352961924697
11.690000000000001,48.160000000000004,0.3889274516423045,0.08111242423391224
11.72,48.160000000000004,0.38097603279254977,0.07210558469024429
11.75,48.160000000000004,0.40545078896073483,0.08946320137255803
11.780000000000001,48.160000000000004,0.35618776169537014,0.08406222420342137
11.81,48.160000000000004,0.3009942310419866,0.07540187374464775
11.84,48.160000000000004,0.25881042336851173,0.05783581482751566
11.870000000000001,48.160000000000004,0.25020963117587386,0.07086970194393824
11.9,48.160000000000004,0.25800974657344866,0.07189235755983563
11.93,48.160000000000004,0.28421036378359305,0.08161220438074386
11.96,48.160000000000004,0.264852930312097,0.08171157852053972
11.99,48.160000000000004,0.241965954750697,0.07524827472769464
12.02,48.160000000000004,0.22574615173833554,0.08150878945463264
12.05,48.160000000000004,0.1949969245134715,0.06481995346727594
12.08,48.160000000000004,0.17993618074472437,0.056080462648345694
12.11,48.160000000000004,0.16992271116659036,0.06997904704221149
12.14,48.160000000000004,0.16726966818588207,0.06827974497200527
12.17,48.160000000000004,0.15964969883007443,0.058834089614261204
12.2,48.160000000000004,0.1528372650040775,0.05284069539800554
12.23,48.160000000000004,0.14919938056508703,0.04469580154783954
12.26,48.160000000000004,0.15260760957409955,0.04238296456489436
12.29,48.160000000000004,0.16614910355302645,0.05194197874702054
12.32,48.160000000000004,0.17231768558335686,0.055017837292552906
12.35,48.160000000000004,0.17110603214299283,0.046455796848605554
12.38,48.160000000000004,0.17013062623670816,0.04435072729001205
12.41,48.160000000000004,0.17010052244843826,0.049344148423364625
12.440000000000001,48.160000000000004,0.1759204267964783,0.06042732904588029
12.47,48.160000000000004,0.18371882378358015,0.0756679627873301
12.5,48.160000000000004,0.1817742741708067,0.06129326285275849
12.530000000000001,48.160000000000004,0.17696476122683633,0.05212366249811252
12.56,48.160000000000004,0.18368475442786564,0.05133575507784004
12.59,48.160000000000004,0.18468246976278047,0.06055356593886435
12.620000000000001,48.160000000000004,0.18863143839255636,0.04844635852395078
12.65,48.160000000000004,0.21794127722866405,0.05613477153659187
12.68,48.160000000000004,0.22050225395754364,0.07217138491043532
12.71,48.160000000000004,0.2107110758650584,0.08843649813843243
12.74,48.160000000000004,0.18888777176498245,0.06050756388868277
12.77,48.160000000000004,0.18129078290898684,0.046172295161433737
12.8,48.160000000000004,0.20327395827946207,0.10622143451647514
10.1,48.190000000000005,0.23483685368096052,0.0619988032885255
10.13,48.190000000000005,0.2629097590625604,0.0852885224624639
10.16,48.190000000000005,0.2767449502926558,0.08634202677150313
10.190000000000001,48.190000000000005,0.23712278193038736,0.06060169717181686
10.22,48.190000000000005,0.222235793702667,0.043295908660789036
10.25,48.190000000000005,0.216529557424588,0.0460513276945535
10.280000000000001,48.190000000000005,0.2355984565862377,0.09108984062626015
10.31,48.190000000000005,0.25224583211004137,0.10384301127864899
10.34,48.190000000000005,0.2562916760471715,0.1042094939157406
10.370000000000001,48.190000000000005,0.2345415271168564,0.07825655005898763
10.4,48.190000000000005,0.2160579248186802,0.06098978127756561
10.43,48.190000000000005,0.19851655036706026,0.04776894282842988
10.46,48.190000000000005,0.1846341494958112,0.04507435109326004
10.49,48.190000000000005,0.17983816707101774,0.05277906368756967
10.52,48.190000000000005,0.17855592388381117,0.0584405398939185
10.55,48.190000000000005,0.17544068485276054,0.052906654547006784
10.58,48.190000000000005,0.17967767222369135,0.04801938758714449
10.61,48.190000000000005,0.18862831622150836,0.0480572356380381
10.64,48.190000000000005,0.19676915863384858,0.04851792837971688
10.67,48.190000000000005,0.20993150999670657,0.052131365501071586
10.7,48.190000000000005,0.22438246590405986,0.04613487464157402
10.73,48.190000000000005,0.2717064383053224,0.0806257358267206
10.76,48.190000000000005,0.3479800970737475,0.13533192287117646
10.790000000000001,48.190000000000005,0.30154951915752337,0.07143880648910869
10.82,48.190000000000005,0.3257457910500076,0.12385223062464824
10.85,48.190000000000005,0.33557461152477647,0.08807204082487466
10.88,48.190000000000005,0.3245571749679474,0.07625928801166476
10.91,48.190000000000005,0.28954161568758124,0.06419892000932972
10.940000000000001,48.190000000000005,0.28039927062671427,0.06476186873972216
10.97,48.190000000000005,0.27956487805964053,0.06874506047598702
11,48.190000000000005,0.29084657693807864,0.07548353150907412
11.030000000000001,48.190000000000005,0.2923399728373996,0.10657835708758194
11.06,48.190000000000005,0.25798890829223414,0.07167553729512968
11.09,48.190000000000005,0.2853259699157105,0.07954395845558802
11.120000000000001,48.190000000000005,0.3014217517972009,0.07426335086702766
11.15,48.190000000000005,0.26233822881000385,0.05941125595904951
11.18,48.190000000000005,0.22892113995704957,0.048702846204576544
11.21,48.190000000000005,0.24853482731118573,0.06505311458106819
11.24,48.190000000000005,0.25114738719078866,0.058989297355745166
11.27,48.190000000000005,0.27379898965014715,0.0781780206645456
11.3,48.190000000000005,0.28490273666831395,0.07466391294572042
11.33,48.190000000000005,0.27175425078809473,0.06270100119660195
11.36,48.190000000000005,0.27851435455919465,0.06550934042104532
11.39,48.190000000000005,0.3082372445814423,0.08132827730468177
11.42,48.190000000000005,0.3187009318312594,0.08944180551589524
11.45,48.190000000000005,0.31290756242346385,0.07756092648139763
11.48,48.190000000000005,0.30376121283032115,0.0792260182203625
11.51,48.190000000000005,0.29066892064348376,0.07455436604594919
11.54,48.190000000000005,0.2841317692361257,0.06888547673164759
11.57,48.190000000000005,0.2996435822803309,0.06426462023123902
11.6,48.190000000000005,0.33045851044824454,0.06905803514013131
11.63,48.190000000000005,0.4391562977249522,0.14345044485467512
11.66,48.190000000000005,0.37917581534832895,0.07911318820921616
11.690000000000001,48.190000000000005,0.36602671082874066,0.07477614350845062
11.72,48.190000000000005,0.37125713469975885,0.06862565902525303
11.75,48.190000000000005,0.4026101054320574,0.09059434753497253
11.780000000000001,48.190000000000005,0.4052512012035955,0.09484642645184117
11.81,48.190000000000005,0.38557016432592284,0.12402773578748688
11.84,48.190000000000005,0.26567642514174,0.06511262276438975
11.870000000000001,48.190000000000005,0.25183610303584586,0.07196012634923245
11.9,48.190000000000005,0.3082786808786758,0.1020388206394988
11.93,48.190000000000005,0.3306690651047462,0.09104407905517037
11.96,48.190000000000005,0.3082343554626917,0.10547562041637394
11.99,48.190000000000005,0.2686404429187868,0.07538115902167407
12.02,48.190000000000005,0.24405924926462766,0.07847082789900234
12.05,48.190000000000005,0.20478995724907562,0.0687417403665025
12.08,48.190000000000005,0.18155016426823775,0.06061013826341125
12.11,48.190000000000005,0.18860045250552443,0.09175236739874096
12.14,48.190000000000005,0.18636656514271335,0.09005496284336861
12.17,48.190000000000005,0.16786628437610035,0.06005297985670514
12.2,48.190000000000005,0.1657763413316063,0.05793162432774585
12.23,48.190000000000005,0.16409789737168237,0.05054656287144898
12.26,48.190000000000005,0.1687120964453656,0.0455067442521921
12.29,48.190000000000005,0.185544639484941,0.06333049477173465
12.32,48.190000000000005,0.19385548985745368,0.06692410282502434
12.35,48.190000000000005,0.19025235019350353,0.05375356895015068
12.38,48.190000000000005,0.1958612973584857,0.05481177897164432
12.41,48.190000000000005,0.19588037079567192,0.057051882004858924
12.440000000000001,48.190000000000005,0.20454117459742543,0.08111335927434699
12.47,48.190000000000005,0.22138180501536867,0.12027734298978436
12.5,48.190000000000005,0.21957561764956882,0.09443157325312768
12.530000000000001,48.190000000000005,0.20475662313893833,0.06460755903342925
12.56,48.190000000000005,0.2019803969758085,0.06985202733192296
12.59,48.190000000000005,0.18594490749822187,0.05290944265057478
12.620000000000001,48.190000000000005,0.18651552651694614,0.048050662480860824
12.65,48.190000000000005,0.2110897245894077,0.05829108302160571
12.68,48.190000000000005,0.1920810365502768,0.053460957875219824
12.71,48.190000000000005,0.1864513827541903,0.053385810369000246
12.74,48.190000000000005,0.1950641075054176,0.05921683119232949
12.77,48.190000000000005,0.18371456373933853,0.046423435146843835
12.8,48.190000000000005,0.19074790698610877,0.057739767954679846
12.83,48.190000000000005,0.18850322334702732,0.055637183014739494
10.1,48.220000000000006,0.25446918596570084,0.06404516839832959
10.13,48.220000000000006,0.28359437988463787,0.09334851016169583
10.16,48.220000000000006,0.30721770654104136,0.09472054440600712
10.190000000000001,48.220000000000006,0.23323222855971368,0.058415825567327995
10.22,48.220000000000006,0.21099274844650384,0.043681123164110526
10.25,48.220000000000006,0.21906451924901676,0.06487275941869788
10.280000000000001,48.220000000000006,0.24954732237592187,0.11535248150160046
10.31,48.220000000000006,0.25985000064746705,0.11698834889047108
10.34,48.220000000000006,0.2937393865428436,0.14019122287254582
10.370000000000001,48.220000000000006,0.25800323241784434,0.09054174649870517
10.4,48.220000000000006,0.24992790439377807,0.08875576400105671
10.43,48.220000000000006,0.22421335273172374,0.06448891177526653
10.46,48.220000000000006,0.21039617252371823,0.058679284912270355
10.49,48.220000000000006,0.2073715566685984,0.08853787697098235
10.52,48.220000000000006,0.20527361050387224,0.10696671122779212
10.55,48.220000000000006,0.19742646892171145,0.08230534502322195
10.58,48.220000000000006,0.1926212514753595,0.058730378174354184
10.61,48.220000000000006,0.20260658093588563,0.05386514679673168
10.64,48.220000000000006,0.2113763436012394,0.05232279405097767
10.67,48.220000000000006,0.2173391760389464,0.047047470657531495
10.7,48.220000000000006,0.22862478205661427,0.04327880446604288
10.73,48.220000000000006,0.26806968773405887,0.05971261998388152
10.76,48.220000000000006,0.30700493395869655,0.07703578494192423
10.790000000000001,48.220000000000006,0.3139474898261056,0.08014055818239608
10.82,48.220000000000006,0.3367220924798841,0.09506192174630304
10.85,48.220000000000006,0.40905497507829547,0.1257268180401643
10.88,48.220000000000006,0.40237590180420335,0.09372001343881661
10.91,48.220000000000006,0.33768418628623975,0.06643084604891165
10.940000000000001,48.220000000000006,0.3064044234446485,0.08247008705161116
10.97,48.220000000000006,0.31310659845623806,0.0915635144436824
11,48.220000000000006,0.3217014100445122,0.11364518324294542
11.030000000000001,48.220000000000006,0.2857946200262342,0.08118444313987214
11.06,48.220000000000006,0.2586904210137621,0.06467696384107516
11.09,48.220000000000006,0.25730983348764697,0.05441986988423575
11.120000000000001,48.220000000000006,0.2590085586526609,0.048290430792273374
11.15,48.220000000000006,0.2728318459326435,0.058770253101955335
11.18,48.220000000000006,0.2674775980581412,0.09946079943096287
11.21,48.220000000000006,0.24657700043798314,0.06536834835869848
11.24,48.220000000000006,0.26040274074355485,0.06193566949808408
11.27,48.220000000000006,0.31548708077903304,0.09788569247832588
11.3,48.220000000000006,0.319709976702532,0.09737262720102875
11.33,48.220000000000006,0.30468427473807513,0.09136884764714495
11.36,48.220000000000006,0.29701177273206325,0.08508079860858836
11.39,48.220000000000006,0.2872984732810276,0.07355267288688616
11.42,48.220000000000006,0.28882954431522706,0.06488468952385136
11.45,48.220000000000006,0.2893304421609777,0.06256835355410734
11.48,48.220000000000006,0.28413832357420726,0.05929875140060133
11.51,48.220000000000006,0.28059233568815384,0.0611011661371715
11.54,48.220000000000006,0.28497129951201283,0.0719934749580762
11.57,48.220000000000006,0.2800436893393212,0.05460273459381742
11.6,48.220000000000006,0.30119610618060283,0.0637515929993697
11.63,48.220000000000006,0.33558097956581034,0.06826617032881833
11.66,48.220000000000006,0.3604436614416564,0.0926073000444074
11.690000000000001,48.220000000000006,0.35724231214831326,0.07169449619647104
11.72,48.220000000000006,0.36323898136276017,0.07004307528198365
11.75,48.220000000000006,0.3585422485802108,0.07207769016986051
11.780000000000001,48.220000000000006,0.35097258221919,0.08087825094253881
11.81,48.220000000000006,0.3280214052195495,0.09288006394854437
11.84,48.220000000000006,0.27508901762394955,0.07175819864656628
11.870000000000001,48.220000000000006,0.28240157960136436,0.06002381714689589
11.9,48.220000000000006,0.3083842295668106,0.06679719190336665
11.93,48.220000000000006,0.47253884793082873,0.163912817742795
11.96,48.220000000000006,0.3522412696989048,0.11674061357690235
11.99,48.220000000000006,0.2714280326559851,0.07665111133136611
12.02,48.220000000000006,0.23596897363702884,0.06407869344230438
12.05,48.220000000000006,0.2130249090652765,0.06493268452216873
12.08,48.220000000000006,0.1877238220995089,0.05880809212854129
12.11,48.220000000000006,0.1795292848021258,0.06230972772861144
12.14,48.220000000000006,0.17516538633251752,0.06285522650338174
12.17,48.220000000000006,0.17513199448451103,0.06026552262572578
12.2,48.220000000000006,0.18383787238300608,0.06181220602727688
12.23,48.220000000000006,0.18182133733801228,0.05049015655339193
12.26,48.220000000000006,0.18343182563313276,0.043756736083798195
12.29,48.220000000000006,0.19449122043489858,0.050499825590279636
12.32,48.220000000000006,0.20406918258978957,0.05544346426197151
12.35,48.220000000000006,0.21825899646228766,0.061357657208390363
12.38,48.220000000000006,0.23565720235702003,0.07222528528877015
12.41,48.220000000000006,0.23163036913025242,0.0675116113183512
12.440000000000001,48.220000000000006,0.23603397644699087,0.07715051706300244
12.47,48.220000000000006,0.2545015209255992,0.10638984678437262
12.5,48.220000000000006,0.2590467477794714,0.0859696121771037
12.530000000000001,48.220000000000006,0.25283467471386706,0.07116803072889737
12.56,48.220000000000006,0.2631745884032768,0.11025821571682314
12.59,48.220000000000006,0.22245296351933444,0.08651984483076906
12.620000000000001,48.220000000000006,0.20200402897769973,0.057425679128620934
12.65,48.220000000000006,0.2347634943531328,0.07389785433250032
12.68,48.220000000000006,0.2564525114344458,0.11806214736294905
12.71,48.220000000000006,0.19169944041803208,0.05218916642506603
12.74,48.220000000000006,0.18731724441465392,0.05669095674835449
12.77,48.220000000000006,0.18842831048803169,0.058896293710595404
12.8,48.220000000000006,0.20521761510237146,0.07549588884400245
12.83,48.220000000000006,0.19958876738581463,0.058859908292704585
12.86,48.220000000000006,0.2022187863210237,0.06763170924282219
12.89,48.220000000000006,0.2386097220098593,0.11936565666073927
12.92,48.220000000000006,0.20274178092615344,0.07000825221570917
10.1,48.25,0.3032643649688264,0.08145028375463637
10.13,48.25,0.28390017484906527,0.0792338510481078
10.16,48.25,0.305957475225211,0.1205238626012853
10.190000000000001,48.25,0.23400936350291313,0.055013650289427944
10.22,48.25,0.21464692302902824,0.04226998307966585
10.25,48.25,0.2316928463407544,0.0893172428468556
10.280000000000001,48.25,0.2760539425426114,0.18314251007778037
10.31,48.25,0.2649706499590623,0.12271990305476327
10.34,48.25,0.26624433348907156,0.09209239200034754
10.370000000000001,48.25,0.27278519015906644,0.09826370259982654
10.4,48.25,0.2668365054906542,0.10146242128551752
10.43,48.25,0.24058662953423274,0.066231696743959
10.46,48.25,0.22609087973806227,0.06646473341490122
10.49,48.25,0.23620389658897073,0.12713906686559054
10.52,48.25,0.2342612265061486,0.15040094576328863
10.55,48.25,0.2186672663061157,0.10818938999786173
10.58,48.25,0.21174226233227572,0.07257419707561198
10.61,48.25,0.22344295458798796,0.07953278206898434
10.64,48.25,0.24008157957417345,0.09806156231965604
10.67,48.25,0.23515817585958948,0.06585497346855759
10.7,48.25,0.23286718073047757,0.04715820787139959
10.73,48.25,0.25496405044359466,0.05012630981356523
10.76,48.25,0.2754123639354244,0.05477872128316438
10.790000000000001,48.25,0.3239696680170493,0.0720396569298599
10.82,48.25,0.3215524703355054,0.07249873347264434
10.85,48.25,0.37811934880932724,0.08280505063282485
10.88,48.25,0.41523354630344445,0.08781582871136952
10.91,48.25,0.3697482482968911,0.07892477064208861
10.940000000000001,48.25,0.3221570212203953,0.08055122224115258
10.97,48.25,0.30300560869095394,0.08298876728324882
11,48.25,0.30857864046871225,0.11208507258388717
11.030000000000001,48.25,0.2811690534989993,0.07479658202837686
11.06,48.25,0.26183370287035573,0.06564006666828251
11.09,48.25,0.2692210950959113,0.08623908457486465
11.120000000000001,48.25,0.2488456068579241,0.05321216836930074
11.15,48.25,0.25906965136932664,0.07097404915290706
11.18,48.25,0.2876829682618943,0.1251868472454397
11.21,48.25,0.25809412994928016,0.08331638876018321
11.24,48.25,0.2818310391578386,0.09089379444908822
11.27,48.25,0.29453315670059066,0.08175309159900303
11.3,48.25,0.2828829173705574,0.06901184913204654
11.33,48.25,0.29224693864377893,0.08756481657254304
11.36,48.25,0.30189343699994936,0.10138733523002347
11.39,48.25,0.2925208894286958,0.09370639046290821
11.42,48.25,0.2765655236514228,0.06509116796732899
11.45,48.25,0.2688636424708646,0.05780743402822495
11.48,48.25,0.263438398578461,0.05304014960254106
11.51,48.25,0.2627885355910456,0.05361421880870008
11.54,48.25,0.2764773348071231,0.07439064746372619
11.57,48.25,0.2749467097260363,0.06209120020126175
11.6,48.25,0.28527402306910793,0.0603396161512243
11.63,48.25,0.3150713375937746,0.0776958284562693
11.66,48.25,0.34667528938379477,0.08524805408157245
11.690000000000001,48.25,0.33764397591594436,0.06573510555675333
11.72,48.25,0.3564782070280257,0.06927296700159712
11.75,48.25,0.3388009533744437,0.06386780282179962
11.780000000000001,48.25,0.31950633759438385,0.06279355317593421
11.81,48.25,0.30151085328309923,0.07014116709216026
11.84,48.25,0.3180254627352258,0.08433121046092029
11.870000000000001,48.25,0.3636183031567429,0.11021340416094588
11.9,48.25,0.3194948844612272,0.06804382780456185
11.93,48.25,0.36249344178375165,0.0993932277484055
11.96,48.25,0.2969489954882452,0.061002764333350244
11.99,48.25,0.273682410534634,0.057688763012781544
12.02,48.25,0.24692256835796378,0.06056206290606975
12.05,48.25,0.22971411566697603,0.06770832404252211
12.08,48.25,0.20473170627846832,0.06159267628244711
12.11,48.25,0.1886308857134312,0.060917913940141774
12.14,48.25,0.1788136359048934,0.05572677392662629
12.17,48.25,0.19421857585873079,0.06051765013894308
12.2,48.25,0.21962831741016497,0.0815096197666589
12.23,48.25,0.21640593821030446,0.07316828613189913
12.26,48.25,0.19815346690280003,0.052477797346720444
12.29,48.25,0.20116124250669573,0.04760388032409187
12.32,48.25,0.22014762399335672,0.05256035874752828
12.35,48.25,0.25034111454680563,0.06890961978873637
12.38,48.25,0.27935842740922834,0.09577337557773113
12.41,48.25,0.2657014641614,0.07442657980706224
12.440000000000001,48.25,0.2636969682870955,0.0730469911927709
12.47,48.25,0.29084211430709406,0.1057104670444475
12.5,48.25,0.3098367600383161,0.10068682162628033
12.530000000000001,48.25,0.32822290641273305,0.09787671966347679
12.56,48.25,0.3480994735637452,0.13929190024305677
12.59,48.25,0.2748923178809389,0.11751692010400443
12.620000000000001,48.25,0.21692308216796433,0.07408802626422696
12.65,48.25,0.21312962290932966,0.06552995800933199
12.68,48.25,0.21760891981151229,0.07378008121576311
12.71,48.25,0.19233531942295445,0.05462468572259571
12.74,48.25,0.20126143546757463,0.08410529096168465
12.77,48.25,0.20314206142641392,0.07467192943441879
12.8,48.25,0.2072419018619718,0.06725115468463251
12.83,48.25,0.20705273499043508,0.06195936768556262
12.86,48.25,0.201167191501417,0.06293566282377158
12.89,48.25,0.21548034142866893,0.07459228892403123
12.92,48.25,0.19897524520958915,0.057507984944802346
12.95,48.25,0.18456638702622336,0.04570375381825315
12.98,48.25,0.1815808285358138,0.04541453099790921
10.07,48.28,0.35147723316204843,0.11285683080800149
10.1,48.28,0.33469153711916133,0.10023299418939645
10.13,48.28,0.31020750317963414,0.07918951752276152
10.16,48.28,0.32776238899377247,0.10237298973044626
10.190000000000001,48.28,0.2579920830308552,0.05896123084313521
10.22,48.28,0.23148750616203873,0.04874776697511053
10.25,48.28,0.23706013663687084,0.06189963708984716
10.280000000000001,48.28,0.24952146380379156,0.09867418230953943
10.31,48.28,0.24841750229419393,0.07944253110987107
10.34,48.28,0.25308316834201977,0.07020248521123967
10.370000000000001,48.28,0.24830547599247693,0.06146990348637971
10.4,48.28,0.24445324074490207,0.06039917716383724
10.43,48.28,0.23498443736138702,0.05122715888124822
10.46,48.28,0.2352120959421865,0.06414722698061358
10.49,48.28,0.24618680695273223,0.11142396271701879
10.52,48.28,0.2465123376736341,0.12844008063872564
10.55,48.28,0.2304786935139034,0.0963620290557342
10.58,48.28,0.22563582621269368,0.07346092917229105
10.61,48.28,0.242277022338982,0.09302644403389511
10.64,48.28,0.2633556928652971,0.12844264748988038
10.67,48.28,0.25362459416859345,0.08529550514296527
10.7,48.28,0.23914363011470086,0.0551832995990749
10.73,48.28,0.2482424576119787,0.051971761020585996
10.76,48.28,0.26701336680613086,0.049748927619622296
10.790000000000001,48.28,0.2899355901166984,0.05510072289350472
10.82,48.28,0.30741205487030554,0.05825164048772031
10.85,48.28,0.3735580912005788,0.07494784322183257
10.88,48.28,0.4558469614394329,0.11489122108717405
10.91,48.28,0.39283664626268355,0.08317892663475475
10.940000000000001,48.28,0.3220163224220655,0.07109029852423374
10.97,48.28,0.2925179064486929,0.06963821306513517
11,48.28,0.3105675057371908,0.09712887786748693
11.030000000000001,48.28,0.28043040656923957,0.062374378039322186
11.06,48.28,0.2592487756165112,0.0547668750015136
11.09,48.28,0.24833950522023515,0.058286171327986205
11.120000000000001,48.28,0.24514823000629066,0.05841022397263973
11.15,48.28,0.25823832106784467,0.07919052836561756
11.18,48.28,0.26755793736065836,0.10625874010211216
11.21,48.28,0.24039578984506793,0.058987895738370585
11.24,48.28,0.2467122321262488,0.062373331735467274
11.27,48.28,0.25886574613341656,0.06637565084485035
11.3,48.28,0.2666563946771642,0.07553878291252322
11.33,48.28,0.2658554029987037,0.07134174569812206
11.36,48.28,0.2721017812624788,0.0789243333129687
11.39,48.28,0.26639289316785075,0.07115741421655525
11.42,48.28,0.2607502525654717,0.0635221706037638
11.45,48.28,0.24972925702008392,0.0538248353179191
11.48,48.28,0.2511730191449529,0.049613011803549496
11.51,48.28,0.2511955835698475,0.04815467306700022
11.54,48.28,0.2627948368495151,0.05482375786846773
11.57,48.28,0.2852577859664674,0.0665595845116102
11.6,48.28,0.2988507068268144,0.07215092434428648
11.63,48.28,0.3350320734322595,0.08557947142224782
11.66,48.28,0.3333068634556298,0.06683945593425826
11.690000000000001,48.28,0.31070751233944766,0.06103020314532254
11.72,48.28,0.3096441503032537,0.06783473589038702
11.75,48.28,0.3493620640070471,0.07056360215869725
11.780000000000001,48.28,0.3847783915978036,0.07865585407545037
11.81,48.28,0.43257309157892815,0.08723228723296449
11.84,48.28,0.441534103656884,0.08281430336727676
11.870000000000001,48.28,0.40366573914411963,0.07647250389067561
11.9,48.28,0.39310867733913296,0.08126263929980654
11.93,48.28,0.33290193222582015,0.06074221066319529
11.96,48.28,0.30557678876372857,0.055239722446133226
11.99,48.28,0.30223828405864894,0.05569822397869135
12.02,48.28,0.27765493074552017,0.06489559787681458
12.05,48.28,0.2531803731678339,0.06831119073854201
12.08,48.28,0.2270320745711131,0.06159729072911365
12.11,48.28,0.20454722558463914,0.0572278611918693
12.14,48.28,0.19033382802990975,0.04678152424872963
12.17,48.28,0.2119871855176428,0.06362105932132898
12.2,48.28,0.24647500615549112,0.10547376828655629
12.23,48.28,0.23124216213818824,0.0876994490745765
12.26,48.28,0.2093808472124556,0.06042646514870965
12.29,48.28,0.21322571828249795,0.05152831290600141
12.32,48.28,0.23678754434492177,0.05993012507662632
12.35,48.28,0.25838296840154534,0.07419389492428032
12.38,48.28,0.2613880426381983,0.06876919807416085
12.41,48.28,0.26267629243801094,0.061428891555185224
12.440000000000001,48.28,0.2708965805700605,0.0670519794015943
12.47,48.28,0.30328273375877896,0.09770930485801058
12.5,48.28,0.32361092546914794,0.09931886692020998
12.530000000000001,48.28,0.3598492773694641,0.12071328639904179
12.56,48.28,0.4388995818599442,0.20645967919654892
12.59,48.28,0.31177972559570327,0.13694428122566513
12.620000000000001,48.28,0.23391345928135499,0.08710991821894959
12.65,48.28,0.21338164724471254,0.07919151380969712
12.68,48.28,0.19592840990850705,0.053606958282627425
12.71,48.28,0.19178177071462743,0.048993281536932436
12.74,48.28,0.1945790876221021,0.06511836681766274
12.77,48.28,0.2068524953954616,0.06712791046924038
12.8,48.28,0.236915527810983,0.09229241747536193
12.83,48.28,0.2207998845358347,0.07191313807508103
12.86,48.28,0.20126172345512838,0.0579224267859106
12.89,48.28,0.19560064983766304,0.05156538266503864
12.92,48.28,0.19038493784916696,0.049250749863722645
12.95,48.28,0.18900964866182635,0.049413928603334434
12.98,48.28,0.19275039832914362,0.051682612968631
13.01,48.28,0.19830275115941273,0.05394890642873815
13.04,48.28,0.21452225862398852,0.06609774186334591
13.07,48.28,0.23079830608572402,0.07621642449027322
10.07,48.31,0.38150310917735275,0.11391806508225623
10.1,48.31,0.35892844838411175,0.10654043110911494
10.13,48.31,0.3574217785639227,0.14056363073439404
10.16,48.31,0.309547785952808,0.07287480540164287
10.190000000000001,48.31,0.30664525220318606,0.09477981404802903
10.22,48.31,0.27363081869270056,0.06310717482747649
10.25,48.31,0.26914473098785624,0.08752077968592814
10.280000000000001,48.31,0.24924595348167827,0.059703692018436866
10.31,48.31,0.23825670749279487,0.04798492363514158
10.34,48.31,0.2287750570048134,0.04496568253961784
10.370000000000001,48.31,0.22856962648766393,0.0433163234850859
10.4,48.31,0.22687338026188666,0.0413123632730509
10.43,48.31,0.23118927771442227,0.04690845598379773
10.46,48.31,0.24573453795786798,0.0729452164198773
10.49,48.31,0.2581242217352091,0.09670560743035363
10.52,48.31,0.24869299689086016,0.09286796135313291
10.55,48.31,0.2338820659634396,0.07321968467190498
10.58,48.31,0.23398224062979867,0.06607106533364025
10.61,48.31,0.24812530961253165,0.07251999961983858
10.64,48.31,0.2547254350009535,0.08128205163170674
10.67,48.31,0.2488408133089731,0.06307880305053606
10.7,48.31,0.23515062597237638,0.05516239917675185
10.73,48.31,0.24368312552045057,0.054307226410189195
10.76,48.31,0.25768288293061165,0.050299517906922137
10.790000000000001,48.31,0.27927516551147047,0.05210541035958908
10.82,48.31,0.31705168945367485,0.06058288144113667
10.85,48.31,0.422738300649837,0.11677702163042537
10.88,48.31,0.43113388590974916,0.08219069999583573
10.91,48.31,0.43732628415041336,0.0982710598554835
10.940000000000001,48.31,0.33134441138094306,0.06915710914586273
10.97,48.31,0.304973818150083,0.07401621031866311
11,48.31,0.32861644281876157,0.09373632308422448
11.030000000000001,48.31,0.2986790610870923,0.06905488358612305
11.06,48.31,0.26406787657164504,0.0573865872468868
11.09,48.31,0.24926880882661348,0.05653039060118476
11.120000000000001,48.31,0.2548926868315928,0.06495013147804816
11.15,48.31,0.2535545577484338,0.06453719961720367
11.18,48.31,0.2419927907399773,0.06187759494087773
11.21,48.31,0.22717311632095072,0.05121881077102815
11.24,48.31,0.22640240514159843,0.048462315514948284
11.27,48.31,0.2349500515445726,0.05588603072521379
11.3,48.31,0.24385969088725018,0.06214432444671237
11.33,48.31,0.24910657382190354,0.05666218264574175
11.36,48.31,0.24596535645483159,0.0613344638685471
11.39,48.31,0.24222660228114767,0.05762698173534072
11.42,48.31,0.23743609147726802,0.053314257158747005
11.45,48.31,0.2414434569072531,0.052831580241908024
11.48,48.31,0.26268655220873904,0.06170773600996092
11.51,48.31,0.27983651233755563,0.06607581820146677
11.54,48.31,0.27065747791799627,0.06664630938672451
11.57,48.31,0.2732305037497939,0.05047074299642642
11.6,48.31,0.30690488257395154,0.07524510580200561
11.63,48.31,0.3630838052869859,0.09670363082351097
11.66,48.31,0.3711309159252649,0.0838057996735215
11.690000000000001,48.31,0.3016592224785653,0.05747738809628697
11.72,48.31,0.29082581850405487,0.0718107703624193
11.75,48.31,0.32392368113923486,0.08896389852795807
11.780000000000001,48.31,0.4355377575328147,0.09065331995173695
11.81,48.31,0.5233765665053123,0.07591081566508527
11.84,48.31,0.5838404207790153,0.09210390600940441
11.870000000000001,48.31,0.4893796517297155,0.05658049896198881
11.9,48.31,0.41897772594903887,0.06357378980205436
11.93,48.31,0.35714477455322685,0.06203489651758805
11.96,48.31,0.3241619074584697,0.06601360681182708
11.99,48.31,0.3236643331296993,0.0654377699049748
12.02,48.31,0.30570659046167614,0.06896415681462438
12.05,48.31,0.28855543655915467,0.06901922419116181
12.08,48.31,0.24586234442379462,0.07098157184131047
12.11,48.31,0.2089999281878223,0.044884190997297686
12.14,48.31,0.20660124163519714,0.042008571262820454
12.17,48.31,0.21941891589008186,0.05251101004668969
12.2,48.31,0.24482587648106593,0.09145468084870094
12.23,48.31,0.2346895520322588,0.07879255843260234
12.26,48.31,0.22681687058344585,0.05981199776990474
12.29,48.31,0.22953020840697866,0.05446073031088354
12.32,48.31,0.23565106623239565,0.048744437433764734
12.35,48.31,0.24147416062711843,0.04766484166637596
12.38,48.31,0.2459888536014028,0.05311861850960799
12.41,48.31,0.2544771468808915,0.052568940948494985
12.440000000000001,48.31,0.2659922500189564,0.05568820090489005
12.47,48.31,0.28366578261985065,0.06642963775177166
12.5,48.31,0.30823679757055944,0.07501787011029222
12.530000000000001,48.31,0.31640170957807817,0.09305006716678055
12.56,48.31,0.3279760735583629,0.11899779150319889
12.59,48.31,0.27455190026078763,0.09659003322289497
12.620000000000001,48.31,0.2226974914021342,0.0699146019638665
12.65,48.31,0.20314964963716148,0.06293035237808049
12.68,48.31,0.199925862029735,0.062492208890449215
12.71,48.31,0.18991316127491062,0.05051417620284582
12.74,48.31,0.19043918073385124,0.054372528957484956
12.77,48.31,0.20488392641484104,0.06479782817638571
12.8,48.31,0.22586198608048139,0.08280381658747449
12.83,48.31,0.2211166506678915,0.07944317439642534
12.86,48.31,0.20620822915075226,0.0651480863173264
12.89,48.31,0.1994439124227584,0.05674433315031105
12.92,48.31,0.1929330862104839,0.052531859106636304
12.95,48.31,0.19726429855735128,0.05342912529350315
12.98,48.31,0.1989422623423935,0.05415940776217855
13.01,48.31,0.21006773841621276,0.0625165022262494
13.04,48.31,0.22673855626852854,0.07847185503215728
13.07,48.31,0.2414418082941076,0.07901589312635836
13.100000000000001,48.31,0.2631883704357377,0.08771702027507323
13.129999999999999,48.31,0.3008381576991459,0.10930412220188095
13.16,48.31,0.3536448449810768,0.1388536601641576
13.190000000000001,48.31,0.3577049308806839,0.13138591347767412
13.22,48.31,0.3103429509115694,0.10932372024594561
13.25,48.31,0.30674818788484837,0.09147294032345255
13.280000000000001,48.31,0.27536873126464884,0.07195385403087382
10.040000000000001,48.34,0.3501103494306896,0.07632498219354238
10.07,48.34,0.3533673182057274,0.07954140815125084
10.1,48.34,0.34854984724243154,0.10176576717633669
10.13,48.34,0.34576899088587143,0.0940372227598409
10.16,48.34,0.3220440607781906,0.06952248519629257
10.190000000000001,48.34,0.3356588155146892,0.11683105136073914
10.22,48.34,0.29294685485723587,0.05480042087612955
10.25,48.34,0.27662682060249877,0.06322082688528145
10.280000000000001,48.34,0.2561553345134074,0.05059164771493138
10.31,48.34,0.25515614580786355,0.06664022135591509
10.34,48.34,0.23749355371192518,0.04409810944458609
10.370000000000001,48.34,0.23267618251996147,0.045956070746228476
10.4,48.34,0.230847385683264,0.045210849730161144
10.43,48.34,0.23217434134975992,0.04420831026548617
10.46,48.34,0.25369548394264035,0.0806096214476589
10.49,48.34,0.2687609943676645,0.10681118412006817
10.52,48.34,0.25732753327033775,0.08608493737169647
10.55,48.34,0.24618278486654804,0.058150209033640085
10.58,48.34,0.24996670312194688,0.06538013125862274
10.61,48.34,0.24866325885976473,0.06651611584365003
10.64,48.34,0.24505535739142645,0.055111471874498934
10.67,48.34,0.2425152594289766,0.053576949778754115
10.7,48.34,0.24053128548046107,0.053851055190876476
10.73,48.34,0.24453031894951607,0.05191403538402503
10.76,48.34,0.2521641755058135,0.05604316205879092
10.790000000000001,48.34,0.27477455760220765,0.05968470365360453
10.82,48.34,0.3403178433132542,0.08392331150702584
10.85,48.34,0.3781177928178916,0.08799923758750774
10.88,48.34,0.39774504567166113,0.08325858281257198
10.91,48.34,0.4178349502493837,0.1120762018976311
10.940000000000001,48.34,0.3084685619803281,0.07317104076076765
10.97,48.34,0.3009412338769889,0.08484206734452246
11,48.34,0.3449812032753701,0.12615607579946353
11.030000000000001,48.34,0.29518026472038117,0.08689923428038775
11.06,48.34,0.2733304399010752,0.0671641419346991
11.09,48.34,0.2657372812398875,0.06973486679930586
11.120000000000001,48.34,0.2669260451115896,0.0882798653269359
11.15,48.34,0.26244338772061176,0.06929994229763986
11.18,48.34,0.2537108859872449,0.06408826150646979
11.21,48.34,0.2392965719635587,0.0630658791627015
11.24,48.34,0.2314299585814461,0.05453641583211527
11.27,48.34,0.2314344394298668,0.05201139531309987
11.3,48.34,0.23520508485790698,0.05143371366959867
11.33,48.34,0.23062574803395883,0.04572672443091245
11.36,48.34,0.22594352508514953,0.04281908296108738
11.39,48.34,0.2185183125595634,0.043226149458554
11.42,48.34,0.22632908624832596,0.05139116425430805
11.45,48.34,0.23899631192029816,0.056221339625376066
11.48,48.34,0.28383194029226183,0.07533773224244082
11.51,48.34,0.3502940768032077,0.10130005894924708
11.54,48.34,0.36768914226395916,0.18209548756015786
11.57,48.34,0.2829216596926939,0.06632502713902938
11.6,48.34,0.329384699031988,0.09059942917462792
11.63,48.34,0.28707088625677335,0.06250129191589923
11.66,48.34,0.28594115288761385,0.059469202268499236
11.690000000000001,48.34,0.27857224637074207,0.05953744347100336
11.72,48.34,0.28427913285589473,0.07540382932875242
11.75,48.34,0.3256603197788322,0.083840478885758
11.780000000000001,48.34,0.40803389395388123,0.08167647422638921
11.81,48.34,0.5074189089108351,0.08254741488710791
11.84,48.34,0.5535610654298245,0.07797540763993911
11.870000000000001,48.34,0.5421737621289165,0.0646377860209989
11.9,48.34,0.49718454147875446,0.07349365685946001
11.93,48.34,0.4067173198876282,0.06675700974827882
11.96,48.34,0.37851453857297124,0.07007912426582304
11.99,48.34,0.37026379386694364,0.06953475145154456
12.02,48.34,0.32666159876497225,0.07889582496064348
12.05,48.34,0.2952302003537001,0.07120314474213436
12.08,48.34,0.27591849036724825,0.06645322200187598
12.11,48.34,0.23596833591892333,0.04683377854468877
12.14,48.34,0.23022878522863818,0.04757171663513169
12.17,48.34,0.2391406312971396,0.05386575472492198
12.2,48.34,0.24545059681375922,0.05904773562239787
12.23,48.34,0.24200397733591267,0.05623263673740955
12.26,48.34,0.23608773370818226,0.053997010922894266
12.29,48.34,0.23184248515348485,0.054063577094967744
12.32,48.34,0.2338096879579646,0.04822679183957175
12.35,48.34,0.23785484796771525,0.05048157584808318
12.38,48.34,0.23677424523779475,0.05258049672888968
12.41,48.34,0.24734614523633996,0.0542302869518405
12.440000000000001,48.34,0.25761628461665487,0.05462068816882742
12.47,48.34,0.27033886741797986,0.056295804931217046
12.5,48.34,0.280874835198016,0.06599197162442838
12.530000000000001,48.34,0.2923241395863316,0.07547108592605593
12.56,48.34,0.2832487655386674,0.07910558715988426
12.59,48.34,0.24434565213844334,0.07048173814096904
12.620000000000001,48.34,0.2156631037130936,0.05704964094423518
12.65,48.34,0.20253584754224044,0.052031619640950176
12.68,48.34,0.19478085687993776,0.05343379506346078
12.71,48.34,0.19212977111281818,0.04947118733621832
12.74,48.34,0.19445308707792797,0.05837783835382557
12.77,48.34,0.21219458826020257,0.08380659754037671
12.8,48.34,0.2351302573287012,0.1234522393435039
12.83,48.34,0.22846683386243424,0.10579820846106641
12.86,48.34,0.21414967297347956,0.072676372618937
12.89,48.34,0.20704699873798,0.062598094460601
12.92,48.34,0.20311767685780308,0.05821080109618367
12.95,48.34,0.20769881250840927,0.06168767984236804
12.98,48.34,0.21211874801241046,0.06389131772616012
13.01,48.34,0.21962176302725775,0.07111578089871667
13.04,48.34,0.24170099725307614,0.08672775393277399
13.07,48.34,0.24571959143059124,0.07849187896460094
13.100000000000001,48.34,0.25374891395018806,0.07852996182309815
13.129999999999999,48.34,0.2811024263215544,0.09874112132207065
13.16,48.34,0.31114848588324834,0.11340831397278357
13.190000000000001,48.34,0.33128497994982326,0.13611743717200064
13.22,48.34,0.2905673258047951,0.1064553761702431
13.25,48.34,0.2615780204258144,0.07975665492770986
13.280000000000001,48.34,0.25606844493670716,0.06953429905180245
13.31,48.34,0.26624661954070394,0.07010367278717422
13.34,48.34,0.24865244701584463,0.061953595844575
10.01,48.370000000000005,0.3332399072528596,0.07690786261121187
10.040000000000001,48.370000000000005,0.3550391436772636,0.08532985348001758
10.07,48.370000000000005,0.34025412371254743,0.07987914911984455
10.1,48.370000000000005,0.41548691419088735,0.1490942563231025
10.13,48.370000000000005,0.37645959173050547,0.1185887521368224
10.16,48.370000000000005,0.3536586162245569,0.097879689033271
10.190000000000001,48.370000000000005,0.34578790341721277,0.08893496663936143
10.22,48.370000000000005,0.3188076599835483,0.06901380767280679
10.25,48.370000000000005,0.2920170973211755,0.06569430124898509
10.280000000000001,48.370000000000005,0.26061106716441057,0.05656946074801208
10.31,48.370000000000005,0.2577743284270095,0.05480866498201842
10.34,48.370000000000005,0.2706422156488827,0.06675373684939619
10.370000000000001,48.370000000000005,0.252216907883411,0.05539982908215
10.4,48.370000000000005,0.23853048219668394,0.045185163065790096
10.43,48.370000000000005,0.23708071483680088,0.043424350822864465
10.46,48.370000000000005,0.24896454926624687,0.05159026193425885
10.49,48.370000000000005,0.2627462115932821,0.0704112282166601
10.52,48.370000000000005,0.257083628090414,0.06330434625235956
10.55,48.370000000000005,0.2519052675010419,0.051322327440889014
10.58,48.370000000000005,0.2562657390048769,0.06067042589195845
10.61,48.370000000000005,0.24948462364958204,0.06264320292560137
10.64,48.370000000000005,0.2393672070798698,0.05433460878906315
10.67,48.370000000000005,0.24222367397837508,0.057190078113308236
10.7,48.370000000000005,0.2588137326088886,0.07038842707650496
10.73,48.370000000000005,0.2589770911608699,0.06085842962787852
10.76,48.370000000000005,0.25059469116738425,0.05700570075775663
10.790000000000001,48.370000000000005,0.2655679463229187,0.06125012885866262
10.82,48.370000000000005,0.2987099286322828,0.06623632417384835
10.85,48.370000000000005,0.33982751201044087,0.06607475344892987
10.88,48.370000000000005,0.3108378771889852,0.06225323183053342
10.91,48.370000000000005,0.3004138496381241,0.07111922322380698
10.940000000000001,48.370000000000005,0.2575630241050996,0.058024252993752565
10.97,48.370000000000005,0.27534775427777586,0.06290573505822529
11,48.370000000000005,0.29635511743327875,0.08903797652811897
11.030000000000001,48.370000000000005,0.31223933365258916,0.11477771945362741
11.06,48.370000000000005,0.3006719347857974,0.12128981167898958
11.09,48.370000000000005,0.28221233142759744,0.08219547133480153
11.120000000000001,48.370000000000005,0.277265497556863,0.07542138787097662
11.15,48.370000000000005,0.2746890817657779,0.06997202974258343
11.18,48.370000000000005,0.27719158399960964,0.07453196109050128
11.21,48.370000000000005,0.2704057357790047,0.0893028026273089
11.24,48.370000000000005,0.26068415825904334,0.08652571035407682
11.27,48.370000000000005,0.24457982282780402,0.0656643012294853
11.3,48.370000000000005,0.2371735357090137,0.061571431819617155
11.33,48.370000000000005,0.22570828384538538,0.05061852153181619
11.36,48.370000000000005,0.21809450998165625,0.04558142730987453
11.39,48.370000000000005,0.2147803616589124,0.04084943820151891
11.42,48.370000000000005,0.21745645481160994,0.0456498862243884
11.45,48.370000000000005,0.23255421884504224,0.055281356109524594
11.48,48.370000000000005,0.25577289199414804,0.06555011105323691
11.51,48.370000000000005,0.2795596842940014,0.07075920976140504
11.54,48.370000000000005,0.26591423001850495,0.07248901646788418
11.57,48.370000000000005,0.2715986251960394,0.07305664349962221
11.6,48.370000000000005,0.2716720477612266,0.062486621575153604
11.63,48.370000000000005,0.2705622661437871,0.06234287062699348
11.66,48.370000000000005,0.32595067944103095,0.1229736153522261
11.690000000000001,48.370000000000005,0.2927104718697945,0.07536428617478735
11.72,48.370000000000005,0.3528045484213066,0.09832436141505833
11.75,48.370000000000005,0.4156264547582724,0.09886562942997201
11.780000000000001,48.370000000000005,0.3710208164859009,0.07407148343018057
11.81,48.370000000000005,0.40539604405469326,0.08659120325943558
11.84,48.370000000000005,0.4475900701889179,0.08193685336226786
11.870000000000001,48.370000000000005,0.45959306534600564,0.07694024068666716
11.9,48.370000000000005,0.4634393605177083,0.07070069399915237
11.93,48.370000000000005,0.4627301657524479,0.06517226362384711
11.96,48.370000000000005,0.4635358956987119,0.07394941244631356
11.99,48.370000000000005,0.4566800281104889,0.11764245180253569
12.02,48.370000000000005,0.3382331563248528,0.08630397987953276
12.05,48.370000000000005,0.29995131522249396,0.07643593090813006
12.08,48.370000000000005,0.2851765641428262,0.06795456082982375
12.11,48.370000000000005,0.25911781196190914,0.05936658631335602
12.14,48.370000000000005,0.25777358113221555,0.0600212857325495
12.17,48.370000000000005,0.2565814465195303,0.05617415092356185
12.2,48.370000000000005,0.25983494345801145,0.04969060493823577
12.23,48.370000000000005,0.2460918065323925,0.04697091272273247
12.26,48.370000000000005,0.24419356895630479,0.05222591601182426
12.29,48.370000000000005,0.24623403553956785,0.05695334797192045
12.32,48.370000000000005,0.2539009334601142,0.06314316557138705
12.35,48.370000000000005,0.24732913938007509,0.06094173245238222
12.38,48.370000000000005,0.24451264340106346,0.05929250302358123
12.41,48.370000000000005,0.2504275728005549,0.06271109312121691
12.440000000000001,48.370000000000005,0.25313634360011,0.059023856284943915
12.47,48.370000000000005,0.2609271784461166,0.06158780982280101
12.5,48.370000000000005,0.2700290428104606,0.06384366718098096
12.530000000000001,48.370000000000005,0.2762788095474281,0.06591922551411565
12.56,48.370000000000005,0.27333173266300065,0.07055666754571942
12.59,48.370000000000005,0.2613320360412975,0.06875997788300434
12.620000000000001,48.370000000000005,0.24255662159971048,0.0639262863981244
12.65,48.370000000000005,0.2259519860102677,0.05848554560637406
12.68,48.370000000000005,0.21221868388015475,0.051150699307562525
12.71,48.370000000000005,0.21037520261867865,0.052308551051039806
12.74,48.370000000000005,0.21325817952505227,0.0612506383851736
12.77,48.370000000000005,0.22501489425828008,0.07950660354033395
12.8,48.370000000000005,0.24085572100431432,0.10289823487422461
12.83,48.370000000000005,0.22982193170444232,0.09307216811926328
12.86,48.370000000000005,0.22175390645150647,0.0701690507915383
12.89,48.370000000000005,0.225836318996232,0.06849679003927063
12.92,48.370000000000005,0.22801604991438945,0.07014812468095591
12.95,48.370000000000005,0.2304594045775059,0.07947678538867012
12.98,48.370000000000005,0.23919824996466144,0.08064427076657726
13.01,48.370000000000005,0.23438386725537694,0.07121491796697814
13.04,48.370000000000005,0.23258315822001288,0.06887374636666899
13.07,48.370000000000005,0.23192279523755874,0.0632624044758328
13.100000000000001,48.370000000000005,0.23919607239659868,0.07176728234003991
13.129999999999999,48.370000000000005,0.2508532392466795,0.07686488032292149
13.16,48.370000000000005,0.26544685520660344,0.08694654798032671
13.190000000000001,48.370000000000005,0.2681959281332054,0.09062480851528212
13.22,48.370000000000005,0.25639639106168205,0.07847731715349779
13.25,48.370000000000005,0.2561111505551692,0.10653076941760407
13.280000000000001,48.370000000000005,0.24236153743073358,0.07635486281213445
13.31,48.370000000000005,0.23931352422773736,0.06267627391721464
13.34,48.370000000000005,0.2425386049794186,0.0686677411349022
13.370000000000001,48.370000000000005,0.2611830416018257,0.09432881201331737
10.01,48.400000000000006,0.32545453219661463,0.07330705484219315
10.040000000000001,48.400000000000006,0.3350415824790998,0.07361063248865873
10.07,48.400000000000006,0.33560939830114184,0.0765170478377374
10.1,48.400000000000006,0.348564388511722,0.09273487102742231
10.13,48.400000000000006,0.3499430768597799,0.0779441382184831
10.16,48.400000000000006,0.368050058629713,0.09867913473974228
10.190000000000001,48.400000000000006,0.3698077003495894,0.1007426114045309
10.22,48.400000000000006,0.362905459743484,0.10011053167534073
10.25,48.400000000000006,0.34362915809819816,0.09754732501396231
10.280000000000001,48.400000000000006,0.28802079109026285,0.07175081180385037
10.31,48.400000000000006,0.2922376009220301,0.07180743945327053
10.34,48.400000000000006,0.301529354321403,0.08286526506980879
10.370000000000001,48.400000000000006,0.26639953538486066,0.05329185729036752
10.4,48.400000000000006,0.2593053548260237,0.04831146458196194
10.43,48.400000000000006,0.2597075017110728,0.04984375001268368
10.46,48.400000000000006,0.26815848927765623,0.05247822847467209
10.49,48.400000000000006,0.2687833078028031,0.05699330611496023
10.52,48.400000000000006,0.2594455634375681,0.05282024169925093
10.55,48.400000000000006,0.25426705504834357,0.05921800302128454
10.58,48.400000000000006,0.2537128986199786,0.06578356043723281
10.61,48.400000000000006,0.24414134764786222,0.057070903947055954
10.64,48.400000000000006,0.2362519464180866,0.05347650425387182
10.67,48.400000000000006,0.24226998395613245,0.06707473355913722
10.7,48.400000000000006,0.2637310646020403,0.09040275324392931
10.73,48.400000000000006,0.26927758525138074,0.09157815332529808
10.76,48.400000000000006,0.2541751966867233,0.062410198409448864
10.790000000000001,48.400000000000006,0.2567729090792443,0.05793736686468593
10.82,48.400000000000006,0.2609837434317544,0.05202370035017384
10.85,48.400000000000006,0.27218252074640953,0.05642148004207359
10.88,48.400000000000006,0.25754490465708985,0.05154853342037966
10.91,48.400000000000006,0.24704025391049692,0.04972616309276018
10.940000000000001,48.400000000000006,0.24682958497399524,0.05069823699522376
10.97,48.400000000000006,0.28049568325866564,0.09069243394065474
11,48.400000000000006,0.26378872870155257,0.060927597578528205
11.030000000000001,48.400000000000006,0.28714881307015316,0.10301603890923074
11.06,48.400000000000006,0.3049061600725684,0.13519705780618413
11.09,48.400000000000006,0.2920441065039422,0.10918013828835538
11.120000000000001,48.400000000000006,0.2891902613581289,0.08365584871538896
11.15,48.400000000000006,0.28802497417956924,0.08068254810368262
11.18,48.400000000000006,0.3063007374410343,0.09516475418643301
11.21,48.400000000000006,0.3113818005554592,0.11406925383336301
11.24,48.400000000000006,0.31541266528946954,0.11732237759895366
11.27,48.400000000000006,0.28667557097717133,0.09051380844598235
11.3,48.400000000000006,0.2557434856294753,0.07864194306771981
11.33,48.400000000000006,0.23198629881030078,0.06216088241315502
11.36,48.400000000000006,0.21904027975670126,0.053045147341466876
11.39,48.400000000000006,0.21200619902867265,0.04021398210731543
11.42,48.400000000000006,0.2181642682243263,0.04337783448646236
11.45,48.400000000000006,0.2303230172860879,0.04914890122740954
11.48,48.400000000000006,0.25733051808065727,0.059826694268913815
11.51,48.400000000000006,0.2951494780429746,0.07086797037101968
11.54,48.400000000000006,0.29022675807725945,0.07390347652496108
11.57,48.400000000000006,0.2744997097593328,0.08050182509503309
11.6,48.400000000000006,0.27862105386162506,0.0639416259159126
11.63,48.400000000000006,0.2700543276544846,0.05641827047191603
11.66,48.400000000000006,0.2902640055021479,0.06777618134889864
11.690000000000001,48.400000000000006,0.3217439354014904,0.08083621568707836
11.72,48.400000000000006,0.451569487217777,0.10481581397023017
11.75,48.400000000000006,0.6009311655579204,0.11995050023461314
11.780000000000001,48.400000000000006,0.41434412858209596,0.11712335608437963
11.81,48.400000000000006,0.35132387492773953,0.0806691259733022
11.84,48.400000000000006,0.39421808390509633,0.0832905803562617
11.870000000000001,48.400000000000006,0.40536848320394037,0.08112878266878377
11.9,48.400000000000006,0.4023705782246846,0.08144660940231027
11.93,48.400000000000006,0.45803005615047876,0.09437060916821483
11.96,48.400000000000006,0.4729261169679087,0.09190200830445373
11.99,48.400000000000006,0.43914440998596016,0.08832717500225992
12.02,48.400000000000006,0.3006698879305901,0.07635584442080427
12.05,48.400000000000006,0.28379618922619587,0.09014345746507653
12.08,48.400000000000006,0.27731299474867716,0.0743077623059257
12.11,48.400000000000006,0.2802965796693293,0.07178431897192156
12.14,48.400000000000006,0.26861568286396753,0.05899938602629464
12.17,48.400000000000006,0.26741234530045105,0.0485045512023434
12.2,48.400000000000006,0.2712835440615956,0.04823080569476771
12.23,48.400000000000006,0.2574198287192382,0.04798010447766842
12.26,48.400000000000006,0.2607891710557031,0.052245497322029696
12.29,48.400000000000006,0.27489672566543705,0.07488812933098224
12.32,48.400000000000006,0.29312547559195967,0.09700370980071953
12.35,48.400000000000006,0.28044822123692115,0.08386109410922574
12.38,48.400000000000006,0.2664444021321294,0.06790468498900014
12.41,48.400000000000006,0.27219474581568637,0.0733487965403455
12.440000000000001,48.400000000000006,0.2741968852458909,0.08334464052588661
12.47,48.400000000000006,0.2699483062287283,0.08036305135780605
12.5,48.400000000000006,0.2706598490250287,0.07600543233479196
12.530000000000001,48.400000000000006,0.27613472087643015,0.07454530095274596
12.56,48.400000000000006,0.27554724748478115,0.0686637701490873
12.59,48.400000000000006,0.2769551817257152,0.0664535033667776
12.620000000000001,48.400000000000006,0.26942846435287987,0.06350354348305559
12.65,48.400000000000006,0.260410573174348,0.06836437852307024
12.68,48.400000000000006,0.2554799781699634,0.0751762330741104
12.71,48.400000000000006,0.24241373770114297,0.0694511642516496
12.74,48.400000000000006,0.23789253148768866,0.0697536532982271
12.77,48.400000000000006,0.25690075447377164,0.09673808921781048
12.8,48.400000000000006,0.2618328855395747,0.09808953567780168
12.83,48.400000000000006,0.2450313713229881,0.0705679243302966
12.86,48.400000000000006,0.2415886254915548,0.06283331908538446
12.89,48.400000000000006,0.2544268569797479,0.07034638542680993
12.92,48.400000000000006,0.2724377791924437,0.08330854552858337
12.95,48.400000000000006,0.2854660050922157,0.1220359047602742
12.98,48.400000000000006,0.28005275289693965,0.14217006969066665
13.01,48.400000000000006,0.25349411221636103,0.10320391826440657
13.04,48.400000000000006,0.23443804787518746,0.0664106341758307
13.07,48.400000000000006,0.22528655978237846,0.05614532359759493
13.100000000000001,48.400000000000006,0.22328675489024535,0.05609413421528126
13.129999999999999,48.400000000000006,0.23083388870203095,0.06483010225855491
13.16,48.400000000000006,0.23573316418553228,0.06271738920772414
13.190000000000001,48.400000000000006,0.23830430563560184,0.06361086339666513
13.22,48.400000000000006,0.2364586402210967,0.061403986989484786
13.25,48.400000000000006,0.23538615807346366,0.06326991301714957
13.280000000000001,48.400000000000006,0.2378266700867893,0.06123088949402888
13.31,48.400000000000006,0.2454386476589498,0.06582463113475256
13.34,48.400000000000006,0.24927461347397417,0.07590971008328516
13.370000000000001,48.400000000000006,0.26635899738513225,0.09293573563312042
13.4,48.400000000000006,0.26744988328691355,0.11438204524460456
10.040000000000001,48.43,0.3249887811655936,0.07486936046843896
10.07,48.43,0.3276801580290291,0.07451862267256135
10.1,48.43,0.3494832559214091,0.11128352570292824
10.13,48.43,0.3487974655105789,0.08061327774282863
10.16,48.43,0.3814827696949448,0.13641626337265597
10.190000000000001,48.43,0.3778630972476103,0.1151753076033975
10.22,48.43,0.4313091300399039,0.16853951735053738
10.25,48.43,0.3702199529644051,0.10461526728709307
10.280000000000001,48.43,0.3283653927755472,0.09656338493847515
10.31,48.43,0.3194544714482528,0.08565161832983004
10.34,48.43,0.2993022117130638,0.0647314495221963
10.370000000000001,48.43,0.2720920526184948,0.04920213441454053
10.4,48.43,0.28275195691472116,0.05653061075289675
10.43,48.43,0.2889607828436103,0.05528586454355051
10.46,48.43,0.3036935328240173,0.07552501702682192
10.49,48.43,0.3060200801921334,0.08683622108537568
10.52,48.43,0.28086652396275935,0.06442790615169962
10.55,48.43,0.2686111419118918,0.06922898535465279
10.58,48.43,0.2612069574951203,0.07445567030806856
10.61,48.43,0.2556723568192907,0.07069850969673992
10.64,48.43,0.24789883750651223,0.0653622947261551
10.67,48.43,0.2501313064727534,0.06543557012476556
10.7,48.43,0.2507022075979985,0.07097283956871732
10.73,48.43,0.25508768099078005,0.08153443204396761
10.76,48.43,0.263136024440939,0.1058011906422424
10.790000000000001,48.43,0.2562604317367557,0.09335757533844201
10.82,48.43,0.25290037677140015,0.06793902288199838
10.85,48.43,0.2442763491727682,0.056099136305650124
10.88,48.43,0.24460195284690692,0.044675891028093974
10.91,48.43,0.2645895737927587,0.059129008929428545
10.940000000000001,48.43,0.2966609347298174,0.08793039295466393
10.97,48.43,0.28512424420303695,0.08108496331659192
11,48.43,0.2771361545802722,0.07650605657196395
11.030000000000001,48.43,0.28097030374242643,0.08818786347666212
11.06,48.43,0.2914111284889582,0.1093174472993861
11.09,48.43,0.3079481333560868,0.11795778624322005
11.120000000000001,48.43,0.33424598987373955,0.14307414216508924
11.15,48.43,0.32654188997938066,0.12634102929020297
11.18,48.43,0.30691461265584385,0.08662357450871168
11.21,48.43,0.33383897512003324,0.10363241211778228
11.24,48.43,0.380226172345191,0.14138835896066465
11.27,48.43,0.34428445486269527,0.1188374705890211
11.3,48.43,0.2770585844497031,0.08183620873480414
11.33,48.43,0.24146779557915468,0.06366710224323621
11.36,48.43,0.22426413711353416,0.05561594221581249
11.39,48.43,0.2208931741466909,0.05289891857063433
11.42,48.43,0.2322386499809781,0.061758112994708694
11.45,48.43,0.2434058931749881,0.06319876357383332
11.48,48.43,0.26157311349058565,0.06839416844955795
11.51,48.43,0.27698443879767776,0.06183310026107694
11.54,48.43,0.29269569293505726,0.11720825936767572
11.57,48.43,0.2776065403618041,0.09354452421946893
11.6,48.43,0.2923781681128942,0.08298295307215087
11.63,48.43,0.29139852062995397,0.07294300563804845
11.66,48.43,0.2924817805843611,0.06456800469564936
11.690000000000001,48.43,0.33635629110847626,0.07692968917838552
11.72,48.43,0.4145953352067559,0.09306912976576416
11.75,48.43,0.43430697279918384,0.0913156423683575
11.780000000000001,48.43,0.3704515753797276,0.07164794855802319
11.81,48.43,0.3513410210212702,0.06170634603689226
11.84,48.43,0.3946015448501958,0.08001895534945712
11.870000000000001,48.43,0.4430121021398556,0.09147020778261715
11.9,48.43,0.3959535291217978,0.07380115590810599
11.93,48.43,0.41534464895503265,0.08720681819580627
11.96,48.43,0.4483658830751613,0.16031096399183456
11.99,48.43,0.34281674105973764,0.06710847334691852
12.02,48.43,0.321226705393439,0.06338393788659523
12.05,48.43,0.29633380024442196,0.07043727916152671
12.08,48.43,0.33330451376800546,0.10351596678777489
12.11,48.43,0.2965820607026207,0.07015587969780063
12.14,48.43,0.2762571816779311,0.052528138404659544
12.17,48.43,0.28331964233511125,0.047038442605720404
12.2,48.43,0.2936262966963927,0.06074601104550218
12.23,48.43,0.2831287511022675,0.07684253264277383
12.26,48.43,0.2726401363295667,0.05961747228396612
12.29,48.43,0.29719570509077936,0.09469743341461133
12.32,48.43,0.3362971570219571,0.14344848747708905
12.35,48.43,0.30433034978859175,0.10365457649954693
12.38,48.43,0.28479728285455785,0.07700831467029445
12.41,48.43,0.298530903024772,0.10118615410535296
12.440000000000001,48.43,0.31786072307773067,0.13057710908633452
12.47,48.43,0.30606212087177487,0.1113988073979242
12.5,48.43,0.29241499360741563,0.0838815188499582
12.530000000000001,48.43,0.2955048628805086,0.0830627785514807
12.56,48.43,0.29539044080380594,0.08167111733309212
12.59,48.43,0.303862017390277,0.07838257297555765
12.620000000000001,48.43,0.3090478894636721,0.08354496351299188
12.65,48.43,0.295996939967212,0.09416375248508801
12.68,48.43,0.28840383134930275,0.10395602450987876
12.71,48.43,0.2693114193341449,0.08355904777614466
12.74,48.43,0.26506428770906315,0.07485943410210971
12.77,48.43,0.28051418042484805,0.11015044969357117
12.8,48.43,0.27811883030669066,0.11399790047086003
12.83,48.43,0.2586136997968494,0.07461028038454379
12.86,48.43,0.2590715962917808,0.07076131858729937
12.89,48.43,0.2869167150521656,0.08797178395509207
12.92,48.43,0.3177586613546695,0.10432569629418433
12.95,48.43,0.33501528173440315,0.14669165737939152
12.98,48.43,0.3349549058406624,0.1802496271726639
13.01,48.43,0.28077635652283733,0.12218777177169518
13.04,48.43,0.24280901787630144,0.06864081960748775
13.07,48.43,0.23455602627525646,0.05925981284902184
13.100000000000001,48.43,0.22324019644780557,0.047868568081542905
13.129999999999999,48.43,0.22043588643257242,0.053345430459158905
13.16,48.43,0.22392428072174697,0.05496737203359099
13.190000000000001,48.43,0.2261751816024234,0.051611235398935876
13.22,48.43,0.22942626164750526,0.051815759455329714
13.25,48.43,0.23712247026667027,0.053285648906286794
13.280000000000001,48.43,0.2598744406628287,0.06603329460783162
13.31,48.43,0.29847116926576484,0.09804527945403917
13.34,48.43,0.2891225730087036,0.08437510149840098
13.370000000000001,48.43,0.3028729015265133,0.10008958014001924
13.4,48.43,0.28734651124585225,0.0933569705189939
13.43,48.43,0.248062388439501,0.08351710557312862
10.07,48.46,0.31502398925625896,0.06677877661173494
10.1,48.46,0.31893054447845265,0.0683149721970417
10.13,48.46,0.3207807874697441,0.06758543433220679
10.16,48.46,0.3289302300089076,0.09104926808449942
10.190000000000001,48.46,0.3333457386250524,0.08550769974949339
10.22,48.46,0.34463155461209805,0.0825215753306985
10.25,48.46,0.3623552475261891,0.09487337527358194
10.280000000000001,48.46,0.3695316802391048,0.09528028580477985
10.31,48.46,0.3805677677686317,0.1129024108036825
10.34,48.46,0.3030353800259469,0.06322058901533219
10.370000000000001,48.46,0.29406705260167615,0.07333513183331493
10.4,48.46,0.3032447863028814,0.05658934995105259
10.43,48.46,0.3214283177448099,0.07519558305132361
10.46,48.46,0.3197774092933091,0.07128465565218867
10.49,48.46,0.3192704397428987,0.07049474092988443
10.52,48.46,0.30376242744636767,0.06983301304137975
10.55,48.46,0.2910637662792393,0.07092354636488862
10.58,48.46,0.28125351315173025,0.07499811736025197
10.61,48.46,0.27879959381792413,0.0754865550566754
10.64,48.46,0.2678371340278287,0.06796431734368517
10.67,48.46,0.2619614576450288,0.06664366803386412
10.7,48.46,0.25613209136816173,0.06634248778442992
10.73,48.46,0.252021732876978,0.08346588251888062
10.76,48.46,0.2638470082836517,0.10910643258076863
10.790000000000001,48.46,0.2522008740187425,0.07913615299130994
10.82,48.46,0.25249082331873995,0.07243269266136092
10.85,48.46,0.2533667239881625,0.0648976556691255
10.88,48.46,0.26598032881335154,0.05654178510549632
10.91,48.46,0.3442266709898232,0.1138121837709421
10.940000000000001,48.46,0.41671702257680165,0.15971118622715944
10.97,48.46,0.32247121036625265,0.1025108522689723
11,48.46,0.31846583617964097,0.15092428919030643
11.030000000000001,48.46,0.28055633442167527,0.08580689204430106
11.06,48.46,0.2709483867172322,0.07028565549973184
11.09,48.46,0.29963201824551977,0.10189902292707949
11.120000000000001,48.46,0.36770472687794736,0.1858782849438628
11.15,48.46,0.36357268956262884,0.17157341970893583
11.18,48.46,0.3067802066908353,0.09210672191157997
11.21,48.46,0.334400693090326,0.10467031829906193
11.24,48.46,0.4027849599592173,0.16152051159083833
11.27,48.46,0.3691337732111525,0.13843840774487226
11.3,48.46,0.2839202641436349,0.0812543307614254
11.33,48.46,0.24294522248330316,0.06003898175267127
11.36,48.46,0.23161549070999846,0.057322652245473366
11.39,48.46,0.2259323953939067,0.05887552534080731
11.42,48.46,0.24666023034560772,0.0918142310842058
11.45,48.46,0.2636558772588099,0.11066952124765143
11.48,48.46,0.2523048891873056,0.06551413234916492
11.51,48.46,0.25983999265080476,0.05967103257171012
11.54,48.46,0.2733514348894206,0.09021517349160578
11.57,48.46,0.2637232086368665,0.07239955062273246
11.6,48.46,0.2745201681982313,0.061210052268799296
11.63,48.46,0.2872360569346716,0.06481203102764158
11.66,48.46,0.3116522933405328,0.08734395326761023
11.690000000000001,48.46,0.36134154075786573,0.09035111522558077
11.72,48.46,0.44356058354379135,0.12778836912832126
11.75,48.46,0.43569273687467225,0.12368957702789952
11.780000000000001,48.46,0.37827439622590264,0.09469716114671639
11.81,48.46,0.334465703707131,0.056007622932759654
11.84,48.46,0.3562443553444697,0.06311194154879515
11.870000000000001,48.46,0.4266985078593741,0.08791662924614624
11.9,48.46,0.46167792174405387,0.1078788640016114
11.93,48.46,0.39777861565419304,0.0823176743401256
11.96,48.46,0.3483658584680253,0.07159133008959778
11.99,48.46,0.38562157678298714,0.08091729849562448
12.02,48.46,0.3663789705153124,0.0745791321270881
12.05,48.46,0.37757130056857235,0.08671435244070484
12.08,48.46,0.3563668249073116,0.07933582265019096
12.11,48.46,0.3305117591232447,0.08423420789592971
12.14,48.46,0.3052995973491956,0.05608756730888559
12.17,48.46,0.29153683682371356,0.04443239627619341
12.2,48.46,0.3053371904018278,0.053799472727806344
12.23,48.46,0.30345494544019636,0.06878242385632892
12.26,48.46,0.28901518421442496,0.07358976499598703
12.29,48.46,0.3064827809783038,0.09440274436272927
12.32,48.46,0.30511594480252946,0.08848321484639521
12.35,48.46,0.29460554341357276,0.08127658601131461
12.38,48.46,0.3240427098982135,0.12210874252901123
12.41,48.46,0.31092245101021243,0.09214305391365149
12.440000000000001,48.46,0.3258907582862715,0.10926505237973015
12.47,48.46,0.31832299087765126,0.10282599259972666
12.5,48.46,0.3121258160386409,0.07858941624234841
12.530000000000001,48.46,0.3219866867939289,0.08008666774162221
12.56,48.46,0.3256085870906378,0.08082801942490488
12.59,48.46,0.3330208480751253,0.08478585718974693
12.620000000000001,48.46,0.33129269463295824,0.09839591363723627
12.65,48.46,0.32415698592230924,0.11314222285892495
12.68,48.46,0.32274742642748255,0.14388201497052241
12.71,48.46,0.2882633767548698,0.09105790637701029
12.74,48.46,0.2757977626227566,0.07055992470757619
12.77,48.46,0.2826815607102507,0.07333218453890886
12.8,48.46,0.27860411097987114,0.07826786033818577
12.83,48.46,0.27265344778313855,0.07525584510111424
12.86,48.46,0.2782776312882686,0.07770440266636422
12.89,48.46,0.30913754793123965,0.09242835401177127
12.92,48.46,0.33440121058460226,0.09296636761056562
12.95,48.46,0.3310365045741226,0.10720520664323271
12.98,48.46,0.31865664031799346,0.12914438979651358
13.01,48.46,0.29171696139945724,0.10338093467103207
13.04,48.46,0.2529321239682312,0.07554776359932014
13.07,48.46,0.23929240654335088,0.06335555275595364
13.100000000000001,48.46,0.2289541445979317,0.050763665047211574
13.129999999999999,48.46,0.2220859949154155,0.04541450343133628
13.16,48.46,0.2234601452062618,0.05067421233990976
13.190000000000001,48.46,0.22592735973280123,0.05001508121469314
13.22,48.46,0.23515322207698536,0.04922078855980101
13.25,48.46,0.2503898948085778,0.05664757027225137
13.280000000000001,48.46,0.27152724349001855,0.06519510637664717
13.31,48.46,0.3015590970750608,0.0841330297427912
13.34,48.46,0.3315672378463291,0.10089587270791564
13.370000000000001,48.46,0.3864688001384775,0.15681633377728207
13.4,48.46,0.3261674457658837,0.10325100769584607
13.43,48.46,0.25840776990206343,0.08077116134023105
10.22,48.49,0.3066307916025014,0.061218043016437504
10.25,48.49,0.3136584703341148,0.06339358571870678
10.280000000000001,48.49,0.31980397101549285,0.06747704962360014
10.31,48.49,0.3146278674800361,0.06996505086737646
10.34,48.49,0.2949170635644218,0.054128344343625845
10.370000000000001,48.49,0.30619633052929307,0.0609386736763245
10.4,48.49,0.33461812865533047,0.0682473979352803
10.43,48.49,0.37176637318820227,0.08639099471993586
10.46,48.49,0.3640344723483952,0.07670120752647457
10.49,48.49,0.3417252299167344,0.07199774385548435
10.52,48.49,0.3282464172456768,0.07355834823659224
10.55,48.49,0.32236760838798934,0.07632435433707983
10.58,48.49,0.3149069212785922,0.08020922886159644
10.61,48.49,0.30594071188888794,0.07792208317258531
10.64,48.49,0.29433964334398194,0.07044074494739185
10.67,48.49,0.2810597529512087,0.07218777216548343
10.7,48.49,0.27115551938357796,0.0672455232367205
10.73,48.49,0.2660343273765284,0.06758204107106797
10.76,48.49,0.2642047282485187,0.07020912290330743
10.790000000000001,48.49,0.25439257310024854,0.05164863634230988
10.82,48.49,0.25917782311721255,0.05450452513911242
10.85,48.49,0.264948430851249,0.05581147547823445
10.88,48.49,0.3005072834004245,0.05980350483531547
10.91,48.49,0.3650914596847617,0.09276580146105823
10.940000000000001,48.49,0.3512303499799198,0.08496212706944406
10.97,48.49,0.30767846896229695,0.06857087046243322
11,48.49,0.28609292357212446,0.08030098496618661
11.030000000000001,48.49,0.26509748849218434,0.06565370984897358
11.06,48.49,0.2553129745394594,0.06074901335763306
11.09,48.49,0.2727964995691117,0.07543343783274524
11.120000000000001,48.49,0.3227969639693837,0.12175915613154592
11.15,48.49,0.34218500037098487,0.13847185807927131
11.18,48.49,0.2897488776891313,0.08692097796535829
11.21,48.49,0.2854284178551514,0.08654855795000423
11.24,48.49,0.32412646443039345,0.11504826265952615
11.27,48.49,0.30652415366357333,0.09862082039942949
11.3,48.49,0.25841785999359185,0.06134535877410615
11.33,48.49,0.2430058075486734,0.06439859072938509
11.36,48.49,0.23876963616870578,0.08177064710675261
11.39,48.49,0.23262143481695166,0.07272920791054473
11.42,48.49,0.2443628221808226,0.08821956590833442
11.45,48.49,0.25628521379151087,0.11158788927286786
11.48,48.49,0.23890936777436525,0.06373242421537528
11.51,48.49,0.2476879218137055,0.05439992074168683
11.54,48.49,0.26662741827883063,0.06977093776070702
11.57,48.49,0.2655642895246195,0.055319472137315744
11.6,48.49,0.27747216932174334,0.05988555285086906
11.63,48.49,0.2873864955470516,0.05960447994416202
11.66,48.49,0.307392884527974,0.06833054606494962
11.690000000000001,48.49,0.3448160475033653,0.07669658405613344
11.72,48.49,0.384624405431712,0.08819433156109319
11.75,48.49,0.37605402793600184,0.08691535549711872
11.780000000000001,48.49,0.3471168411588887,0.06525168515801692
11.81,48.49,0.32794307677373036,0.051581201596789375
11.84,48.49,0.35021272398483133,0.05995163312545076
11.870000000000001,48.49,0.3902601956695081,0.07519433895323054
11.9,48.49,0.4100333333622207,0.07722914088031704
11.93,48.49,0.4040965291955167,0.1057982464241192
11.96,48.49,0.33771948334337654,0.07268036028563311
11.99,48.49,0.34508827877007464,0.07229480919724014
12.02,48.49,0.3681053878391221,0.07757667309368402
12.05,48.49,0.4708122283015259,0.11047378484051096
12.08,48.49,0.4047270906623539,0.11126595762248516
12.11,48.49,0.3597870024041345,0.12181971728451259
12.14,48.49,0.3185227119763243,0.0554011781868413
12.17,48.49,0.3085830840545621,0.050324373296256185
12.2,48.49,0.3268264624909862,0.07744502646461313
12.23,48.49,0.3113370476509325,0.07176887209771071
12.26,48.49,0.29873572774073565,0.07805422971177878
12.29,48.49,0.30465816384283706,0.08991223923746909
12.32,48.49,0.2990251106929731,0.12195510758432762
12.35,48.49,0.2919834206419616,0.0950097474929393
12.38,48.49,0.3196392804666563,0.10892218485400336
12.41,48.49,0.35788022197259894,0.10054250240240584
12.440000000000001,48.49,0.35454765347601486,0.08433538221630245
12.47,48.49,0.3236898535058974,0.07130994065088835
12.5,48.49,0.33174670728052896,0.07927274397713163
12.530000000000001,48.49,0.3518121407752477,0.09334357138933111
12.56,48.49,0.3545563046937315,0.0936117164722062
12.59,48.49,0.3349441285522135,0.08450878865529741
12.620000000000001,48.49,0.32928190447373556,0.09116628361091923
12.65,48.49,0.30711007344657193,0.08231046388187367
12.68,48.49,0.30341617514607067,0.09276216198235103
12.71,48.49,0.278628319883511,0.08139783080760321
12.74,48.49,0.2749982478795374,0.07104491576207322
12.77,48.49,0.2857879933698802,0.07219129868741837
12.8,48.49,0.28039934243336945,0.07347046555753874
12.83,48.49,0.2786416601751152,0.07649602381066457
12.86,48.49,0.3003918143052337,0.100096565650965
12.89,48.49,0.3332916595357987,0.13448711105325434
12.92,48.49,0.3585433225725382,0.13763336559025027
12.95,48.49,0.3295152835318304,0.10890401532880006
12.98,48.49,0.2963968130448084,0.09359987669682679
13.01,48.49,0.2818058479470595,0.09096474812645386
13.04,48.49,0.27198321371059914,0.08437543223130045
13.07,48.49,0.26852418776545334,0.08191472051563542
13.100000000000001,48.49,0.2541015240502488,0.06598941090279802
13.129999999999999,48.49,0.2385150701126587,0.046313175945881385
13.16,48.49,0.23649123564067603,0.049784277525515966
13.190000000000001,48.49,0.23408093376844086,0.04918586898608856
13.22,48.49,0.241007776863953,0.05336663776319129
13.25,48.49,0.2712792068140858,0.07588320985294338
13.280000000000001,48.49,0.3004974147185875,0.0822508472377872
13.31,48.49,0.3289538430767671,0.09003196643598758
13.34,48.49,0.3130378331366854,0.09858467070128321
13.370000000000001,48.49,0.31991198714892904,0.11817113298143457
13.4,48.49,0.2848063130049884,0.09287840365045784
13.43,48.49,0.24658303921268931,0.08814460562012898
10.280000000000001,48.52,0.2895879840769073,0.05340753873392794
10.31,48.52,0.29545267119253027,0.05468275097070188
10.34,48.52,0.31626027174267896,0.08017765078571415
10.370000000000001,48.52,0.32343547095330266,0.06175132332934874
10.4,48.52,0.3628092479861911,0.07107596847417924
10.43,48.52,0.4536695575807416,0.11709563113191182
10.46,48.52,0.3935409688369403,0.08506032442474487
10.49,48.52,0.36161341220933696,0.07751099918720528
10.52,48.52,0.3499384396321175,0.08142126223549548
10.55,48.52,0.35322084365505396,0.08330938808658644
10.58,48.52,0.35498462760734595,0.07755416625946471
10.61,48.52,0.3453366767436419,0.08105154045253303
10.64,48.52,0.32481030867582955,0.07841258971498774
10.67,48.52,0.3009170314586554,0.07969878335749142
10.7,48.52,0.2883531138340095,0.07284905467441315
10.73,48.52,0.2863862402827578,0.0622616784381532
10.76,48.52,0.28727400167052636,0.07207484290762427
10.790000000000001,48.52,0.27864176272201674,0.05566270536478789
10.82,48.52,0.297320140986427,0.07347610342601421
10.85,48.52,0.29374736089307996,0.06589344134941165
10.88,48.52,0.32570139379048746,0.07835286888360257
10.91,48.52,0.417032807861911,0.09499471246916495
10.940000000000001,48.52,0.3698168815508107,0.10915509144077097
10.97,48.52,0.298209789208766,0.06474989963216624
11,48.52,0.263870100935211,0.050815764023854564
11.030000000000001,48.52,0.24561042377446124,0.04720994032010569
11.06,48.52,0.2416508275453358,0.05119906656471262
11.09,48.52,0.25015043461888614,0.05932997582160352
11.120000000000001,48.52,0.2652448974283193,0.0731277812581359
11.15,48.52,0.292283715177153,0.11464741850375638
11.18,48.52,0.2618003210206012,0.07686943607612673
11.21,48.52,0.24147039124485745,0.06087144973991581
11.24,48.52,0.24830347548182805,0.05981714301851742
11.27,48.52,0.243062072696289,0.05104328313853973
11.3,48.52,0.24025282439994716,0.047427076767275866
11.33,48.52,0.23915860794682106,0.05830945699846685
11.36,48.52,0.2557294482210233,0.12337583357739638
11.39,48.52,0.24563848515893827,0.08305563891636479
11.42,48.52,0.23339217181565783,0.05051660871405639
11.45,48.52,0.23392198537419356,0.049982280914110784
11.48,48.52,0.23449466514709263,0.05647359859861075
11.51,48.52,0.25532258342745257,0.0662419457984409
11.54,48.52,0.27692128754060236,0.08968423112295212
11.57,48.52,0.26094763721403513,0.06491537369387308
11.6,48.52,0.28124250458876954,0.059503861390533125
11.63,48.52,0.2936702468383045,0.06058015999303907
11.66,48.52,0.3015533452454532,0.058127528551385345
11.690000000000001,48.52,0.3308040887862919,0.06256845819615794
11.72,48.52,0.3453839850935309,0.07200155578918342
11.75,48.52,0.3395812872706827,0.0647683545105299
11.780000000000001,48.52,0.3275639180978895,0.058522830504820926
11.81,48.52,0.32311479035936497,0.0538909106726097
11.84,48.52,0.34051573193999946,0.060164965642902
11.870000000000001,48.52,0.38382194077486076,0.07841783619771732
11.9,48.52,0.4494879670983855,0.1451392547577013
11.93,48.52,0.3780713797129224,0.10812109904523065
11.96,48.52,0.33785497261517206,0.07239935842389446
11.99,48.52,0.3623054034562235,0.06627535302175343
12.02,48.52,0.4097686424207078,0.08824234727532189
12.05,48.52,0.36213238911381934,0.07084840833007251
12.08,48.52,0.35878004584542067,0.08542800120269836
12.11,48.52,0.31698051324360027,0.05236903615356995
12.14,48.52,0.32776278017252686,0.04683660297650799
12.17,48.52,0.3232120372936115,0.0506734092473753
12.2,48.52,0.34872155524856224,0.08800339041920771
12.23,48.52,0.3172920157186819,0.07592413354118417
12.26,48.52,0.2956475831598151,0.07000594142092338
12.29,48.52,0.2791186312373706,0.051355572932535454
12.32,48.52,0.27255345599982,0.06513051303292505
12.35,48.52,0.30074621260990714,0.11786730810246471
12.38,48.52,0.31039545046527756,0.10513504716697514
12.41,48.52,0.3492121042570794,0.12305002349422958
12.440000000000001,48.52,0.3679783545959862,0.10242191445036165
12.47,48.52,0.36535875662610234,0.1071271708811428
12.5,48.52,0.4025258066605899,0.11615462994363944
12.530000000000001,48.52,0.4000505088867938,0.11263989618164692
12.56,48.52,0.38946087659327694,0.11293366879490174
12.59,48.52,0.35555115201075754,0.10030971602926322
12.620000000000001,48.52,0.31239442598184214,0.08374126672946083
12.65,48.52,0.2929162739101675,0.06930917935103215
12.68,48.52,0.2932610654027411,0.07843241762359686
12.71,48.52,0.2853393702016126,0.07862505380193616
12.74,48.52,0.2770221473038121,0.0704067582377997
12.77,48.52,0.30641967335916165,0.08376176028815914
12.8,48.52,0.3076682451827574,0.09068878931055441
12.83,48.52,0.30110154766648123,0.08419888177336131
12.86,48.52,0.3217124287917614,0.09045026967440314
12.89,48.52,0.3522601066436797,0.11392944618111034
12.92,48.52,0.37264263704703804,0.12592027351737636
12.95,48.52,0.3346105369377386,0.09800081966202542
12.98,48.52,0.3056587960978384,0.08742975924885268
13.01,48.52,0.2888815682059436,0.08542678389478194
13.04,48.52,0.28869361181151004,0.08837680161453577
13.07,48.52,0.2872807975079448,0.0866596852714987
13.100000000000001,48.52,0.2976595174355425,0.07927085546887297
13.129999999999999,48.52,0.27931432064379513,0.06427383466109833
13.16,48.52,0.2460258040609942,0.059966569395794256
13.190000000000001,48.52,0.23276021662132745,0.04662002505867779
13.22,48.52,0.24809778051569428,0.05371093896587676
13.25,48.52,0.2631909996014635,0.06737695357924996
13.280000000000001,48.52,0.3013700341755458,0.10145533541053676
13.31,48.52,0.3239092225738045,0.10889334734402446
13.34,48.52,0.27843089425013656,0.07952977884393678
13.370000000000001,48.52,0.25857830982220364,0.0839718779163764
13.4,48.52,0.24365607290854885,0.08281907839081665
13.43,48.52,0.2278676437608126,0.08228743919654805
10.34,48.550000000000004,0.3287421001542049,0.06622435368653494
10.370000000000001,48.550000000000004,0.3462874475509055,0.07948806172937707
10.4,48.550000000000004,0.38855314450794837,0.09456437958755376
10.43,48.550000000000004,0.3988056362658064,0.07001489901864197
10.46,48.550000000000004,0.38366210403729384,0.07054438694816999
10.49,48.550000000000004,0.35863499596018555,0.07435455028810528
10.52,48.550000000000004,0.36812266835221974,0.09569940663224129
10.55,48.550000000000004,0.38494714007334424,0.09720453527428975
10.58,48.550000000000004,0.40496658300303945,0.07394305892200823
10.61,48.550000000000004,0.4082896998684785,0.0784795103759166
10.64,48.550000000000004,0.36263269271935583,0.07729853433139774
10.67,48.550000000000004,0.3145254172410126,0.07436523980090363
10.7,48.550000000000004,0.30118816776906665,0.0727448940430197
10.73,48.550000000000004,0.30527116253344355,0.06597957581294116
10.76,48.550000000000004,0.3072697645314878,0.061347475861794926
10.790000000000001,48.550000000000004,0.30288336061323623,0.07337386993298056
10.82,48.550000000000004,0.31154237279618896,0.09601873994454933
10.85,48.550000000000004,0.28899928168948963,0.06330059999809122
10.88,48.550000000000004,0.28929445471368337,0.06207451621871261
10.91,48.550000000000004,0.31551371688070345,0.08234864885387681
10.940000000000001,48.550000000000004,0.31760595102719885,0.08448552697654231
10.97,48.550000000000004,0.2818479596987431,0.06428447575691572
11,48.550000000000004,0.2534543384073695,0.0504617229185554
11.030000000000001,48.550000000000004,0.2497982580741413,0.049123884025608515
11.06,48.550000000000004,0.25509305919792374,0.06099110516440425
11.09,48.550000000000004,0.24585115251477163,0.050045460380782905
11.120000000000001,48.550000000000004,0.2445276712158879,0.04984716865054304
11.15,48.550000000000004,0.24344306022838588,0.05382495499484543
11.18,48.550000000000004,0.23448576965714404,0.04819645985582949
11.21,48.550000000000004,0.23030877629497673,0.05095341836837216
11.24,48.550000000000004,0.22934793861725072,0.04467594453036505
11.27,48.550000000000004,0.2360502261541711,0.04435149189813565
11.3,48.550000000000004,0.24551420418940675,0.05094748476086683
11.33,48.550000000000004,0.2476992881108289,0.05245133858964923
11.36,48.550000000000004,0.2509815521185238,0.06350743199808141
11.39,48.550000000000004,0.25773000555510844,0.05909046471511851
11.42,48.550000000000004,0.27648412791515875,0.07171870050936875
11.45,48.550000000000004,0.2796445732196075,0.0808535554237511
11.48,48.550000000000004,0.2725220089703551,0.08000068814870905
11.51,48.550000000000004,0.2777489983243023,0.07156748236750923
11.54,48.550000000000004,0.2876970277902961,0.07274615632786077
11.57,48.550000000000004,0.26772270780617546,0.06280174158149078
11.6,48.550000000000004,0.256255823354447,0.06574504048240523
11.63,48.550000000000004,0.2643711528377092,0.07131629352677185
11.66,48.550000000000004,0.2713383339298443,0.058763843152455544
11.690000000000001,48.550000000000004,0.29754186136426636,0.053861728422348716
11.72,48.550000000000004,0.3193683047674391,0.0636358620993885
11.75,48.550000000000004,0.32049394314863655,0.061433761486249454
11.780000000000001,48.550000000000004,0.31230712545304795,0.054179435933328614
11.81,48.550000000000004,0.3189015856242515,0.05710941260705709
11.84,48.550000000000004,0.32771467004600824,0.060732121195700386
11.870000000000001,48.550000000000004,0.3474337400581634,0.07198701284287516
11.9,48.550000000000004,0.36275083692407734,0.08685454763553772
11.93,48.550000000000004,0.3428557989433663,0.07225293466341573
11.96,48.550000000000004,0.36682320776205996,0.10050034929505514
11.99,48.550000000000004,0.36114791776151356,0.0749639186454952
12.02,48.550000000000004,0.3611339105722092,0.07732750024211568
12.05,48.550000000000004,0.3266865990210025,0.06270228479256051
12.08,48.550000000000004,0.33466900624285967,0.0896829963139034
12.11,48.550000000000004,0.33952334070126255,0.05588092223641692
12.14,48.550000000000004,0.3468330359744866,0.04368339917754846
12.17,48.550000000000004,0.36762879120209013,0.07030083092585146
12.2,48.550000000000004,0.3736762378253373,0.1026963329039257
12.23,48.550000000000004,0.3381935745540008,0.08513513529625791
12.26,48.550000000000004,0.32858546240396824,0.08427156786514793
12.29,48.550000000000004,0.2964082310385197,0.050794780373221125
12.32,48.550000000000004,0.27028742345989304,0.047349580050384456
12.35,48.550000000000004,0.31237256851778905,0.1523741541320116
12.38,48.550000000000004,0.281832919832369,0.07570974824424272
12.41,48.550000000000004,0.27902042681215194,0.06184156633056986
12.440000000000001,48.550000000000004,0.2954840704388436,0.06568667719829592
12.47,48.550000000000004,0.35642247977800906,0.08815808819372233
12.5,48.550000000000004,0.46520978318531936,0.1549824280269341
12.530000000000001,48.550000000000004,0.4167749454659041,0.12037810222575328
12.56,48.550000000000004,0.4549658231937995,0.16325532063841489
12.59,48.550000000000004,0.41469107858392223,0.15332499754457068
12.620000000000001,48.550000000000004,0.33307374778620397,0.0802467139253454
12.65,48.550000000000004,0.3343872873641,0.0750213100867089
12.68,48.550000000000004,0.3236079818625672,0.08542524288971866
12.71,48.550000000000004,0.3243562080360965,0.0927285654354558
12.74,48.550000000000004,0.2897713837357219,0.08233620214042248
12.77,48.550000000000004,0.3245217609728918,0.07725554315271174
12.8,48.550000000000004,0.34275479340252485,0.13056460543165732
12.83,48.550000000000004,0.32969485775768015,0.08797472685797827
12.86,48.550000000000004,0.37418354478993016,0.09872174875138172
12.89,48.550000000000004,0.3784190146156012,0.0924565180856071
12.92,48.550000000000004,0.365645494653499,0.0947072768889512
12.95,48.550000000000004,0.33422810860624264,0.09671287678421782
12.98,48.550000000000004,0.32232307622509604,0.09863132844645289
13.01,48.550000000000004,0.32145974180816134,0.08288417473190984
13.04,48.550000000000004,0.32114134612206946,0.0866835392545637
13.07,48.550000000000004,0.3096178951773178,0.09497243072582402
13.100000000000001,48.550000000000004,0.32816296121765903,0.07396796543576667
13.129999999999999,48.550000000000004,0.35550056598047214,0.12395500724659925
13.16,48.550000000000004,0.2719902442190669,0.0714553406817025
13.190000000000001,48.550000000000004,0.23087392556620623,0.04644435251497938
13.22,48.550000000000004,0.22915010686193935,0.04862948553836059
13.25,48.550000000000004,0.23817182596267097,0.050898539403920307
13.280000000000001,48.550000000000004,0.2520824824969197,0.07483736680273512
13.31,48.550000000000004,0.2529582239060587,0.0786357027938234
13.34,48.550000000000004,0.24141813243368224,0.07632706221230111
13.370000000000001,48.550000000000004,0.2295760482754052,0.0764196823430357
13.4,48.550000000000004,0.2208915543972047,0.07400659763696363
13.43,48.550000000000004,0.22607929563403178,0.07694003224347419
13.67,48.550000000000004,0.23053366687135468,0.09276888000235989
13.7,48.550000000000004,0.21117358971400965,0.07392013601556112
10.34,48.580000000000005,0.3644158051711483,0.07774439865499623
10.370000000000001,48.580000000000005,0.3726101079728056,0.09648737131247173
10.4,48.580000000000005,0.39320167220763413,0.09834501521414261
10.43,48.580000000000005,0.440995094691637,0.10879995119442792
10.46,48.580000000000005,0.3796099612687521,0.09864754413864509
10.49,48.580000000000005,0.35871756074401046,0.08756302814977054
10.52,48.580000000000005,0.3936501915248078,0.10007282780314734
10.55,48.580000000000005,0.4206210005842865,0.09046740529925405
10.58,48.580000000000005,0.4373283541980512,0.0692151631628449
10.61,48.580000000000005,0.44266064997355054,0.1093918843949756
10.64,48.580000000000005,0.3671315719761473,0.07973203888517827
10.67,48.580000000000005,0.3220867868778359,0.07680939899197568
10.7,48.580000000000005,0.3107236263174338,0.06665106531896507
10.73,48.580000000000005,0.3399615379340307,0.09387146991679812
10.76,48.580000000000005,0.3607982354384259,0.10893347640053683
10.790000000000001,48.580000000000005,0.3415117476775336,0.09539750300669547
10.82,48.580000000000005,0.35301108692255184,0.10717191208741508
10.85,48.580000000000005,0.2862918663623898,0.06994879499559582
10.88,48.580000000000005,0.27182639342618875,0.06208742911365315
10.91,48.580000000000005,0.2864284241998694,0.0697819020910379
10.940000000000001,48.580000000000005,0.3056107521623265,0.09236795471769252
10.97,48.580000000000005,0.2872701418053568,0.08455056582605872
11,48.580000000000005,0.2494863434813575,0.05123496985380103
11.030000000000001,48.580000000000005,0.25149225891952476,0.045235455108954555
11.06,48.580000000000005,0.2741963841570219,0.06871116637967008
11.09,48.580000000000005,0.25972245953201517,0.04910584414465843
11.120000000000001,48.580000000000005,0.2652937525683892,0.06426364471090434
11.15,48.580000000000005,0.26073813570601695,0.06422818597469486
11.18,48.580000000000005,0.23868737221288142,0.047340285559813004
11.21,48.580000000000005,0.23190626171985643,0.04470457478837823
11.24,48.580000000000005,0.2323253600413064,0.04198587259153344
11.27,48.580000000000005,0.24349972247814133,0.04207801147866027
11.3,48.580000000000005,0.26066747678505414,0.05460421776211559
11.33,48.580000000000005,0.2696017723914766,0.060244367916646197
11.36,48.580000000000005,0.26943575574487605,0.062483734817764564
11.39,48.580000000000005,0.2958707311983343,0.07446799355543297
11.42,48.580000000000005,0.3207464594980011,0.08590191664615213
11.45,48.580000000000005,0.3290893116613957,0.09488804830593936
11.48,48.580000000000005,0.33518393451536227,0.10074884402873224
11.51,48.580000000000005,0.33489416166154506,0.09849690267658952
11.54,48.580000000000005,0.3276901033652983,0.09694473306328041
11.57,48.580000000000005,0.321002725625149,0.09623839497763531
11.6,48.580000000000005,0.2986775234754196,0.07817331612364593
11.63,48.580000000000005,0.28153502727359936,0.07081357042942382
11.66,48.580000000000005,0.24818486802664275,0.04945139108665759
11.690000000000001,48.580000000000005,0.254783262144093,0.04350542973953717
11.72,48.580000000000005,0.2807872882487221,0.05772645263581783
11.75,48.580000000000005,0.30067977454016415,0.06032207258895409
11.780000000000001,48.580000000000005,0.3060269639287132,0.050106325698357164
11.81,48.580000000000005,0.3102259413855784,0.050571398488840985
11.84,48.580000000000005,0.31501904487083243,0.055381143852765644
11.870000000000001,48.580000000000005,0.32533171617035883,0.0622222492792449
11.9,48.580000000000005,0.33283393062618244,0.06938439452865516
11.93,48.580000000000005,0.33818571716784407,0.060821782514508226
11.96,48.580000000000005,0.3427518374832231,0.06805284601102636
11.99,48.580000000000005,0.33800290376706427,0.06394996944932875
12.02,48.580000000000005,0.3103677300518268,0.05978521303635863
12.05,48.580000000000005,0.3029612229366196,0.057236899091963785
12.08,48.580000000000005,0.3053746811006751,0.05667616198655337
12.11,48.580000000000005,0.32399157611285995,0.04630071340657904
12.14,48.580000000000005,0.38687122183276507,0.05535687949517814
12.17,48.580000000000005,0.49890691510141594,0.0505959397488402
12.2,48.580000000000005,0.4486561481883364,0.06503813372655089
12.23,48.580000000000005,0.3276516861193633,0.06573185791649108
12.26,48.580000000000005,0.3386656948506846,0.06586433805817694
12.29,48.580000000000005,0.3055509037029308,0.060197156116081736
12.32,48.580000000000005,0.30907140375132197,0.06945911777468822
12.35,48.580000000000005,0.30442713014522876,0.07613259113095022
12.38,48.580000000000005,0.3382950300867136,0.10417918995261537
12.41,48.580000000000005,0.31728348450244287,0.09041102334694812
12.440000000000001,48.580000000000005,0.32340813220503994,0.07770168705443134
12.47,48.580000000000005,0.35118364305416033,0.08051954389438308
12.5,48.580000000000005,0.36740079262356506,0.07418064482094168
12.530000000000001,48.580000000000005,0.35590674254172777,0.06489468341158858
12.56,48.580000000000005,0.3643038269575122,0.08566770782385007
12.59,48.580000000000005,0.34618189506833374,0.08792645543308779
12.620000000000001,48.580000000000005,0.3669580612509867,0.10668673372646686
12.65,48.580000000000005,0.465104654099313,0.14717939741909342
12.68,48.580000000000005,0.40083289490916013,0.12914760598601982
12.71,48.580000000000005,0.35962493755668723,0.09206497405792545
12.74,48.580000000000005,0.32070366902807934,0.07840464167010201
12.77,48.580000000000005,0.299237038313506,0.07762897035365025
12.8,48.580000000000005,0.28870221422606734,0.06971577339753904
12.83,48.580000000000005,0.3669053270353467,0.13763156458989584
12.86,48.580000000000005,0.39237339805371546,0.10953696296607765
12.89,48.580000000000005,0.4594727737645597,0.12708273889475494
12.92,48.580000000000005,0.42590797132511554,0.10588430294479129
12.95,48.580000000000005,0.3546167120654297,0.09443967330977705
12.98,48.580000000000005,0.36843737736530147,0.09407134832654278
13.01,48.580000000000005,0.365077975187524,0.0908643260847999
13.04,48.580000000000005,0.3716572556939214,0.0822855731623593
13.07,48.580000000000005,0.3416243724789565,0.09674088416146752
13.100000000000001,48.580000000000005,0.33156102080786376,0.10156612266222229
13.129999999999999,48.580000000000005,0.327320339071548,0.08677304166104118
13.16,48.580000000000005,0.2755356136109687,0.07551043061599805
13.190000000000001,48.580000000000005,0.24753295008939222,0.07533204013102454
13.22,48.580000000000005,0.21823366271542896,0.04987581136040919
13.25,48.580000000000005,0.2130013437308304,0.04571058876188294
13.280000000000001,48.580000000000005,0.2172387260137557,0.056885455492118
13.31,48.580000000000005,0.22246153343743857,0.06366578265808275
13.34,48.580000000000005,0.22408706075816098,0.07207344688504196
13.370000000000001,48.580000000000005,0.22298662274230102,0.09055807130911141
13.4,48.580000000000005,0.2185058423984037,0.08541740365335465
13.43,48.580000000000005,0.2308893607009945,0.08634515747870736
13.46,48.580000000000005,0.2864642978919862,0.14820634010216763
13.55,48.580000000000005,0.23986962900076977,0.09963840969713474
13.58,48.580000000000005,0.2588401116263088,0.12289343850554554
13.61,48.580000000000005,0.25143087787006757,0.10384054400864887
13.64,48.580000000000005,0.2441001668635454,0.0991727673224724
13.67,48.580000000000005,0.22549243244216852,0.08462570220278383
13.7,48.580000000000005,0.2112171236854315,0.06998864046116261
13.73,48.580000000000005,0.20402237624012753,0.06904529685662877
13.76,48.580000000000005,0.1935778957504953,0.06524951217405499
10.34,48.61,0.38694788177518197,0.08027502040128962
10.370000000000001,48.61,0.3718157969724191,0.08691906549263949
10.4,48.61,0.3926576141682813,0.07526718654806215
10.43,48.61,0.5273417420858567,0.14887424150535075
10.46,48.61,0.40186523278515357,0.09132794622292441
10.49,48.61,0.3656960765200152,0.09521958947576062
10.52,48.61,0.4239457368334723,0.12946166270289944
10.55,48.61,0.4496574925205361,0.1175652195710079
10.58,48.61,0.4056307448668052,0.0816698624651107
10.61,48.61,0.40326006605439363,0.0893702671773797
10.64,48.61,0.3895273478210035,0.1133803580058515
10.67,48.61,0.33193392892306156,0.0818261554764225
10.7,48.61,0.31765826751389087,0.06874730009314967
10.73,48.61,0.3402963824968395,0.0772205471483416
10.76,48.61,0.35827380268416803,0.09358654755673405
10.790000000000001,48.61,0.353891631513465,0.09980408437464541
10.82,48.61,0.3563103247554936,0.10468753853076362
10.85,48.61,0.30232031413814775,0.07896419989627576
10.88,48.61,0.2867945973853655,0.0822957096054694
10.91,48.61,0.29163818943434616,0.085143192660785
10.940000000000001,48.61,0.32412641794792807,0.12410468922234662
10.97,48.61,0.3014900317794385,0.1113079863002818
11,48.61,0.25135675740085794,0.055558267483330946
11.030000000000001,48.61,0.2505567095936579,0.05192536414896315
11.06,48.61,0.24805628658252651,0.0382607087952022
11.09,48.61,0.2604270014744001,0.0544576079719747
11.120000000000001,48.61,0.29511535642508585,0.08787006956509834
11.15,48.61,0.2860487008832194,0.07946421659687762
11.18,48.61,0.2560609690660375,0.05580039734248218
11.21,48.61,0.2433777837432379,0.04120892671067478
11.24,48.61,0.23872643496849852,0.03603179168354664
11.27,48.61,0.24705497798308376,0.04108480594368216
11.3,48.61,0.2692545317584423,0.05356973109060879
11.33,48.61,0.2918706095383865,0.06905202754962618
11.36,48.61,0.32622343388544994,0.08179722832093639
11.39,48.61,0.3654466469025352,0.08787311440763025
11.42,48.61,0.386608192640773,0.08575052670870525
11.45,48.61,0.3970466475170901,0.08826858609246277
11.48,48.61,0.3837336996968388,0.09020080266415575
11.51,48.61,0.3790732508046599,0.09948714938727873
11.54,48.61,0.36954305952377203,0.10000182755144595
11.57,48.61,0.35710313759678913,0.09645400108425889
11.6,48.61,0.3423686351578478,0.08808634621582752
11.63,48.61,0.32728864767234106,0.08671547327656923
11.66,48.61,0.30200317608958316,0.07775909920545067
11.690000000000001,48.61,0.27030431446095643,0.0637522940892078
11.72,48.61,0.2626238521037979,0.054068590768176196
11.75,48.61,0.2752191544478779,0.052088760411695724
11.780000000000001,48.61,0.28223386214030244,0.056677821917267744
11.81,48.61,0.2982353394868955,0.05528611351275324
11.84,48.61,0.2984807361603833,0.05540633589050587
11.870000000000001,48.61,0.3042368433276989,0.059557117951364834
11.9,48.61,0.31169473400740244,0.059419160858151736
11.93,48.61,0.3176277475176726,0.056797517231411465
11.96,48.61,0.32533744995546054,0.06519370753960751
11.99,48.61,0.3105890393153437,0.057790707712257104
12.02,48.61,0.2824670243808777,0.046814075785551607
12.05,48.61,0.2895685044554618,0.049483544557853566
12.08,48.61,0.29779458907762274,0.053894694923588386
12.11,48.61,0.33576004435067924,0.05568624987902055
12.14,48.61,0.40026412934900474,0.09485903002245871
12.17,48.61,0.4316449198919279,0.09367323985285662
12.2,48.61,0.40926267793111865,0.11630944157845227
12.23,48.61,0.3726345497449377,0.08941810686617012
12.26,48.61,0.31983988083132914,0.05585253399952403
12.29,48.61,0.306333055565512,0.055284943001462535
12.32,48.61,0.30790487887504236,0.06425132072243582
12.35,48.61,0.3328595538131299,0.09029710768604718
12.38,48.61,0.39160229427317267,0.13499555603227792
12.41,48.61,0.35972662687577883,0.1125177350062328
12.440000000000001,48.61,0.362784489861043,0.10559185113197303
12.47,48.61,0.43124723737210796,0.12302036357537775
12.5,48.61,0.45146929904213723,0.12689514169720745
12.530000000000001,48.61,0.3850300519489985,0.10603854463521488
12.56,48.61,0.3548409103094552,0.06920798783381533
12.59,48.61,0.34755928584438583,0.09269619577100051
12.620000000000001,48.61,0.30892528364200966,0.05666464415526942
12.65,48.61,0.32332870669667807,0.06497173174858928
12.68,48.61,0.38276768299178526,0.11526187404953485
12.71,48.61,0.39969479392356594,0.11856466289008108
12.74,48.61,0.37998989096915314,0.09949791860643366
12.77,48.61,0.39715242598688044,0.10156107251731912
12.8,48.61,0.30765461814749234,0.057944145454791963
12.83,48.61,0.33729452925502623,0.0644156125031373
12.86,48.61,0.3737364542766128,0.09087217676257071
12.89,48.61,0.39331366526610995,0.0827969050717277
12.92,48.61,0.39027900495602275,0.07824726120078059
12.95,48.61,0.40718122223488046,0.10329592884672062
12.98,48.61,0.4231374755152216,0.11478557404965391
13.01,48.61,0.42180306935905476,0.12226316075675198
13.04,48.61,0.4325240348691639,0.09272170146917742
13.07,48.61,0.4163718142252205,0.11275239915329807
13.100000000000001,48.61,0.366232836139288,0.11324306945459602
13.129999999999999,48.61,0.3277555584649633,0.108197679890115
13.16,48.61,0.28359210696286313,0.08715556119898156
13.190000000000001,48.61,0.26757279955048474,0.10920073096764485
13.22,48.61,0.22090270165790066,0.06450140154199292
13.25,48.61,0.20498633771229394,0.04309886733765412
13.280000000000001,48.61,0.20115903028723067,0.04786196679170067
13.31,48.61,0.20687983217118483,0.05824278957901202
13.34,48.61,0.21909210421970593,0.08359828875662591
13.370000000000001,48.61,0.24655981298017698,0.12490823013081848
13.4,48.61,0.23818183981343585,0.11825750444185458
13.43,48.61,0.21607950722536318,0.0719433580572784
13.46,48.61,0.22848733203751295,0.08553759012449567
13.49,48.61,0.22402745566374907,0.07733325798353025
13.52,48.61,0.20829486946999728,0.05936602163395977
13.55,48.61,0.2167235010716745,0.07393197654499985
13.58,48.61,0.23219481449579987,0.09114399813505131
13.61,48.61,0.2232684585186849,0.08434064874463558
13.64,48.61,0.2168523370186611,0.07775839221738431
13.67,48.61,0.21592860540800676,0.06664344746180283
13.7,48.61,0.20520270907777413,0.06127544983107672
13.73,48.61,0.19475689511455538,0.06122013961906953
13.76,48.61,0.18800014290153597,0.0593780922352268
13.79,48.61,0.18053546695538325,0.05588889181035552
10.31,48.64,0.3446076673500131,0.06616455179705129
10.34,48.64,0.3642196728441451,0.10627927906642864
10.370000000000001,48.64,0.35297252944671725,0.09415572193141727
10.4,48.64,0.36288330029443716,0.07642045121587883
10.43,48.64,0.41709851401217946,0.09800965805879193
10.46,48.64,0.3924715765557239,0.1002645762433009
10.49,48.64,0.3585180657146354,0.0849518719559641
10.52,48.64,0.3940089600257529,0.1104864480857552
10.55,48.64,0.40588268426462226,0.12138949451647194
10.58,48.64,0.36424364886799154,0.08603183687897008
10.61,48.64,0.37729570429266734,0.1101570646540538
10.64,48.64,0.372897907704886,0.11692468818422945
10.67,48.64,0.35783108126673613,0.10050562338232473
10.7,48.64,0.32414791231396933,0.08673016762410005
10.73,48.64,0.3118853132583781,0.06359471612696205
10.76,48.64,0.3195363659946942,0.08148908363296684
10.790000000000001,48.64,0.3261223160071686,0.0839179927988202
10.82,48.64,0.3509771505256736,0.11773952253549334
10.85,48.64,0.32938290977677265,0.08949660387936761
10.88,48.64,0.34352062935473704,0.14342125205518044
10.91,48.64,0.33024601986858554,0.12569546195761358
10.940000000000001,48.64,0.2985589493234278,0.08275959767302216
10.97,48.64,0.2720429505825167,0.06413745910473383
11,48.64,0.2628320719189748,0.057755971816802365
11.030000000000001,48.64,0.27757443975161017,0.09168268891893544
11.06,48.64,0.25511255849867837,0.05209016324947678
11.09,48.64,0.2674876613602534,0.06613000884114344
11.120000000000001,48.64,0.33597799927373606,0.14358058132546617
11.15,48.64,0.326583266861795,0.13299357479582685
11.18,48.64,0.258886861376007,0.05853496144049385
11.21,48.64,0.2464808484752235,0.04297097550960964
11.24,48.64,0.2475056289183176,0.039309071727537837
11.27,48.64,0.2625263866377192,0.045851440722608404
11.3,48.64,0.29221010377313916,0.05971215985421923
11.33,48.64,0.33849878840542325,0.07088317452428117
11.36,48.64,0.38540057265976563,0.0816939946647421
11.39,48.64,0.4424709279461854,0.0850429279701638
11.42,48.64,0.46019055156598754,0.07062974293258222
11.45,48.64,0.4470911678159672,0.06027442674048002
11.48,48.64,0.42542245968321046,0.06348308617649227
11.51,48.64,0.41447542383189534,0.06980210624637821
11.54,48.64,0.39979613334811304,0.07415488782691632
11.57,48.64,0.38218927695565996,0.07683537276568898
11.6,48.64,0.376718415235372,0.07854845965906816
11.63,48.64,0.3476746173072915,0.07698211834910418
11.66,48.64,0.3176456151544549,0.07355833750147506
11.690000000000001,48.64,0.30474489132762855,0.08334249807090774
11.72,48.64,0.30216399726331516,0.06392753932873374
11.75,48.64,0.3037834380580996,0.0594015308954905
11.780000000000001,48.64,0.29224220087369385,0.06096966467674634
11.81,48.64,0.29467830610156137,0.06406575831096917
11.84,48.64,0.2939514301495585,0.05613499142124929
11.870000000000001,48.64,0.2907381857324308,0.053270059168986854
11.9,48.64,0.2894142686812765,0.05449709643499227
11.93,48.64,0.3100285749651653,0.06832037509039698
11.96,48.64,0.32702692530556193,0.08942083789417989
11.99,48.64,0.3053835916768423,0.0709276260292513
12.02,48.64,0.29424609972650834,0.050229908055226924
12.05,48.64,0.3033130751130056,0.08221793992797437
12.08,48.64,0.3201553506474364,0.08151335364503219
12.11,48.64,0.3564592508906963,0.09025887546608038
12.14,48.64,0.3928138917247694,0.09779046428353533
12.17,48.64,0.37444531915596846,0.09808941951100676
12.2,48.64,0.39896102729902266,0.08120140784734384
12.23,48.64,0.3995391480018355,0.0890879912838137
12.26,48.64,0.3287753830329104,0.06369593827383872
12.29,48.64,0.35511443337150234,0.08625032638670997
12.32,48.64,0.33835315578371367,0.07470483486571708
12.35,48.64,0.3096681768363542,0.0683218084924653
12.38,48.64,0.3156796748842468,0.06664770451434718
12.41,48.64,0.32706016802266197,0.07578245670686723
12.440000000000001,48.64,0.3341283313773119,0.08113072789403424
12.47,48.64,0.3703908305451942,0.09758878315859887
12.5,48.64,0.40071856981884174,0.10374148536689606
12.530000000000001,48.64,0.3890793983276042,0.11601588692004051
12.56,48.64,0.37068425721101556,0.06310865390574147
12.59,48.64,0.3924921994089576,0.07738697184750865
12.620000000000001,48.64,0.36616264025838124,0.06604028064721496
12.65,48.64,0.3403687251979986,0.05592275262234025
12.68,48.64,0.31612097710087084,0.05592281507785442
12.71,48.64,0.3525829740340672,0.11355527694217656
12.74,48.64,0.3157096908722008,0.04894146846970694
12.77,48.64,0.3319138678844457,0.05915036730604564
12.8,48.64,0.3471448593309746,0.06821507806902577
12.83,48.64,0.3596348462884552,0.08398953204296024
12.86,48.64,0.45202997455282923,0.13932722439314055
12.89,48.64,0.43932867642228746,0.10601393865807224
12.92,48.64,0.3790690272655536,0.07171579113133777
12.95,48.64,0.4370422846397229,0.11205443564523752
12.98,48.64,0.41337148765121207,0.08148799779963861
13.01,48.64,0.3562481237755122,0.058343532089921706
13.04,48.64,0.36749451684811957,0.0679484663988747
13.07,48.64,0.3788516017978587,0.06319967083305592
13.100000000000001,48.64,0.379152468027352,0.0641321635131857
13.129999999999999,48.64,0.34738191600722856,0.08716881472718772
13.16,48.64,0.2871609390620328,0.0835511341365342
13.190000000000001,48.64,0.25524054545040836,0.0731063970822894
13.22,48.64,0.22659749398641124,0.06427388494215001
13.25,48.64,0.20707028486432402,0.04476344575172195
13.280000000000001,48.64,0.19464468079335473,0.04035291027124503
13.31,48.64,0.18863282082108546,0.05543714316269846
13.34,48.64,0.19775561675210093,0.06872945517384148
13.370000000000001,48.64,0.22290959816391778,0.10566325699633332
13.4,48.64,0.22055105020738391,0.09968045888210363
13.43,48.64,0.2009322078248396,0.0639435153199997
13.46,48.64,0.19842317034297982,0.05773647479945819
13.49,48.64,0.19272157748576263,0.05307578494512897
13.52,48.64,0.18956820611068428,0.05222794845721571
13.55,48.64,0.1937451420577155,0.05956384321643285
13.58,48.64,0.2007283512650579,0.06776124366979681
13.61,48.64,0.19950265361821246,0.0675046240606158
13.64,48.64,0.1968167097666083,0.06426725104329704
13.67,48.64,0.19433802459200444,0.06124095605135371
13.7,48.64,0.19040912703580232,0.058225358108671174
13.73,48.64,0.1855591435038997,0.05681272579570306
13.76,48.64,0.18159285942770756,0.055916042549804645
13.79,48.64,0.17698349459520896,0.05437288684959875
10.280000000000001,48.67,0.32300637175934305,0.08209445786316544
10.31,48.67,0.35151176167704945,0.09525522811810246
10.34,48.67,0.3444498783439117,0.09638610926407103
10.4,48.67,0.30268252316484534,0.06904552240355065
10.43,48.67,0.31354556831501323,0.08689408635086543
10.46,48.67,0.3174936339977213,0.10501734331348979
10.49,48.67,0.32023764423221407,0.08003045402272206
10.52,48.67,0.34653340056307363,0.11550079490194722
10.55,48.67,0.3180327641790379,0.07692037894751826
10.58,48.67,0.3219984961260497,0.07421544064364119
10.61,48.67,0.33087605219701294,0.0826730021841503
10.64,48.67,0.35020164920634433,0.08424183739479103
10.67,48.67,0.41196495933280436,0.14021387674785754
10.7,48.67,0.4020847707116314,0.1359143364372339
10.73,48.67,0.3164647545995704,0.07298044171977279
10.76,48.67,0.2963143345373253,0.06459134901373532
10.790000000000001,48.67,0.29987615271150186,0.06203236468367966
10.82,48.67,0.32411438799250825,0.09538029029791899
10.85,48.67,0.31633562655108277,0.07809465861719697
10.88,48.67,0.3400471400192751,0.13159511892890105
10.91,48.67,0.33599311937072,0.1268010183816292
10.940000000000001,48.67,0.2954493678384815,0.07973821488059785
10.97,48.67,0.27206905222801975,0.0670262277402941
11,48.67,0.2516494869455012,0.03376050089016988
11.030000000000001,48.67,0.2589974803210862,0.035154938606273695
11.06,48.67,0.267683148745829,0.060228624190416094
11.09,48.67,0.27059214129887504,0.03950987918995455
11.120000000000001,48.67,0.26766852186238066,0.06062446746220718
11.15,48.67,0.2682143175424897,0.0650299737494637
11.18,48.67,0.25279653785863426,0.04591744402261292
11.21,48.67,0.2471645740595126,0.03950893228238108
11.24,48.67,0.25928940819628205,0.04431762282946541
11.27,48.67,0.2850610553436878,0.05826191282585347
11.3,48.67,0.3239138126973513,0.05914118936159514
11.33,48.67,0.3670803742764453,0.06145813012242164
11.36,48.67,0.4405695332142881,0.08207280892806336
11.39,48.67,0.5299685078862435,0.11988783060538204
11.42,48.67,0.5127865102055456,0.07027788208392087
11.45,48.67,0.4671997129865979,0.0580409933233211
11.48,48.67,0.42734856143935185,0.06801746567684683
11.51,48.67,0.42404837357068415,0.06519663515059647
11.54,48.67,0.4227635132653238,0.050672564943923255
11.57,48.67,0.40476887759645613,0.06645287148513437
11.6,48.67,0.39455763504572183,0.07530183399775578
11.63,48.67,0.3640740786367567,0.07130010577325148
11.66,48.67,0.3492710825805381,0.08463123332196437
11.690000000000001,48.67,0.3197519395723196,0.08561366940425537
11.72,48.67,0.3511136416920126,0.08746253151724909
11.75,48.67,0.347264173473239,0.08042005252752887
11.780000000000001,48.67,0.3169146309057149,0.07086511021535205
11.81,48.67,0.31118096921774663,0.10272580088680587
11.84,48.67,0.2979085082123794,0.06635950831404461
11.870000000000001,48.67,0.3047980652504204,0.06560457089706272
11.9,48.67,0.3119804965053483,0.0662930821929562
11.93,48.67,0.327409653323385,0.07804306204671843
11.96,48.67,0.33886692454697315,0.08870767965820416
11.99,48.67,0.3217694274344584,0.06964766684689473
12.02,48.67,0.30960955598622436,0.05408942584300916
12.05,48.67,0.3223913418616995,0.07397287174417036
12.08,48.67,0.35072714939912103,0.07800886596271125
12.11,48.67,0.36013285565993924,0.08979523172082587
12.14,48.67,0.3599285247157398,0.07437180252854643
12.17,48.67,0.35611230644886116,0.07821621282047349
12.2,48.67,0.3594128779148185,0.06519214955753223
12.23,48.67,0.34727448362864316,0.06562466943360873
12.26,48.67,0.32569142691555303,0.06843414986822387
12.29,48.67,0.3879824457061743,0.11043243383695608
12.32,48.67,0.3693629141696816,0.0813961988821582
12.35,48.67,0.33945623170036926,0.07288192227165073
12.38,48.67,0.3328265922299582,0.06543105018150061
12.41,48.67,0.3437829761370052,0.08839919567766746
12.440000000000001,48.67,0.36473419052575884,0.09702696549677513
12.47,48.67,0.33765432403691914,0.07095691202098316
12.5,48.67,0.3484718491341743,0.07273379488134529
12.530000000000001,48.67,0.3401691933152391,0.06063490734596959
12.56,48.67,0.3382749875139185,0.052284907234160155
12.59,48.67,0.35854542745669843,0.05872595604905423
12.620000000000001,48.67,0.3852319556445284,0.059361191111786483
12.65,48.67,0.4044891713708455,0.07836542901938587
12.68,48.67,0.33844026847942843,0.06296715046344922
12.71,48.67,0.36713688217977464,0.08241862070573844
12.74,48.67,0.3670424930428851,0.07917190262144702
12.77,48.67,0.3653811237089635,0.08417692989291338
12.8,48.67,0.3488233725663919,0.08035717530520124
12.83,48.67,0.34389843415938276,0.06451818426935392
12.86,48.67,0.34899807549840167,0.06535833314118514
12.89,48.67,0.37306305902205616,0.06848344107595453
12.92,48.67,0.4152190111172338,0.09226590258703134
12.95,48.67,0.4634030523690212,0.08987933785299074
12.98,48.67,0.4377560158188258,0.07372812808716
13.01,48.67,0.35881187458303443,0.06633633469295223
13.04,48.67,0.34515855906533716,0.05762817357629826
13.07,48.67,0.4113449854053781,0.0660609624973531
13.100000000000001,48.67,0.39161853545863645,0.055004853100423835
13.129999999999999,48.67,0.37626203675701286,0.08938974292963062
13.16,48.67,0.30007562735492654,0.07837326569609435
13.190000000000001,48.67,0.25737309588420765,0.07456170816818318
13.22,48.67,0.24271837591231876,0.05495609274011526
13.25,48.67,0.23254505381691976,0.05167822812759272
13.280000000000001,48.67,0.20007652414318275,0.037811081148810204
13.31,48.67,0.17679947235696153,0.0496760614425344
13.34,48.67,0.1811737581209763,0.05878993866306322
13.370000000000001,48.67,0.18903716730888176,0.06548000286884116
13.4,48.67,0.19061460435501418,0.06495862414612971
13.43,48.67,0.18566216126953008,0.05647513063235427
13.46,48.67,0.18221739883354246,0.051484930498151976
13.49,48.67,0.17953854651028472,0.0491261946879372
13.52,48.67,0.17881604393211226,0.048760908647692724
13.55,48.67,0.18083084310380496,0.05279120565803507
13.58,48.67,0.18350576388951498,0.056149274328376145
13.61,48.67,0.18467975231876593,0.05734981668646726
13.64,48.67,0.18481839227203709,0.05679881296551096
13.67,48.67,0.18342172334042894,0.055725919082765134
13.7,48.67,0.1808336254893545,0.054572715813645985
13.73,48.67,0.17830051583142192,0.05367929073588403
13.76,48.67,0.17555211495690673,0.052699719393112424
13.79,48.67,0.17294739168880296,0.05212053878413252
10.43,48.7,0.26275770683075605,0.05058926686670123
10.52,48.7,0.31590684134295793,0.0717701664957981
10.55,48.7,0.3283178432876004,0.10263057839264926
10.58,48.7,0.3172229748201425,0.06803786513882813
10.61,48.7,0.34295954340443835,0.07120376619604236
10.64,48.7,0.3705085405367112,0.10077616841483558
10.67,48.7,0.40225926846557,0.09151046167529797
10.7,48.7,0.39684897645350387,0.11524781301198177
10.73,48.7,0.33587569960005786,0.07553615247345148
10.76,48.7,0.3056921473374027,0.06782561151128322
10.790000000000001,48.7,0.2880812471444243,0.06423151676169378
10.82,48.7,0.27833669742038436,0.055907179100223414
10.85,48.7,0.2771702247882983,0.05296752697287503
10.88,48.7,0.28423521502674454,0.06608674772362799
10.91,48.7,0.2891675308885412,0.07950011729027875
10.940000000000001,48.7,0.29094430987090375,0.10494151615363007
10.97,48.7,0.2959469296813485,0.12395508481683001
11,48.7,0.2552100841348317,0.03462783367242079
11.030000000000001,48.7,0.2847223500003143,0.05015913110410479
11.06,48.7,0.28413199574071296,0.05414171231030681
11.09,48.7,0.25047050725976994,0.04349923763885309
11.120000000000001,48.7,0.24866734464779047,0.04529490884572688
11.15,48.7,0.24484016364007094,0.044212274204714234
11.18,48.7,0.2909739058775718,0.0903967389246659
11.21,48.7,0.25868145704791234,0.05244604525296044
11.24,48.7,0.27643917350665204,0.059969037033290505
11.27,48.7,0.32483655991902255,0.09798421222214933
11.3,48.7,0.34949718177314076,0.07060229820190267
11.33,48.7,0.40477109104375214,0.07612506663521183
11.36,48.7,0.458830867385009,0.08108833415175107
11.39,48.7,0.5805412223879819,0.12739902741247616
11.42,48.7,0.5331683673434026,0.10055348786186158
11.45,48.7,0.48220749120469947,0.0959173235550013
11.48,48.7,0.42194677238720607,0.07081730240379856
11.51,48.7,0.4400381597580868,0.05085716807428535
11.54,48.7,0.4449592574692321,0.04509736283430024
11.57,48.7,0.4220072881308884,0.053823644717907154
11.6,48.7,0.40771834080989094,0.07777344028548804
11.63,48.7,0.3999359077440675,0.0874099536748765
11.66,48.7,0.3741190199731878,0.09309825883952759
11.690000000000001,48.7,0.32840034628094866,0.08919618943773938
11.72,48.7,0.3325205514599951,0.06362613616647816
11.75,48.7,0.3512817818746292,0.07185245223438971
11.780000000000001,48.7,0.32142733775398685,0.07717936390749625
11.81,48.7,0.3380425168697177,0.13433981765785094
11.84,48.7,0.3156630594740472,0.07026497490566647
11.870000000000001,48.7,0.31780855938515284,0.06567081594211685
11.9,48.7,0.3292064277278258,0.07158920799462042
11.93,48.7,0.34881137892373765,0.07675679772434195
11.96,48.7,0.3603982702429491,0.08100806242643245
11.99,48.7,0.35964291962361794,0.07288169599764617
12.02,48.7,0.32737509933643266,0.05838881129188932
12.05,48.7,0.3297423675600545,0.06811521586547403
12.08,48.7,0.3406765611369578,0.07356029623564928
12.11,48.7,0.3457131694937986,0.06833084731992999
12.14,48.7,0.3623945535399248,0.08022505869740397
12.17,48.7,0.352076177774409,0.07447747428732243
12.2,48.7,0.3447578326092151,0.06476035936034662
12.23,48.7,0.3301666274920595,0.06027498587606007
12.26,48.7,0.3300094101887024,0.07015100978409071
12.29,48.7,0.39645529415758607,0.1326023113916815
12.32,48.7,0.362973096408338,0.0782375837775473
12.35,48.7,0.3836789198124001,0.14168802849754641
12.38,48.7,0.3682839519675112,0.11409730580720245
12.41,48.7,0.3430730078566025,0.07833353763304034
12.440000000000001,48.7,0.34022422773543876,0.07885579858713004
12.47,48.7,0.3411458927280519,0.07111455191925482
12.5,48.7,0.3356258689561442,0.06262372307096202
12.530000000000001,48.7,0.33066248096323914,0.05592678755236699
12.56,48.7,0.3419575935084667,0.05984554974287832
12.59,48.7,0.38307330298205344,0.06954178246129684
12.620000000000001,48.7,0.4431168909212922,0.08323072833672261
12.65,48.7,0.5358465886098387,0.05737792606471705
12.68,48.7,0.4002063670111693,0.07823115557543608
12.71,48.7,0.33055043340677864,0.058138844328511116
12.74,48.7,0.30914371763442594,0.05161712867088672
12.77,48.7,0.3202898088823685,0.06227265354886334
12.8,48.7,0.3292640195937876,0.06740174926584099
12.83,48.7,0.4254671459142913,0.11261486315024181
12.86,48.7,0.3686582325389502,0.05825983826997889
12.89,48.7,0.3508596635870591,0.057654638308250704
12.92,48.7,0.5057967331395999,0.12007340888226804
12.95,48.7,0.4781801193644566,0.06836617987024785
12.98,48.7,0.45775463951881945,0.09415287666950269
13.01,48.7,0.3757745018645888,0.08692232571815371
13.04,48.7,0.3259294432672307,0.056417708664413695
13.07,48.7,0.3274181023546338,0.048123809898985744
13.100000000000001,48.7,0.33445688380089583,0.05649353583404584
13.129999999999999,48.7,0.3275666998556596,0.06685819265141545
13.16,48.7,0.29324280577217304,0.07048351479027529
13.190000000000001,48.7,0.2563846370299632,0.07397509523748877
13.22,48.7,0.24762578314159525,0.06345305104857193
13.25,48.7,0.2327056932801191,0.05206107234003754
13.280000000000001,48.7,0.2010491855532731,0.04258677865067636
13.31,48.7,0.17733091425497666,0.04552542077733612
13.34,48.7,0.1689579219098864,0.04958369469138695
13.370000000000001,48.7,0.1739735198832358,0.05085475787308978
13.4,48.7,0.17556204433764624,0.05258866104084603
13.43,48.7,0.17509763590960037,0.05149694808853962
13.46,48.7,0.17479955210938758,0.050060016978299704
13.49,48.7,0.1745717882582354,0.04923399627116419
13.52,48.7,0.1750729235860113,0.0504017797333103
13.55,48.7,0.17644021315489072,0.052051233920896285
13.58,48.7,0.1772425341608478,0.053345844605041146
13.61,48.7,0.17767605775174067,0.053682012198381535
13.64,48.7,0.1777074403553006,0.05316353913781732
13.67,48.7,0.17706509626375969,0.052751523445951895
13.7,48.7,0.175813900392991,0.05213825889277774
13.73,48.7,0.17411662223171182,0.05170418772179199
13.76,48.7,0.1720960297042408,0.05127415929247952
13.79,48.7,0.17018280462757304,0.05083875218740663
10.49,48.730000000000004,0.2891996858585885,0.061034833706095366
10.52,48.730000000000004,0.34543381688573654,0.0978591688524798
10.55,48.730000000000004,0.32204679042431295,0.08327079787472448
10.58,48.730000000000004,0.3571482977785811,0.07368038692843361
10.61,48.730000000000004,0.3382339884086747,0.06722574312917964
10.64,48.730000000000004,0.35621951043336425,0.06063490524601926
10.67,48.730000000000004,0.35006273136933486,0.05350722363116921
10.7,48.730000000000004,0.33923825873785723,0.060035061692425194
10.73,48.730000000000004,0.3456118874004793,0.07388097613380279
10.76,48.730000000000004,0.32666163756022604,0.06797046480151954
10.790000000000001,48.730000000000004,0.3296265953156424,0.07046087393614232
10.82,48.730000000000004,0.28247985723798213,0.0586595889126265
10.85,48.730000000000004,0.2654633655648123,0.04515069344314348
10.88,48.730000000000004,0.25753505607904054,0.04489867225353159
10.91,48.730000000000004,0.25850720448937187,0.051412090814294015
10.940000000000001,48.730000000000004,0.26100972345267964,0.06963659684698871
10.97,48.730000000000004,0.26066272363416787,0.06146788576782701
11,48.730000000000004,0.2528159336667508,0.034442094964894726
11.030000000000001,48.730000000000004,0.2694483450524673,0.041388654960713166
11.06,48.730000000000004,0.26688638613275256,0.04666911550992615
11.09,48.730000000000004,0.27088184598487974,0.059378854637831976
11.120000000000001,48.730000000000004,0.30660474103517404,0.09017405780344853
11.15,48.730000000000004,0.2525555338316486,0.052188087156482744
11.18,48.730000000000004,0.2992635680595147,0.07777958055962593
11.21,48.730000000000004,0.26133746233601807,0.04882945508079735
11.24,48.730000000000004,0.26629689021933617,0.05342147431376189
11.27,48.730000000000004,0.32790321696002217,0.09339717886764189
11.3,48.730000000000004,0.3378868442531811,0.06243907116507886
11.33,48.730000000000004,0.3773698543709536,0.06577887124007648
11.36,48.730000000000004,0.4096251118847573,0.06797390020170772
11.39,48.730000000000004,0.47831094153907194,0.06977008760089946
11.42,48.730000000000004,0.4646049010964853,0.05646849814436947
11.45,48.730000000000004,0.4494296285620964,0.053946166102983854
11.48,48.730000000000004,0.43671941298649186,0.039358890032263075
11.51,48.730000000000004,0.4645686648125197,0.039730898792028436
11.54,48.730000000000004,0.47279515032232544,0.05818487011483542
11.57,48.730000000000004,0.4495922184706053,0.08396983065103744
11.6,48.730000000000004,0.4357447315805253,0.08984514096896032
11.63,48.730000000000004,0.49880920002765805,0.14124126655629546
11.66,48.730000000000004,0.41286595982808333,0.09393201435701246
11.690000000000001,48.730000000000004,0.34284682463153754,0.07911963415851152
11.72,48.730000000000004,0.31720894450006454,0.07357132363471756
11.75,48.730000000000004,0.31481138837451483,0.05735705298331398
11.780000000000001,48.730000000000004,0.30817883813650804,0.0625584600660431
11.81,48.730000000000004,0.30856109360381623,0.07167937160697394
11.84,48.730000000000004,0.3079427748569868,0.05555542279847292
11.870000000000001,48.730000000000004,0.32020602617223415,0.06330316597789204
11.9,48.730000000000004,0.334945563636616,0.07407357871889898
11.93,48.730000000000004,0.35608543917409924,0.08543436040694569
11.96,48.730000000000004,0.38734567409251813,0.09506587339076109
11.99,48.730000000000004,0.3875996947660282,0.08064304435605336
12.02,48.730000000000004,0.37541049737919646,0.07189459464195054
12.05,48.730000000000004,0.34637929197475836,0.06702517711118891
12.08,48.730000000000004,0.33112428666870913,0.056218652433107426
12.11,48.730000000000004,0.33354688365327306,0.06554096700442391
12.14,48.730000000000004,0.34404722929121934,0.0715539463999419
12.17,48.730000000000004,0.35289431136397553,0.06974508998697085
12.2,48.730000000000004,0.38533569347401964,0.09397345207457639
12.23,48.730000000000004,0.35659243426724224,0.08003307967311772
12.26,48.730000000000004,0.37246782141319507,0.08475156074041602
12.29,48.730000000000004,0.44385284871289626,0.16576839255023568
12.32,48.730000000000004,0.3623995355671567,0.08296638191754668
12.35,48.730000000000004,0.3578986569325227,0.0877829352136287
12.38,48.730000000000004,0.3687579494197193,0.08937180949640205
12.41,48.730000000000004,0.35673744507473987,0.07334480825313221
12.440000000000001,48.730000000000004,0.35021251882121507,0.07410224772486496
12.47,48.730000000000004,0.34580822538487266,0.07315719578057794
12.5,48.730000000000004,0.33218064532706315,0.0561900841967063
12.530000000000001,48.730000000000004,0.35372304472197075,0.06563499438423243
12.56,48.730000000000004,0.3891371826930365,0.06863694165950085
12.59,48.730000000000004,0.40252664840993496,0.07740121171655363
12.620000000000001,48.730000000000004,0.43371108798561636,0.07322507453922007
12.65,48.730000000000004,0.47816950127597274,0.05155322460261576
12.68,48.730000000000004,0.4916339762155149,0.09242361233764823
12.71,48.730000000000004,0.47745636986256906,0.11431115592686547
12.74,48.730000000000004,0.4519569434336627,0.07258476260911366
12.77,48.730000000000004,0.4569185182208159,0.08063110533981718
12.8,48.730000000000004,0.41800826329509694,0.07106952142895732
12.83,48.730000000000004,0.36550435950290355,0.053526579894070316
12.86,48.730000000000004,0.37607767432743194,0.06351527136938309
12.89,48.730000000000004,0.37437377136326794,0.053156878712848916
12.92,48.730000000000004,0.35925647634420255,0.06512822591769006
12.95,48.730000000000004,0.31411098438758733,0.0692352022981439
12.98,48.730000000000004,0.3509624298541821,0.10616957874163359
13.01,48.730000000000004,0.3400126978845519,0.06546168136096739
13.04,48.730000000000004,0.30857653153668774,0.05544527737728625
13.07,48.730000000000004,0.298787588371356,0.05496466426398652
13.100000000000001,48.730000000000004,0.31725537061217984,0.060681053997012395
13.129999999999999,48.730000000000004,0.31040169290953595,0.062012358213644675
13.16,48.730000000000004,0.2871318999164415,0.0642262526197869
13.190000000000001,48.730000000000004,0.2654132180767079,0.07152334114220096
13.22,48.730000000000004,0.24427846646946344,0.07135047047591407
13.25,48.730000000000004,0.2202180530452363,0.058118167673101954
13.280000000000001,48.730000000000004,0.1961440583964705,0.04729194432209775
13.31,48.730000000000004,0.17456417147582212,0.044013205605718995
13.34,48.730000000000004,0.16478081124917654,0.04878452033605792
13.370000000000001,48.730000000000004,0.16740921307469786,0.046429116451218534
13.4,48.730000000000004,0.17030300101345378,0.049429020132434255
13.43,48.730000000000004,0.17346372559009396,0.05252578764417487
13.46,48.730000000000004,0.17520268909379313,0.052586476298731734
13.49,48.730000000000004,0.1762711904811939,0.052319754247420865
13.52,48.730000000000004,0.1786878424629597,0.05495485826458995
13.55,48.730000000000004,0.18122467302895404,0.058562202469378065
13.58,48.730000000000004,0.18037249885993462,0.05804138348372176
13.61,48.730000000000004,0.17730101571488222,0.055214802386143756
13.64,48.730000000000004,0.17471876033663875,0.053190437653459335
13.67,48.730000000000004,0.1731955354744654,0.051845055437833965
13.7,48.730000000000004,0.17199264962569813,0.05092327564731551
13.73,48.730000000000004,0.17122354617594582,0.05034313785983885
13.76,48.730000000000004,0.16979135654810817,0.05000601464768465
10.46,48.760000000000005,0.3313419750947482,0.10656818141214075
10.49,48.760000000000005,0.29614577700074723,0.06891508285621216
10.52,48.760000000000005,0.34004298457600846,0.07717361344646899
10.55,48.760000000000005,0.3851259902605554,0.08223665949828611
10.58,48.760000000000005,0.37566245784401314,0.07307729376003182
10.61,48.760000000000005,0.38752056815674357,0.06433853227059519
10.64,48.760000000000005,0.36481364506894454,0.059225970213011
10.67,48.760000000000005,0.3636985996624852,0.0536544956477037
10.7,48.760000000000005,0.34995641730846305,0.058339813160700214
10.73,48.760000000000005,0.3406251617676812,0.0638399290492995
10.76,48.760000000000005,0.3339943331271805,0.060145404665372944
10.790000000000001,48.760000000000005,0.3137108951080708,0.06331848852788324
10.82,48.760000000000005,0.2851557823494287,0.058655084879233696
10.85,48.760000000000005,0.2689338966527953,0.06034812716398058
10.88,48.760000000000005,0.25498752792398904,0.0459209733239605
10.91,48.760000000000005,0.256174610202464,0.06195613814371558
10.940000000000001,48.760000000000005,0.2449074637447193,0.04553503915349035
10.97,48.760000000000005,0.24504632183461963,0.0397610243335666
11,48.760000000000005,0.25329631319829515,0.04449621619148953
11.030000000000001,48.760000000000005,0.3123694400121655,0.09590018852275568
11.06,48.760000000000005,0.35387644208191954,0.10667647982510735
11.09,48.760000000000005,0.31887554268819523,0.11816684843348609
11.120000000000001,48.760000000000005,0.30594843929165094,0.10454076374004156
11.15,48.760000000000005,0.24840474255143333,0.05086243666570831
11.18,48.760000000000005,0.251990860112863,0.04847263609643479
11.21,48.760000000000005,0.2630176340745012,0.07954172234695643
11.24,48.760000000000005,0.2657404730788202,0.04516782691249012
11.27,48.760000000000005,0.37529787731914754,0.09023865981197066
11.3,48.760000000000005,0.3820331818150826,0.08072301740695341
11.33,48.760000000000005,0.3862647898817486,0.066908312705807
11.36,48.760000000000005,0.4049776422786459,0.05747397510633968
11.39,48.760000000000005,0.40525963120261577,0.05009264180743026
11.42,48.760000000000005,0.4059665341880775,0.04935560384305348
11.45,48.760000000000005,0.47623742196565666,0.06009962352108034
11.48,48.760000000000005,0.4991599258896086,0.07426179965606929
11.51,48.760000000000005,0.471924534668671,0.07048683680571838
11.54,48.760000000000005,0.4581507367343027,0.05748982763582025
11.57,48.760000000000005,0.44341805703946563,0.0661449419574525
11.6,48.760000000000005,0.39614324990477867,0.06651068578375395
11.63,48.760000000000005,0.4473660283649148,0.09548247395392614
11.66,48.760000000000005,0.398976630941319,0.07081004207160871
11.690000000000001,48.760000000000005,0.3645414400457498,0.07178049867948305
11.72,48.760000000000005,0.3284392371211196,0.06804372591276239
11.75,48.760000000000005,0.3134289033686417,0.05602903068331887
11.780000000000001,48.760000000000005,0.3216686403224369,0.0681214825882077
11.81,48.760000000000005,0.3071724416046833,0.055780345002535654
11.84,48.760000000000005,0.31748137056493475,0.05367858902407542
11.870000000000001,48.760000000000005,0.3303763888925545,0.06440381380946081
11.9,48.760000000000005,0.3465379545817922,0.07695308300358075
11.93,48.760000000000005,0.37630009401763975,0.0886814190392042
11.96,48.760000000000005,0.414420000867704,0.09953593451320988
11.99,48.760000000000005,0.41005225168113757,0.08165069645009285
12.02,48.760000000000005,0.38531502289431924,0.06816002404656495
12.05,48.760000000000005,0.3625420522078936,0.0627648045677499
12.08,48.760000000000005,0.3417936897799181,0.05816501000249379
12.11,48.760000000000005,0.352561366486289,0.06564956904375965
12.14,48.760000000000005,0.36329209423451225,0.07129403934208077
12.17,48.760000000000005,0.36003940424426695,0.06270924821743454
12.2,48.760000000000005,0.40260817456216963,0.09642445908740346
12.23,48.760000000000005,0.4177397991624904,0.1353880597198032
12.26,48.760000000000005,0.40374003643462686,0.09791500515916202
12.29,48.760000000000005,0.40409412995833405,0.11070057627067648
12.32,48.760000000000005,0.35809472422177724,0.08245467532700881
12.35,48.760000000000005,0.3638800408891633,0.09048462719360717
12.38,48.760000000000005,0.3918402239346422,0.11237774878776322
12.41,48.760000000000005,0.40203484278170687,0.09935373090766314
12.440000000000001,48.760000000000005,0.3855090913764237,0.08045409257493626
12.47,48.760000000000005,0.3740658570948166,0.0719436202010832
12.5,48.760000000000005,0.38560068627685407,0.07638926412149813
12.530000000000001,48.760000000000005,0.4343149316489598,0.0792101001567402
12.56,48.760000000000005,0.4788409375754294,0.09549370633188897
12.59,48.760000000000005,0.43650628517660434,0.08257055063555277
12.620000000000001,48.760000000000005,0.44395105967201753,0.07690147797012896
12.65,48.760000000000005,0.4604758777164372,0.06553103503356342
12.68,48.760000000000005,0.4797501529331671,0.05864647371883682
12.71,48.760000000000005,0.4969575698693679,0.055272854210109815
12.74,48.760000000000005,0.5178331002408284,0.0698546966230365
12.77,48.760000000000005,0.5115818105485429,0.05923336724055705
12.8,48.760000000000005,0.5454833755156415,0.08537376755398156
12.83,48.760000000000005,0.4495413849624946,0.06069558629636975
12.86,48.760000000000005,0.4027441953546537,0.058272956153676364
12.89,48.760000000000005,0.3478182493642767,0.057588940460408834
12.92,48.760000000000005,0.31162700297429846,0.05413827869274246
12.95,48.760000000000005,0.28929304087382685,0.05848514018226044
12.98,48.760000000000005,0.29424520553758265,0.059673816871091814
13.01,48.760000000000005,0.2917592733930439,0.04601314597234925
13.04,48.760000000000005,0.2836876896932083,0.051695652743662335
13.07,48.760000000000005,0.30280117734425466,0.04957059228934257
13.100000000000001,48.760000000000005,0.3113602816076474,0.05472613414480473
13.129999999999999,48.760000000000005,0.31131287939169033,0.06254460399410829
13.16,48.760000000000005,0.2854383254503385,0.06298259529233732
13.190000000000001,48.760000000000005,0.2700219290931399,0.06947000299421908
13.22,48.760000000000005,0.25144136150454105,0.069826774442937
13.25,48.760000000000005,0.21625042692777852,0.06464770609397534
13.280000000000001,48.760000000000005,0.19474641630409917,0.052094783634806324
13.31,48.760000000000005,0.18271891567108295,0.048019370183491734
13.34,48.760000000000005,0.1628925749924044,0.04831206624031568
13.370000000000001,48.760000000000005,0.16702750818323034,0.04705865629137668
13.4,48.760000000000005,0.17270020183171078,0.05184934103118396
13.43,48.760000000000005,0.1791583083513083,0.06285306673459563
13.46,48.760000000000005,0.1839710289138072,0.06561777713829983
13.49,48.760000000000005,0.18568954971817883,0.06381716498846457
13.52,48.760000000000005,0.19388502330301258,0.08644823066286247
13.55,48.760000000000005,0.19863201349082893,0.10113391075538726
13.58,48.760000000000005,0.19485473829220976,0.09456820846846194
13.61,48.760000000000005,0.18332780964741016,0.06581334023775831
13.64,48.760000000000005,0.17550745330043113,0.05524314492533649
13.67,48.760000000000005,0.1721412486802979,0.05232068302238852
13.7,48.760000000000005,0.17015371986970576,0.050925282908505905
13.73,48.760000000000005,0.16891764153265154,0.050078996847775004
13.76,48.760000000000005,0.16764386450206717,0.049401794605207716
13.79,48.760000000000005,0.16663536525912634,0.049147712870378106
10.46,48.790000000000006,0.3535463086152081,0.10876346297837068
10.49,48.790000000000006,0.34388216490298024,0.07308917086676274
10.52,48.790000000000006,0.42974284636396776,0.09161790762394735
10.55,48.790000000000006,0.4874929708065849,0.07366798982680027
10.58,48.790000000000006,0.5300264757563155,0.09003751777748548
10.61,48.790000000000006,0.4253800135901003,0.0708498679572295
10.64,48.790000000000006,0.4178199472982222,0.07950969554003837
10.67,48.790000000000006,0.38665372135627046,0.0630558283231029
10.7,48.790000000000006,0.3624820877966124,0.06059172102957376
10.73,48.790000000000006,0.3674706454415291,0.08158122880903271
10.76,48.790000000000006,0.3497820843032781,0.08102974873245715
10.790000000000001,48.790000000000006,0.3058291297925035,0.05880286096999591
10.82,48.790000000000006,0.28476407111913,0.06104813060383576
10.85,48.790000000000006,0.2759051655801645,0.08046701625068642
10.88,48.790000000000006,0.252395609828297,0.046796419966861576
10.91,48.790000000000006,0.24357720032641694,0.041964989594415754
10.940000000000001,48.790000000000006,0.233943603065078,0.03813230422046149
10.97,48.790000000000006,0.23838471928941946,0.04057922551136122
11,48.790000000000006,0.2516010686238782,0.05517155272639277
11.030000000000001,48.790000000000006,0.3021247810392381,0.12136809460475503
11.06,48.790000000000006,0.33616577265615283,0.12343231093522672
11.09,48.790000000000006,0.3019657354270972,0.06379696452681244
11.120000000000001,48.790000000000006,0.3733907063233692,0.11450597496968827
11.15,48.790000000000006,0.31092273850732505,0.09496610461695847
11.18,48.790000000000006,0.2583802432652371,0.05184643648805809
11.21,48.790000000000006,0.2631394831369333,0.04745962267461091
11.24,48.790000000000006,0.30483823771617086,0.06302339870471459
11.27,48.790000000000006,0.3955952179785408,0.08011481035526426
11.3,48.790000000000006,0.4175515404000703,0.07674440268709444
11.33,48.790000000000006,0.4256728102989647,0.05810770495512111
11.36,48.790000000000006,0.47111887373404915,0.06513154363451266
11.39,48.790000000000006,0.520676465998376,0.15713026568097935
11.42,48.790000000000006,0.38680677260373614,0.05778459056641874
11.45,48.790000000000006,0.49239035711707,0.12636267371892482
11.48,48.790000000000006,0.5169716821190453,0.07025507703910988
11.51,48.790000000000006,0.5596631797546237,0.06783223383414759
11.54,48.790000000000006,0.48273196934377327,0.07741531530395462
11.57,48.790000000000006,0.42325673567369126,0.07772798732522826
11.6,48.790000000000006,0.398192280416764,0.07760066093219219
11.63,48.790000000000006,0.42003750009984714,0.09740264721300589
11.66,48.790000000000006,0.43519405701171004,0.09540526105404233
11.690000000000001,48.790000000000006,0.4146362461833354,0.09121178835973007
11.72,48.790000000000006,0.35907978717838535,0.07831370753094292
11.75,48.790000000000006,0.328934511213859,0.056313147073029396
11.780000000000001,48.790000000000006,0.33928872907334207,0.07966780575911415
11.81,48.790000000000006,0.3214936491047828,0.06184877527552982
11.84,48.790000000000006,0.33162806743505735,0.06600140880784654
11.870000000000001,48.790000000000006,0.3396852020803663,0.06295108882394754
11.9,48.790000000000006,0.36328170660299003,0.08278957885559377
11.93,48.790000000000006,0.4033392255342492,0.09268349313522785
11.96,48.790000000000006,0.4388842820506236,0.09952363372690427
11.99,48.790000000000006,0.4345733005038907,0.08667720491157259
12.02,48.790000000000006,0.42091762085700746,0.09175319018084843
12.05,48.790000000000006,0.37851849950386773,0.09000781005093399
12.08,48.790000000000006,0.33963539480329225,0.0740813995815032
12.11,48.790000000000006,0.34296796712018707,0.061771047280240333
12.14,48.790000000000006,0.35277918836826194,0.07047885444291249
12.17,48.790000000000006,0.36517108544935,0.07218220669045976
12.2,48.790000000000006,0.39111799361562904,0.07498588972378226
12.23,48.790000000000006,0.41109338775329946,0.08733198361776666
12.26,48.790000000000006,0.4028661272992797,0.07673750455898758
12.29,48.790000000000006,0.41572375442678305,0.1333642814886097
12.32,48.790000000000006,0.38798157104972475,0.09404012592694655
12.35,48.790000000000006,0.3957284027275226,0.08992864769140566
12.38,48.790000000000006,0.4200775529028849,0.11080979790353143
12.41,48.790000000000006,0.42914070865745724,0.12013343029327152
12.440000000000001,48.790000000000006,0.4048419367420947,0.08807077224882973
12.47,48.790000000000006,0.39889211187911244,0.07412934623655966
12.5,48.790000000000006,0.4317566376443065,0.07944186189545036
12.530000000000001,48.790000000000006,0.5333667055291847,0.09935506748374628
12.56,48.790000000000006,0.5541765799285558,0.11123292798404785
12.59,48.790000000000006,0.51515918895599,0.08666465909699544
12.620000000000001,48.790000000000006,0.5282437732198081,0.0989474587249255
12.65,48.790000000000006,0.5429508498576856,0.08137532943678913
12.68,48.790000000000006,0.5454407296055638,0.0719235024562384
12.71,48.790000000000006,0.5363028582862776,0.06552130687652309
12.74,48.790000000000006,0.5924134073201328,0.10979502497453768
12.77,48.790000000000006,0.5904228519503618,0.08243879152358455
12.8,48.790000000000006,0.4876688513727149,0.055861617688293126
12.83,48.790000000000006,0.47193379494182425,0.09705830715208061
12.86,48.790000000000006,0.4093852097452436,0.08379578610227104
12.89,48.790000000000006,0.34345256057794155,0.07462674584482117
12.92,48.790000000000006,0.29251977047017125,0.05862674340506523
12.95,48.790000000000006,0.26016917098647907,0.05630200769131185
12.98,48.790000000000006,0.26546078448366167,0.05618249825203917
13.01,48.790000000000006,0.2706890315041958,0.04808409140964987
13.04,48.790000000000006,0.2739510871135684,0.04883968377632227
13.07,48.790000000000006,0.27727828352646305,0.04915290888258779
13.100000000000001,48.790000000000006,0.2941034762347409,0.0551390391337385
13.129999999999999,48.790000000000006,0.29727438445932486,0.060301408565031675
13.16,48.790000000000006,0.28285457176586953,0.06222424641366048
13.190000000000001,48.790000000000006,0.27375413309611546,0.06903221184330964
13.22,48.790000000000006,0.2586322637704181,0.07179142118834868
13.25,48.790000000000006,0.2257220240936964,0.07028780819416844
13.280000000000001,48.790000000000006,0.20469545808168474,0.06127021305112619
13.31,48.790000000000006,0.18509796749520682,0.05161178304261852
13.34,48.790000000000006,0.16590145441996887,0.0490113069429813
13.370000000000001,48.790000000000006,0.16811283008454223,0.05019087028709178
13.4,48.790000000000006,0.17861783474966056,0.06118226984421156
13.43,48.790000000000006,0.1899518768248651,0.07945161921755149
13.46,48.790000000000006,0.1944214067006404,0.08272456475896092
13.49,48.790000000000006,0.19817962919244286,0.08261509412850883
13.52,48.790000000000006,0.20629161270821278,0.11103317974837727
13.55,48.790000000000006,0.2172510936706372,0.1375639400456444
13.58,48.790000000000006,0.20407443039854653,0.11860252722172179
13.61,48.790000000000006,0.19227672035393445,0.09192155639571589
13.64,48.790000000000006,0.1787790175646836,0.06017274619842185
13.67,48.790000000000006,0.17217416880083902,0.05329598810422313
13.7,48.790000000000006,0.16926379441628284,0.0508959615640586
13.73,48.790000000000006,0.16795907823141443,0.049847905023721606
13.76,48.790000000000006,0.16652899122522533,0.049133683116954034
10.46,48.82,0.39993688212494916,0.09885364378844258
10.49,48.82,0.4359390228792594,0.07962070857937607
10.52,48.82,0.45801203702075055,0.09993908816102864
10.55,48.82,0.5997936654109156,0.0721608743505228
10.58,48.82,0.5605793510523474,0.07946870430666393
10.61,48.82,0.35449786793966587,0.06214914825208504
10.64,48.82,0.363486283024152,0.06630954058162122
10.67,48.82,0.41461964936643625,0.08742925064658073
10.7,48.82,0.4150202572659287,0.138295632410346
10.73,48.82,0.38047400204242193,0.0906568913260551
10.76,48.82,0.3387531803840826,0.06650266275073992
10.790000000000001,48.82,0.3012984577500144,0.058789067545488634
10.82,48.82,0.2709859382825436,0.04822354624001981
10.85,48.82,0.2737905093494361,0.06485759694477829
10.88,48.82,0.26511883279586107,0.054990394260266993
10.91,48.82,0.2473229531527969,0.04340870149889711
10.940000000000001,48.82,0.23705227945680724,0.04089216377562475
10.97,48.82,0.2388704611941884,0.047546626234097916
11,48.82,0.25772833126737293,0.05568415771757338
11.030000000000001,48.82,0.27264890047628354,0.06667015530853251
11.06,48.82,0.28316649374891567,0.060308705146092274
11.09,48.82,0.3522313528409413,0.08436397099480702
11.120000000000001,48.82,0.41001323744121737,0.13985503910795488
11.15,48.82,0.3362164960349304,0.10676277768229067
11.18,48.82,0.26202960896513194,0.0612827807963251
11.21,48.82,0.2957651127925477,0.08054836583797821
11.24,48.82,0.33288932297074936,0.07058666841069397
11.27,48.82,0.5705446380687972,0.129379769673238
11.3,48.82,0.4129485457009724,0.0636382495073565
11.33,48.82,0.45667045357263725,0.07077092054542963
11.36,48.82,0.47462010481065525,0.055104230476096104
11.39,48.82,0.38404374485007475,0.05536994385804962
11.42,48.82,0.4275859812696191,0.109600122123931
11.45,48.82,0.42398723754918416,0.08049818275280128
11.48,48.82,0.43002102376751605,0.06996867214843831
11.51,48.82,0.48872996748135694,0.1115500088391115
11.54,48.82,0.4375835959039468,0.11150715064873677
11.57,48.82,0.38389564553155814,0.08564621094951512
11.6,48.82,0.3595471421920619,0.07191509481566373
11.63,48.82,0.3671639616517216,0.06847833450714619
11.66,48.82,0.47515688152528385,0.09142427409707077
11.690000000000001,48.82,0.4976455824686337,0.10233563892014012
11.72,48.82,0.3923259703534638,0.09593892721336496
11.75,48.82,0.3395715914843374,0.0790150306802512
11.780000000000001,48.82,0.34734897546588545,0.08368512986801205
11.81,48.82,0.3323102879104808,0.06463426857749868
11.84,48.82,0.32965995012717725,0.07251358321308303
11.870000000000001,48.82,0.3398024623152025,0.07098391732945163
11.9,48.82,0.38384548473821095,0.08639200208386145
11.93,48.82,0.4594831731210173,0.11806610739948284
11.96,48.82,0.4983626204407988,0.12295270792938376
11.99,48.82,0.4563379482471697,0.09381257417492939
12.02,48.82,0.4276331020711178,0.10630971518243496
12.05,48.82,0.37761906791537825,0.10109518170662893
12.08,48.82,0.3422315161907137,0.07801964886686098
12.11,48.82,0.3776118293283497,0.08252535924067127
12.14,48.82,0.39446731309008837,0.075837239685301
12.17,48.82,0.38825023086020105,0.09143944289105324
12.2,48.82,0.40065866575088244,0.0693027593587032
12.23,48.82,0.42669098602872046,0.07148081352209203
12.26,48.82,0.4269137363752266,0.06734300436252903
12.29,48.82,0.3936596952607137,0.07927588907047312
12.32,48.82,0.3735528933740152,0.06203569353555268
12.35,48.82,0.4255615612564064,0.07664522062707978
12.38,48.82,0.4542438589342845,0.11787387164415175
12.41,48.82,0.3820780163757774,0.08131290670434976
12.440000000000001,48.82,0.39346355030258506,0.08533117457721155
12.47,48.82,0.4230872353249778,0.08213347988753755
12.5,48.82,0.4876395733787216,0.07828876697135864
12.530000000000001,48.82,0.5943147815814745,0.11502292163620959
12.56,48.82,0.5649412081703868,0.08811473208281399
12.59,48.82,0.6098292643980718,0.0870721441440639
12.620000000000001,48.82,0.570301843218438,0.08612048150578486
12.65,48.82,0.5733240138528322,0.08735940717660763
12.68,48.82,0.5597519010891692,0.0923039878921177
12.71,48.82,0.5013411428206231,0.09142281209228023
12.74,48.82,0.450647489900446,0.0664741768067184
12.77,48.82,0.5020173171171374,0.07782475156674708
12.8,48.82,0.48077063052317115,0.06408898477440408
12.83,48.82,0.41543208756313255,0.05411874107860274
12.86,48.82,0.40310327019688347,0.0911790582887438
12.89,48.82,0.3170444781315635,0.07366171254930806
12.92,48.82,0.3085080215275963,0.06151791049373383
12.95,48.82,0.269828049213515,0.05045909751914636
12.98,48.82,0.25355712411509634,0.053658782565338445
13.01,48.82,0.2516525471633107,0.050424113599479736
13.04,48.82,0.2599176385741537,0.05604145158697248
13.07,48.82,0.2683619348683572,0.04796023489165577
13.100000000000001,48.82,0.28127506756120485,0.05170163585277294
13.129999999999999,48.82,0.29064655466056105,0.05901967205133457
13.16,48.82,0.27929510700516025,0.057938166893492
13.190000000000001,48.82,0.272436857395025,0.06508269768261325
13.22,48.82,0.24818428734056075,0.06823595288217611
13.25,48.82,0.22987473042959358,0.07340697998505678
13.280000000000001,48.82,0.21485840134945894,0.071848613965271
13.31,48.82,0.19208643237446477,0.06028148151362708
13.34,48.82,0.17811515122642915,0.05840667789857707
13.370000000000001,48.82,0.17093739489042217,0.052419025910227006
13.4,48.82,0.1794102262485654,0.06617413191457308
13.43,48.82,0.1928363661299883,0.0844006588325682
13.46,48.82,0.19835621305240583,0.08707188698553522
13.49,48.82,0.20065679327865907,0.08783447823989905
13.52,48.82,0.2065472494759209,0.11154222781821123
13.55,48.82,0.21629193214691134,0.13502064194609265
13.58,48.82,0.20448244520278014,0.11853418060840701
13.61,48.82,0.19269484300082737,0.094309445744001
13.64,48.82,0.17952367321245613,0.061930324257770134
13.67,48.82,0.17259908693624454,0.053933710310645894
13.7,48.82,0.1688394064512864,0.05110961572054992
13.73,48.82,0.16735084768541594,0.05006474837426301
13.76,48.82,0.16596729384905987,0.048992289427193816
10.46,48.85,0.4851046025575074,0.11394185568031641
10.49,48.85,0.4917171999337294,0.09254423047807006
10.52,48.85,0.5388973363639254,0.07108305301749776
10.55,48.85,0.6004505257007169,0.06549337904005685
10.58,48.85,0.5800423530238398,0.07003826896733241
10.61,48.85,0.4997567142597745,0.1112439804053095
10.64,48.85,0.4552504740000913,0.10407788693642248
10.67,48.85,0.3751528343073005,0.06461520454700337
10.7,48.85,0.3730589494864236,0.0745882147285905
10.73,48.85,0.3863425724322065,0.0862361823292862
10.76,48.85,0.3426824514975628,0.08283786346722523
10.790000000000001,48.85,0.2917585934087201,0.05646407680668441
10.82,48.85,0.259492152908047,0.044290230536633175
10.85,48.85,0.26051443663263885,0.047493758617396936
10.88,48.85,0.26650791616850256,0.06166018560104228
10.91,48.85,0.24914483504223434,0.04698933553274074
10.940000000000001,48.85,0.24304348800401923,0.044494671986487995
10.97,48.85,0.24289495158757882,0.045143748495675734
11,48.85,0.266671023678738,0.06639629392091051
11.030000000000001,48.85,0.30028486627803386,0.10802156735526132
11.06,48.85,0.28690691934209245,0.05686253001888341
11.09,48.85,0.3084706685483687,0.06207231254395424
11.120000000000001,48.85,0.31613403218659336,0.0781659228118668
11.15,48.85,0.3156152646168571,0.10744134593541281
11.18,48.85,0.28876648785228426,0.08937548681927368
11.21,48.85,0.30975427173975356,0.09025979605301875
11.24,48.85,0.3337607935493322,0.07315364078919202
11.27,48.85,0.3928669595630026,0.09435283267576838
11.3,48.85,0.36628704734884554,0.07307351139088367
11.33,48.85,0.3933875146473507,0.061807587566294356
11.36,48.85,0.40994447333510436,0.06609732914894714
11.39,48.85,0.36667176547712993,0.0559630695576432
11.42,48.85,0.3688279756104492,0.06266295736677399
11.45,48.85,0.3684001467369173,0.07179276859193144
11.48,48.85,0.37884516140634095,0.07450383474757113
11.51,48.85,0.39647151973463657,0.08287349027979089
11.54,48.85,0.44704792276629834,0.09246381371842635
11.57,48.85,0.36573174442719936,0.0878439962312492
11.6,48.85,0.3441548140350117,0.07473057587832199
11.63,48.85,0.34262628343910384,0.06907142346072496
11.66,48.85,0.3776036295029749,0.07681749366478245
11.690000000000001,48.85,0.3650154867949688,0.07507326362042575
11.72,48.85,0.3149517078286064,0.05898981348726021
11.75,48.85,0.3480575098638206,0.08414935310743703
11.780000000000001,48.85,0.4319779438649869,0.14709809706321159
11.81,48.85,0.34916806930618577,0.07827826941710872
11.84,48.85,0.34949006230713964,0.07938508340124058
11.870000000000001,48.85,0.35554256878305646,0.06710102739675718
11.9,48.85,0.40785434510276847,0.09052491079732933
11.93,48.85,0.5318968173108582,0.15600436654350672
11.96,48.85,0.5801752114377695,0.17381998409190616
11.99,48.85,0.47768125975947,0.10601303811249621
12.02,48.85,0.42376845854346773,0.09749082524121735
12.05,48.85,0.3869109650455548,0.10639231663431951
12.08,48.85,0.385176436380023,0.07562324031715738
12.11,48.85,0.40594682014700223,0.07956069367749272
12.14,48.85,0.39489768780879897,0.08062739410486185
12.17,48.85,0.39804917097582726,0.0832710337391947
12.2,48.85,0.43384593209139033,0.07130575849171202
12.23,48.85,0.5046776231519696,0.07624678981601767
12.26,48.85,0.4835895500921032,0.08432618250571947
12.29,48.85,0.40935168853184656,0.0649137588074651
12.32,48.85,0.37493271325088695,0.0673697023286932
12.35,48.85,0.3609927153856938,0.06464326419239116
12.38,48.85,0.3676127267738,0.0793889808285011
12.41,48.85,0.43043801193751696,0.09145471862136895
12.440000000000001,48.85,0.46240755037810743,0.1099426637431232
12.47,48.85,0.45823870848395687,0.08866273043616439
12.5,48.85,0.5201404282321528,0.07473237315054536
12.530000000000001,48.85,0.5744527111960375,0.08652352262436008
12.56,48.85,0.5500410319715318,0.10254882542589218
12.59,48.85,0.5099460151476629,0.053110800967053784
12.620000000000001,48.85,0.5656644784585565,0.06901240985775607
12.65,48.85,0.555707766688028,0.08070485120064148
12.68,48.85,0.5293196684899638,0.09347353590347804
12.71,48.85,0.46822903831674306,0.07487923564764006
12.74,48.85,0.4701911087147479,0.07645014389952505
12.77,48.85,0.40553159655366666,0.0542096870971484
12.8,48.85,0.44894526064288137,0.056783086861311366
12.83,48.85,0.3740984115599268,0.059450973039572363
12.86,48.85,0.3392863835377496,0.05958711940062606
12.89,48.85,0.31302252139963294,0.07007016851103935
12.92,48.85,0.2953571496899879,0.0613585090948049
12.95,48.85,0.27334085254150137,0.059303219910763656
12.98,48.85,0.2548194744331656,0.052856522776662716
13.01,48.85,0.24711103499222228,0.04846682695165169
13.04,48.85,0.24643004312362105,0.04762089209524461
13.07,48.85,0.2551783780378983,0.053803025188474914
13.100000000000001,48.85,0.26734988816368904,0.04766457324694087
13.129999999999999,48.85,0.2838202031665543,0.05860867408877339
13.16,48.85,0.27735178425132867,0.05691114432897791
13.190000000000001,48.85,0.2721445228809935,0.062254958429297
13.22,48.85,0.24071050619245868,0.06922685754295899
13.25,48.85,0.23071812211544776,0.07222477279769657
13.280000000000001,48.85,0.2195325244636335,0.07304076094849213
13.31,48.85,0.20774661699259417,0.06495694346584582
13.34,48.85,0.18746079348951417,0.06261364664149231
13.370000000000001,48.85,0.17692114011955665,0.05591543133197665
13.4,48.85,0.17745428878103248,0.061265779768389976
13.43,48.85,0.18641337933294966,0.07422466614602265
13.46,48.85,0.18984357598932397,0.07622025323867329
13.49,48.85,0.19269502659149942,0.07534835754024984
13.52,48.85,0.19856918824030653,0.09493727575638226
13.55,48.85,0.19983527881861426,0.10523940265477878
13.58,48.85,0.19574510564913952,0.10020646138101998
13.61,48.85,0.18731839010621792,0.07884113327751278
13.64,48.85,0.17768778850053676,0.05983623368044474
13.67,48.85,0.172006041821005,0.053659859587926934
13.7,48.85,0.1692927019069408,0.0511710206233593
13.73,48.85,0.16694392039463798,0.049985345352819566
10.46,48.88,0.530381039217998,0.11171579118033756
10.49,48.88,0.5503879622586277,0.06386576796286443
10.52,48.88,0.6287611123767567,0.09565976505127037
10.55,48.88,0.5986401444134645,0.06389490594657224
10.58,48.88,0.5321205607723601,0.06194153892082174
10.61,48.88,0.47695252732930327,0.06530593168576793
10.64,48.88,0.47040989959135876,0.0438580973017603
10.67,48.88,0.4288840002494472,0.06371255912230997
10.7,48.88,0.38760666361788504,0.08096403851851207
10.73,48.88,0.3480648392506866,0.06933640726619066
10.76,48.88,0.32489538465013407,0.07945991853395808
10.790000000000001,48.88,0.27488953686661904,0.05395087071091476
10.82,48.88,0.2613974853646212,0.051793368986441324
10.85,48.88,0.2577482313536901,0.05080324609706795
10.88,48.88,0.2548457747991076,0.05391522948496135
10.91,48.88,0.25138845241664487,0.049498486286805
10.940000000000001,48.88,0.25241983739021123,0.04901208017739233
10.97,48.88,0.25501254328939993,0.049915992280693516
11,48.88,0.2548815362108804,0.05655717279997364
11.030000000000001,48.88,0.2902186023289466,0.11174958046831014
11.06,48.88,0.31044689579001966,0.08669853326630705
11.09,48.88,0.3340102266969455,0.10487962504257406
11.120000000000001,48.88,0.32880658772175364,0.11823510301984413
11.15,48.88,0.2858566888984825,0.06308387350009166
11.18,48.88,0.29109765855491126,0.0660693052926827
11.21,48.88,0.30189865674790994,0.0675233287410287
11.24,48.88,0.3990866174192102,0.12450755657747904
11.27,48.88,0.36724581998484374,0.09007655408083952
11.3,48.88,0.2910175956993334,0.06186413094398197
11.33,48.88,0.2760209988827288,0.05199006029112846
11.36,48.88,0.2921720804715528,0.06875382815749519
11.39,48.88,0.3400541105505168,0.08742795128193637
11.42,48.88,0.37704186951015833,0.11436362159754455
11.45,48.88,0.33994067680876217,0.0726528564954783
11.48,48.88,0.33547140124266245,0.08269386973821191
11.51,48.88,0.3559469225255918,0.08719938370597184
11.54,48.88,0.38585011666810937,0.12401193481156197
11.57,48.88,0.3584563625466836,0.09399311142878632
11.6,48.88,0.2894060404626187,0.06492467248488167
11.63,48.88,0.26319973778036054,0.054365561729376816
11.66,48.88,0.28271100514346253,0.07817844791957392
11.690000000000001,48.88,0.2864809188963045,0.06613648519876436
11.72,48.88,0.3029308956911384,0.06307011217166061
11.75,48.88,0.34687838837958074,0.08027048114715901
11.780000000000001,48.88,0.42390803010889616,0.16394065410088546
11.81,48.88,0.4127702212933578,0.0961111459790196
11.84,48.88,0.41419814955169904,0.09107799038275735
11.870000000000001,48.88,0.36556365211313513,0.07843317534485947
11.9,48.88,0.3912286271488895,0.08915677639624989
11.93,48.88,0.503746725270491,0.1492134910352207
11.96,48.88,0.5283534158379046,0.15771485032439347
11.99,48.88,0.443865395475415,0.10292789575266617
12.02,48.88,0.4549306424316898,0.14344311347197913
12.05,48.88,0.4193856935388379,0.10033894758396987
12.08,48.88,0.406094511944213,0.07785991054681976
12.11,48.88,0.43452414994757604,0.08861812842764485
12.14,48.88,0.4078975969698236,0.07413819779066795
12.17,48.88,0.43817217079888554,0.07210149205706927
12.2,48.88,0.4997681036838454,0.07393051253165996
12.23,48.88,0.5407795428022436,0.06724183078473446
12.26,48.88,0.5799409120829631,0.07852428082991501
12.29,48.88,0.464022066249442,0.06386341519819567
12.32,48.88,0.4903586908507474,0.10748929437045802
12.35,48.88,0.44794440933599955,0.06197865789771695
12.38,48.88,0.44205346532057066,0.06970272449029251
12.41,48.88,0.4011888353153035,0.05853581530186903
12.440000000000001,48.88,0.48473903263183504,0.08566832620081781
12.47,48.88,0.48504624874880203,0.0859887641503859
12.5,48.88,0.481275892777952,0.070258167874895
12.530000000000001,48.88,0.4752587844702085,0.0566877924843423
12.56,48.88,0.46495347745163584,0.05609875971252997
12.59,48.88,0.521751424998896,0.04452394586083096
12.620000000000001,48.88,0.4976838570691872,0.04865792375041002
12.65,48.88,0.5135432245718777,0.0814058417472324
12.68,48.88,0.49705781078416517,0.07545239166744908
12.71,48.88,0.4346066474476575,0.06698717126783696
12.74,48.88,0.42264420363754684,0.05552245162348256
12.77,48.88,0.415256702320861,0.054982820609283806
12.8,48.88,0.40314504917664684,0.05694145756408257
12.83,48.88,0.3668114119972628,0.06022200279250693
12.86,48.88,0.31509106706088547,0.0695350320276029
12.89,48.88,0.30316461592263444,0.069931178177113
12.92,48.88,0.2953745740710021,0.06580622780135428
12.95,48.88,0.2796417823874539,0.061479115120809266
12.98,48.88,0.2621382395870339,0.05609635822128125
13.01,48.88,0.24961859455756855,0.049712495794413523
13.04,48.88,0.24472197987536384,0.04471977738835025
13.07,48.88,0.2444415186226138,0.04600858943581896
13.100000000000001,48.88,0.2507710434974884,0.0523820356905816
13.129999999999999,48.88,0.27515644145566814,0.05478240465547337
13.16,48.88,0.2744061058271938,0.05614329645207952
13.190000000000001,48.88,0.2681225692609078,0.05837733898397327
13.22,48.88,0.2397276981336938,0.06490406764240823
13.25,48.88,0.2306997759845349,0.0718173800948002
13.280000000000001,48.88,0.22125021471119424,0.07132520214998267
13.31,48.88,0.21454424480451692,0.06784970490597608
13.34,48.88,0.19641609250453937,0.06948059744317443
13.370000000000001,48.88,0.18561282761013007,0.060587804269218816
13.4,48.88,0.17645291473722302,0.05666380507098368
13.43,48.88,0.17891078502661675,0.06238154828759057
13.46,48.88,0.17990076506142377,0.0628257819412784
13.49,48.88,0.18307541463299554,0.06280308174307049
13.52,48.88,0.18484406755860108,0.06606565682157409
13.55,48.88,0.1861509507634859,0.07227831148661477
13.58,48.88,0.18432290450844527,0.07061360154863242
13.61,48.88,0.17869674746909148,0.061796842673003324
13.64,48.88,0.17483364031957396,0.05614586801146299
10.46,48.910000000000004,0.49317569888434337,0.08514146623921202
10.49,48.910000000000004,0.46710171753733154,0.07295452740703179
10.52,48.910000000000004,0.5014389244421783,0.05427265223373423
10.55,48.910000000000004,0.5093592115214746,0.05881429372025055
10.58,48.910000000000004,0.46514840741598945,0.051481852038954584
10.61,48.910000000000004,0.5316728587807324,0.08095711039623034
10.64,48.910000000000004,0.4686959895525332,0.05860672837664621
10.67,48.910000000000004,0.4317093996531544,0.08858406529242398
10.7,48.910000000000004,0.3501234770952373,0.0809789101014301
10.73,48.910000000000004,0.3166387842939309,0.071076316489763
10.76,48.910000000000004,0.29627796986297394,0.05839630506997247
10.790000000000001,48.910000000000004,0.26445184407464484,0.048554144932475646
10.82,48.910000000000004,0.24741431317889584,0.04116286325434644
10.85,48.910000000000004,0.24920768549104055,0.04570247384999369
10.88,48.910000000000004,0.2578143291302897,0.05095455621081596
10.91,48.910000000000004,0.27674671664571315,0.0654788096841791
10.940000000000001,48.910000000000004,0.2893932111687404,0.07222626678630317
10.97,48.910000000000004,0.2879157467007529,0.09060394737951513
11,48.910000000000004,0.2405102552007921,0.045933112787995986
11.030000000000001,48.910000000000004,0.24525692966340992,0.0480462086891172
11.06,48.910000000000004,0.26716335056703466,0.05373712588396292
11.09,48.910000000000004,0.30091462737571845,0.07682179878272394
11.120000000000001,48.910000000000004,0.3072640953815814,0.08745472466982755
11.15,48.910000000000004,0.27892701156799005,0.06402671563800758
11.18,48.910000000000004,0.27138629916431833,0.06212927222072958
11.21,48.910000000000004,0.2954266372925107,0.0609437722669905
11.24,48.910000000000004,0.3234228734335329,0.07682860485104828
11.27,48.910000000000004,0.3183005468637461,0.07791654587702201
11.3,48.910000000000004,0.2878366542514949,0.07498101647085388
11.33,48.910000000000004,0.3198336304742414,0.09249275418435124
11.36,48.910000000000004,0.37837444153957095,0.08526204125571245
11.39,48.910000000000004,0.3371008781209,0.09154372495987054
11.42,48.910000000000004,0.3787516606044851,0.10887203147153658
11.45,48.910000000000004,0.3337811846590933,0.08390410794826463
11.48,48.910000000000004,0.29645448470701674,0.057392012840028726
11.51,48.910000000000004,0.29404946299682816,0.07074024570014852
11.54,48.910000000000004,0.32475495514521197,0.10459839610125889
11.57,48.910000000000004,0.33283038400795933,0.10222474180269624
11.6,48.910000000000004,0.2940681751334497,0.07313871442444947
11.63,48.910000000000004,0.28316937096204386,0.061200820839970006
11.66,48.910000000000004,0.2895504956448496,0.06847656159551686
11.690000000000001,48.910000000000004,0.32930069077312996,0.08691927134200068
11.72,48.910000000000004,0.37300988218669046,0.10104335594326654
11.75,48.910000000000004,0.43264961564110094,0.11975492160950227
11.780000000000001,48.910000000000004,0.4072383435913962,0.09693059521017082
11.81,48.910000000000004,0.43570685460479397,0.10594064762863489
11.84,48.910000000000004,0.4767416283878046,0.08564694396948469
11.870000000000001,48.910000000000004,0.4045118041306655,0.10193840717532873
11.9,48.910000000000004,0.3709484245725533,0.08182147875801594
11.93,48.910000000000004,0.4747468745633378,0.15254778009196707
11.96,48.910000000000004,0.5009834177330095,0.13834692817945857
11.99,48.910000000000004,0.41162555840654,0.08698983272430792
12.02,48.910000000000004,0.4181297115816785,0.10655540844500798
12.05,48.910000000000004,0.39100073607223956,0.08910573795345182
12.08,48.910000000000004,0.4062876827961594,0.08397562042559815
12.11,48.910000000000004,0.3968582394914188,0.06491038315471911
12.14,48.910000000000004,0.43207818369808676,0.07913361901383184
12.17,48.910000000000004,0.4730577559054778,0.057419706670574076
12.2,48.910000000000004,0.5575761153410159,0.0630919292925364
12.23,48.910000000000004,0.6246024721980359,0.052124536660031834
12.26,48.910000000000004,0.5706176520323577,0.054875045663291724
12.29,48.910000000000004,0.5264241945750233,0.07632254447462657
12.32,48.910000000000004,0.524468914623836,0.11398986676742508
12.35,48.910000000000004,0.5124331565501022,0.10017134859756635
12.38,48.910000000000004,0.4546888604441218,0.07874218366778603
12.41,48.910000000000004,0.4274008051530015,0.07338387214770119
12.440000000000001,48.910000000000004,0.41937255809113666,0.05475495397972242
12.47,48.910000000000004,0.470382622853716,0.06719246397057338
12.5,48.910000000000004,0.4802925085556894,0.06580091405639643
12.530000000000001,48.910000000000004,0.45067954628093665,0.05618756526324123
12.56,48.910000000000004,0.44444149318927223,0.057572732147583995
12.59,48.910000000000004,0.4697573461024099,0.0497388078808854
12.620000000000001,48.910000000000004,0.46280228058551676,0.05752617988694981
12.65,48.910000000000004,0.48224398718409506,0.10331991883817743
12.68,48.910000000000004,0.4447119478590425,0.078910194141983
12.71,48.910000000000004,0.43412679657034836,0.06975382357839538
12.74,48.910000000000004,0.4109749030699272,0.052188277718712484
12.77,48.910000000000004,0.40345161489936593,0.05355288343475277
12.8,48.910000000000004,0.39321856812708894,0.054666358085548275
12.83,48.910000000000004,0.36657715809045444,0.058942961287240477
12.86,48.910000000000004,0.3184723048719407,0.06571716618148969
12.89,48.910000000000004,0.30786726909163276,0.06872196494488948
12.92,48.910000000000004,0.3042211491944846,0.06821599701160404
12.95,48.910000000000004,0.28737574169712304,0.06205487959703511
12.98,48.910000000000004,0.27146556065801214,0.059389470746891077
13.01,48.910000000000004,0.2549917427994281,0.052638080974910684
13.04,48.910000000000004,0.24807522725132297,0.04551279044768631
13.07,48.910000000000004,0.24174425077325018,0.043018018779279875
13.100000000000001,48.910000000000004,0.24296097893119883,0.04746002383316449
13.129999999999999,48.910000000000004,0.25784348812414665,0.05737407824240176
13.16,48.910000000000004,0.2612131195908267,0.0549977623148745
13.190000000000001,48.910000000000004,0.25212055639454484,0.05990158644457629
13.22,48.910000000000004,0.23902191600375824,0.06571402737729481
13.25,48.910000000000004,0.2278214135065556,0.06779229065630334
13.280000000000001,48.910000000000004,0.2212683132280528,0.07089523816215407
13.31,48.910000000000004,0.21616100155746737,0.06686539379150275
13.34,48.910000000000004,0.20020919098538006,0.06971623792710045
13.370000000000001,48.910000000000004,0.18965136517488912,0.06484418210741734
13.4,48.910000000000004,0.18027712614966726,0.057957455571475004
13.43,48.910000000000004,0.17438575486130015,0.055630520429851206
13.46,48.910000000000004,0.17456508434652984,0.05660029704868917
13.49,48.910000000000004,0.17399535532519295,0.05389455454997136
13.52,48.910000000000004,0.17637293762629058,0.05488632884751411
13.55,48.910000000000004,0.17651076870222782,0.05622614011048677
13.58,48.910000000000004,0.1752654917514892,0.055797359754470754
13.61,48.910000000000004,0.17384027120713066,0.055435681276514395
10.46,48.940000000000005,0.41248244537808776,0.08287971876953187
10.49,48.940000000000005,0.435547577446712,0.0962317734054344
10.52,48.940000000000005,0.4489891549212979,0.08531900882909614
10.55,48.940000000000005,0.3859552315011473,0.06761079971586302
10.58,48.940000000000005,0.38722133294980193,0.0617164721153899
10.61,48.940000000000005,0.40590146492550766,0.054793120642833225
10.64,48.940000000000005,0.3795087422299127,0.06249037879849411
10.67,48.940000000000005,0.3545209773524314,0.07422200958945399
10.7,48.940000000000005,0.3271520771286538,0.07086496458997006
10.73,48.940000000000005,0.3047784881157589,0.06430058494403104
10.76,48.940000000000005,0.2884467246135507,0.05162317053039352
10.790000000000001,48.940000000000005,0.2643618689913303,0.0398241594699675
10.82,48.940000000000005,0.26422528428985115,0.05151628831360819
10.85,48.940000000000005,0.26078492822627725,0.053394260864134555
10.88,48.940000000000005,0.26997504910667847,0.05950011936170585
10.91,48.940000000000005,0.3372002365862277,0.10848749213032757
10.940000000000001,48.940000000000005,0.35297946648177675,0.0965024460433383
10.97,48.940000000000005,0.2898579336635643,0.08363228178710565
11,48.940000000000005,0.23772283253856355,0.04551512842951408
11.030000000000001,48.940000000000005,0.2815396748133676,0.07809070868005882
11.06,48.940000000000005,0.2912446412560289,0.07447047468852201
11.09,48.940000000000005,0.2935200819260933,0.0756506520265893
11.120000000000001,48.940000000000005,0.2971116700117848,0.08578839743293513
11.15,48.940000000000005,0.2702081427794715,0.07702049870721449
11.18,48.940000000000005,0.2498833629817094,0.06494379041909512
11.21,48.940000000000005,0.26169588921331033,0.06165941767701546
11.24,48.940000000000005,0.29760402994517465,0.06952475933505002
11.27,48.940000000000005,0.32704146572923326,0.08370291423575761
11.3,48.940000000000005,0.3494420109091913,0.09531824730522753
11.33,48.940000000000005,0.37383148615504985,0.08996889115537526
11.36,48.940000000000005,0.411382734108383,0.08449288827848729
11.39,48.940000000000005,0.4871749997208595,0.188283727250502
11.42,48.940000000000005,0.3676183553335217,0.08466879403006931
11.45,48.940000000000005,0.3178521241953645,0.060006250394013166
11.48,48.940000000000005,0.2955812481003635,0.05112343329971472
11.51,48.940000000000005,0.3098348329100837,0.0635942898140432
11.54,48.940000000000005,0.325965123456061,0.07154350109179898
11.57,48.940000000000005,0.3504827044910264,0.0844924674940998
11.6,48.940000000000005,0.35770958260636937,0.06986160229035072
11.63,48.940000000000005,0.35161722548803864,0.0659327726744594
11.66,48.940000000000005,0.38361601178127397,0.08274642469095897
11.690000000000001,48.940000000000005,0.4250681819421961,0.10929743162935045
11.72,48.940000000000005,0.4583610301327031,0.12339954462223432
11.75,48.940000000000005,0.5252185547915301,0.17845632817432563
11.780000000000001,48.940000000000005,0.5062598552840091,0.13567923836341927
11.81,48.940000000000005,0.44821898832292417,0.09924259836720245
11.84,48.940000000000005,0.4265847320811112,0.08189538317617898
11.870000000000001,48.940000000000005,0.384517948549,0.08539733651007812
11.9,48.940000000000005,0.3564476264855894,0.07796074322235697
11.93,48.940000000000005,0.36489117298372425,0.07883798001581091
11.96,48.940000000000005,0.3762001386238873,0.0778049717188505
11.99,48.940000000000005,0.3696953516361749,0.08324770341941501
12.02,48.940000000000005,0.37631177196576837,0.08078599827979883
12.05,48.940000000000005,0.35207643392886157,0.06236517212862981
12.08,48.940000000000005,0.3649655815061953,0.0864130876831256
12.11,48.940000000000005,0.35886170630180614,0.07213453381862146
12.14,48.940000000000005,0.46061943066916267,0.10079346932544996
12.17,48.940000000000005,0.5041971246029149,0.07004940522446737
12.2,48.940000000000005,0.5814612335105059,0.06763009081314449
12.23,48.940000000000005,0.6828757825293525,0.04746330761370015
12.26,48.940000000000005,0.6026023576367254,0.06572890405302664
12.29,48.940000000000005,0.5000347324434163,0.07592816982351813
12.32,48.940000000000005,0.4557482202251103,0.05255713272057651
12.35,48.940000000000005,0.43976427791676814,0.04692445000356339
12.38,48.940000000000005,0.42081637789655624,0.05190966507191286
12.41,48.940000000000005,0.42225786459019893,0.07598026423673912
12.440000000000001,48.940000000000005,0.42655053010975197,0.06215211369272218
12.47,48.940000000000005,0.4614032417493233,0.07068531680829164
12.5,48.940000000000005,0.5078082684950016,0.07349723705355805
12.530000000000001,48.940000000000005,0.5323834631801484,0.06808509817632727
12.56,48.940000000000005,0.4992219052629464,0.09060307712301306
12.59,48.940000000000005,0.4298157199814591,0.05847132217208938
12.620000000000001,48.940000000000005,0.44024700351850965,0.08555429159157464
12.65,48.940000000000005,0.4254215058887053,0.1029856678255181
12.68,48.940000000000005,0.41878819572125364,0.09222178761715168
12.71,48.940000000000005,0.408458102351914,0.07742317113465334
12.74,48.940000000000005,0.39200791468552465,0.06323265369094608
12.77,48.940000000000005,0.3957993832573977,0.05376521649528498
12.8,48.940000000000005,0.3880399140257524,0.05436324555977651
12.83,48.940000000000005,0.36202332931853304,0.05651636093950484
12.86,48.940000000000005,0.3241370317792978,0.06578669310696654
12.89,48.940000000000005,0.3090795522544207,0.06734531890960366
12.92,48.940000000000005,0.30744900463382463,0.06724666794599929
12.95,48.940000000000005,0.2987585188378257,0.06418956797300657
12.98,48.940000000000005,0.2793895589486638,0.0599621938264477
13.01,48.940000000000005,0.2645944861649819,0.054043981350947366
13.04,48.940000000000005,0.25122591962660556,0.04935313102904842
13.07,48.940000000000005,0.24654551856275153,0.045168137784750026
13.100000000000001,48.940000000000005,0.23974515351486989,0.042827575328921536
13.129999999999999,48.940000000000005,0.23933806006068095,0.04911097893697219
13.16,48.940000000000005,0.25297575709387865,0.058096498642676506
13.190000000000001,48.940000000000005,0.23580548155587444,0.06113862758912686
13.22,48.940000000000005,0.23802194423764503,0.06567796537439013
13.25,48.940000000000005,0.22813173761863353,0.06778120845127891
13.280000000000001,48.940000000000005,0.218964673926925,0.0688655968766225
13.31,48.940000000000005,0.21805013355965888,0.06843748622664622
13.34,48.940000000000005,0.20413665400605815,0.06941286356277615
13.370000000000001,48.940000000000005,0.19537723320796857,0.06857126876937826
13.4,48.940000000000005,0.18441665368262172,0.06492206077390529
13.43,48.940000000000005,0.17647662470647899,0.05566513633503805
13.46,48.940000000000005,0.16834087629720032,0.05275989869896751
13.49,48.940000000000005,0.17038439877635042,0.05248231157061885
13.52,48.940000000000005,0.16955668480063077,0.04994805092945218
13.55,48.940000000000005,0.170011783362012,0.04959910846598748
13.58,48.940000000000005,0.1695553888993834,0.04936030746016275
10.43,48.970000000000006,0.31929514652252833,0.08312576422162962
10.46,48.970000000000006,0.33048579314205173,0.07025218756637018
10.49,48.970000000000006,0.3679810116782323,0.09609436341763004
10.52,48.970000000000006,0.3502685420486432,0.07529296241117878
10.55,48.970000000000006,0.3332810380065196,0.07536062727114512
10.58,48.970000000000006,0.3593215312176658,0.09045864682918177
10.61,48.970000000000006,0.36160402956003906,0.09276745672306182
10.64,48.970000000000006,0.2979109082443743,0.056889237617638255
10.67,48.970000000000006,0.32076152890892323,0.06540481173177827
10.7,48.970000000000006,0.3534906023900961,0.0834990879653567
10.73,48.970000000000006,0.30961647476745935,0.05897833964904248
10.76,48.970000000000006,0.2908223779964269,0.048967136507167414
10.790000000000001,48.970000000000006,0.27659625360217605,0.05708732063296607
10.82,48.970000000000006,0.27860220349414727,0.06533234862613584
10.85,48.970000000000006,0.2758923906580776,0.0634888264013499
10.88,48.970000000000006,0.2984493295731647,0.08764835515544764
10.91,48.970000000000006,0.3283308058730777,0.06921779584471106
10.940000000000001,48.970000000000006,0.37725598884630923,0.09643370855668328
10.97,48.970000000000006,0.3099209000260189,0.07039489111260924
11,48.970000000000006,0.2661870061305655,0.06398989535833116
11.030000000000001,48.970000000000006,0.2918572332860105,0.07794160973788437
11.06,48.970000000000006,0.3266519450664775,0.1092533276471474
11.09,48.970000000000006,0.3335537843060161,0.11042034279443294
11.120000000000001,48.970000000000006,0.35261660530738925,0.14481770616233502
11.15,48.970000000000006,0.2873200099185679,0.10152316865133085
11.18,48.970000000000006,0.24659663978912727,0.07189077404073267
11.21,48.970000000000006,0.23988160207458847,0.05978504819630658
11.24,48.970000000000006,0.2686542050831102,0.06627984652079452
11.27,48.970000000000006,0.3684603432020451,0.09820624850150447
11.3,48.970000000000006,0.39505421160400567,0.09811386101297512
11.33,48.970000000000006,0.4062037518426305,0.09913060375268853
11.36,48.970000000000006,0.41519119806121146,0.0891284176538739
11.39,48.970000000000006,0.4502346292918414,0.08841425395222208
11.42,48.970000000000006,0.3741194697620656,0.08240751242308016
11.45,48.970000000000006,0.2995731402989847,0.0649868021194098
11.48,48.970000000000006,0.28660049422974565,0.06236243685507671
11.51,48.970000000000006,0.3068690263891919,0.07257765050315008
11.54,48.970000000000006,0.32288553588645363,0.06803722330827022
11.57,48.970000000000006,0.3404148446103064,0.06911043082544112
11.6,48.970000000000006,0.36887541825224696,0.07827429792086496
11.63,48.970000000000006,0.38220621757182777,0.07298114296732398
11.66,48.970000000000006,0.4081076263595157,0.07971170665007075
11.690000000000001,48.970000000000006,0.4760522860327096,0.13515209013858068
11.72,48.970000000000006,0.45340545158448164,0.10190777938289548
11.75,48.970000000000006,0.47627740009712943,0.12344768891872455
11.780000000000001,48.970000000000006,0.4500533683486819,0.1057470009664822
11.81,48.970000000000006,0.4214732395165402,0.08136716905453127
11.84,48.970000000000006,0.41489534042270976,0.09318596246180191
11.870000000000001,48.970000000000006,0.39042672149413893,0.09485990191730294
11.9,48.970000000000006,0.3709196291095715,0.08860526565537669
11.93,48.970000000000006,0.35273350870853176,0.06623779636947341
11.96,48.970000000000006,0.3433947194553591,0.06146295897892329
11.99,48.970000000000006,0.3185665566053592,0.060612883471693836
12.02,48.970000000000006,0.3292398833252002,0.08354935669898071
12.05,48.970000000000006,0.2817614312797714,0.06465289275869424
12.08,48.970000000000006,0.3123330764838443,0.06726925440073782
12.11,48.970000000000006,0.39935074327253994,0.06412966407886751
12.14,48.970000000000006,0.43480380871178087,0.08288421330014438
12.17,48.970000000000006,0.5812725187182936,0.10338365587568189
12.2,48.970000000000006,0.5392128651145848,0.05133128639677213
12.23,48.970000000000006,0.5656281462051701,0.05315078730693202
12.26,48.970000000000006,0.49820683251634756,0.056599858272937946
12.29,48.970000000000006,0.4117492976563955,0.09741790117933402
12.32,48.970000000000006,0.41147351236580243,0.05774661646162846
12.35,48.970000000000006,0.3935557248453187,0.05890786646930785
12.38,48.970000000000006,0.36887127856619606,0.07742269460616011
12.41,48.970000000000006,0.39421108090289536,0.09416579849115676
12.440000000000001,48.970000000000006,0.4490502596194559,0.1119017198234329
12.47,48.970000000000006,0.5320788801588957,0.0875941536744663
12.5,48.970000000000006,0.5610197026088025,0.07352548991003817
12.530000000000001,48.970000000000006,0.6020867049301852,0.10466687762518666
12.56,48.970000000000006,0.5083645829131949,0.11195614288766716
12.59,48.970000000000006,0.4090504111238826,0.08432111603969351
12.620000000000001,48.970000000000006,0.39199453346649565,0.09280661974134403
12.65,48.970000000000006,0.4001117626061131,0.08720130834380747
12.68,48.970000000000006,0.38954036833548034,0.09360609305430888
12.71,48.970000000000006,0.38920434101404733,0.08698907065474237
12.74,48.970000000000006,0.38331817061348566,0.07108960716005493
12.77,48.970000000000006,0.37480786756785484,0.057593037772038586
12.8,48.970000000000006,0.381711649499645,0.05640998920723987
12.83,48.970000000000006,0.3581986393683958,0.06000747714728196
12.86,48.970000000000006,0.3278836641540859,0.06636366425134856
12.89,48.970000000000006,0.3121616925625624,0.06656493862602846
12.92,48.970000000000006,0.30952266217447044,0.0669532273467674
12.95,48.970000000000006,0.30336258342800637,0.06453665528814881
12.98,48.970000000000006,0.2882938051048244,0.061481551060616306
13.01,48.970000000000006,0.2715826670653767,0.0570264603696501
13.04,48.970000000000006,0.25802644003333597,0.04960041999400662
13.07,48.970000000000006,0.24922043037804614,0.04625533556019789
13.100000000000001,48.970000000000006,0.2424182248795673,0.04391144625086954
13.129999999999999,48.970000000000006,0.24029540666022556,0.04539202093244486
13.16,48.970000000000006,0.23675836896952066,0.052842989621295154
13.190000000000001,48.970000000000006,0.2292845006440708,0.058792019738669286
13.22,48.970000000000006,0.2264384367277919,0.0641870769413327
13.25,48.970000000000006,0.2269430949253305,0.06597152653759293
13.280000000000001,48.970000000000006,0.21955358940995715,0.06706209875840786
13.31,48.970000000000006,0.2159415545171358,0.06748967554657807
13.34,48.970000000000006,0.21108614113636878,0.06353584092439912
13.370000000000001,48.970000000000006,0.20063556328610035,0.06769988273771202
13.4,48.970000000000006,0.18639535411618996,0.06631111536167529
10.4,49,0.30393840927969407,0.0942237469063051
10.43,49,0.2861053367197874,0.0835192955542745
10.46,49,0.2817521978787948,0.07217610193487582
10.49,49,0.2907798329761445,0.0644236695701587
10.52,49,0.29621034730828777,0.056987102212679795
10.55,49,0.32997489979102385,0.08725044063022479
10.58,49,0.27693195692029204,0.05809452451269184
10.61,49,0.27316088009382333,0.05127301276003094
10.64,49,0.2942183330472399,0.07264603335780183
10.67,49,0.28979652067543626,0.06595714838451387
10.7,49,0.3011578085365726,0.06933545526059892
10.73,49,0.29280304837259535,0.0549067097130368
10.76,49,0.2810403581413706,0.04383338919812476
10.790000000000001,49,0.28218210461452103,0.05511097644986019
10.82,49,0.3321275080683332,0.11464984929525102
10.85,49,0.35396525980584864,0.1042551692569789
10.88,49,0.30476843895748645,0.06545968159166121
10.91,49,0.3076117395548309,0.07138845434002582
10.940000000000001,49,0.3696190161475251,0.08994722482478854
10.97,49,0.3113888460037924,0.07145983245398177
11,49,0.24883681671995433,0.046013172954128406
11.030000000000001,49,0.24174112613476614,0.04526791225942562
11.06,49,0.27514572192809905,0.08088181434166253
11.09,49,0.3159788335332899,0.10456247379279207
11.120000000000001,49,0.3298979577833369,0.13647831895382326
11.15,49,0.2551381450313032,0.08599167713662095
11.18,49,0.239727459755086,0.06882751213678125
11.21,49,0.24033511188658083,0.05911765425251869
11.24,49,0.2643951931445774,0.06488255921064143
11.27,49,0.3279368216494819,0.08481010589996812
11.3,49,0.388647790341719,0.0959530583862708
11.33,49,0.41972550560963795,0.10378598980166048
11.36,49,0.6522670594977991,0.1923608343522839
11.39,49,0.48169885946625834,0.0932608512622715
11.42,49,0.3686226362079073,0.07945200263293739
11.45,49,0.2830217588901839,0.06664904437952714
11.48,49,0.2986991630682956,0.082859953117454
11.51,49,0.368023031403436,0.12251229629928255
11.54,49,0.33624286246986285,0.08239816598923129
11.57,49,0.3367252236554842,0.06951835351573717
11.6,49,0.4136988069887077,0.11375821476995893
11.63,49,0.40440652781306347,0.0927683546351584
11.66,49,0.3980551682631767,0.08147348459406684
11.690000000000001,49,0.4272870827554612,0.09994001552244218
11.72,49,0.4259247944279819,0.08793109475188665
11.75,49,0.4251995527335018,0.09248898774452453
11.780000000000001,49,0.4084155820150814,0.08473368620388838
11.81,49,0.38663898007705666,0.07378343515041513
11.84,49,0.37453437362121145,0.07246820553889932
11.870000000000001,49,0.36310247253556555,0.07417864006962709
11.9,49,0.3638009540131441,0.07402377315050755
11.93,49,0.35610497905795296,0.07609667135542496
11.96,49,0.3506672751491573,0.08901636672477727
11.99,49,0.3158920196843404,0.0802427621515828
12.02,49,0.29587794550011876,0.062321057127077986
12.05,49,0.30163446853434667,0.06015627255721916
12.08,49,0.3020407326884351,0.08378244601634818
12.11,49,0.4103356091575842,0.05475059799831118
12.14,49,0.4860186537044723,0.07979446541372946
12.17,49,0.4907870948673421,0.05199991887865288
12.2,49,0.4009923949333176,0.07690556320017396
12.23,49,0.4392418029684126,0.09728715305242686
12.26,49,0.4378650200569189,0.08090243557967712
12.29,49,0.40465668627695034,0.06755172032277763
12.32,49,0.38614765868176654,0.07845317813005484
12.35,49,0.3555527934579437,0.0774473219097037
12.38,49,0.3943498449666657,0.1187241424785506
12.41,49,0.39103413032347484,0.07549540451835245
12.440000000000001,49,0.41280714416608727,0.07809485731981422
12.47,49,0.4599642923262971,0.06928806917992283
12.5,49,0.4989825914130255,0.05932176653885068
12.530000000000001,49,0.5060339993466296,0.07145873910705818
12.56,49,0.46463308518349994,0.08443741057151487
12.59,49,0.413277832398604,0.09183597967331447
12.620000000000001,49,0.387276499365052,0.0970207366150004
12.65,49,0.3906317889866743,0.09482974559496077
12.68,49,0.38185422199075597,0.09916247422948396
12.71,49,0.3827012862272122,0.0919566852023996
12.74,49,0.37327173950821624,0.07619664434228281
12.77,49,0.37065049927137667,0.06215111305225892
12.8,49,0.36597591243341554,0.058312716268031334
12.83,49,0.3623080263514676,0.05746120798417161
12.86,49,0.3275929979594776,0.06669129653205591
12.89,49,0.3158410478058612,0.06748399955664718
12.92,49,0.3119613616569358,0.06649800695386879
12.95,49,0.30721307847018176,0.06562165203553039
12.98,49,0.29812342542355,0.06287086720752379
13.01,49,0.27712287134420266,0.05872233053386513
13.04,49,0.26884402620958514,0.05309461911110652
13.07,49,0.2527590212804426,0.0473333796222958
13.100000000000001,49,0.24617657665564477,0.044982713807766424
13.129999999999999,49,0.2403254767430964,0.04431442589371279
13.16,49,0.22444510049709765,0.04593469438849383
13.190000000000001,49,0.21918132396008466,0.055058402800188554
13.22,49,0.225748234515149,0.062271389482305005
13.25,49,0.22030531910810214,0.06516437140865877
13.280000000000001,49,0.21787169883597748,0.06580958085097204
13.31,49,0.21748522341635673,0.06699036494948996
13.34,49,0.212680262777148,0.06533516138261113
13.370000000000001,49,0.20043221730683472,0.06953509378676088
10.370000000000001,49.03,0.2869485846793024,0.08359281719305144
10.4,49.03,0.2848589540776352,0.07817415244507395
10.43,49.03,0.30023738279948375,0.07435272678809395
10.46,49.03,0.2992365146715849,0.09304429569583171
10.49,49.03,0.2713935872128036,0.06713072585094955
10.52,49.03,0.2642454371236479,0.05086216184581386
10.55,49.03,0.26779711903157816,0.047864254778167796
10.58,49.03,0.261768342108032,0.05810511056395954
10.61,49.03,0.3203366124966272,0.12076635723354977
10.64,49.03,0.301948692699391,0.07967280798142087
10.67,49.03,0.32425154405569107,0.11298532173657913
10.7,49.03,0.3009183629424667,0.08646783630218458
10.73,49.03,0.28484893380898313,0.05433321274014141
10.76,49.03,0.27907597914799215,0.04617944155833
10.790000000000001,49.03,0.2893163294979362,0.05478292431191537
10.82,49.03,0.3377097098788891,0.08648938071314631
10.85,49.03,0.3795834599331459,0.1194050064440949
10.88,49.03,0.3132624881801802,0.06459612728477442
10.91,49.03,0.3376265039041122,0.08108622514717435
10.940000000000001,49.03,0.29896511980681906,0.06680262096549824
10.97,49.03,0.3529516424932594,0.11884531629271529
11,49.03,0.2932867952251498,0.08441728150612365
11.030000000000001,49.03,0.2465058059823874,0.05327118305608306
11.06,49.03,0.25594455663775856,0.07037653490215928
11.09,49.03,0.27101917881851784,0.08453987246433584
11.120000000000001,49.03,0.2704135522275538,0.0970090869397855
11.15,49.03,0.22087593583370177,0.06496646742301193
11.18,49.03,0.2538037122327258,0.06251268265360474
11.21,49.03,0.24502838225675608,0.061160699891432385
11.24,49.03,0.2703084857110682,0.0614868514664126
11.27,49.03,0.3014742227107137,0.07122757036189778
11.3,49.03,0.35910380726600677,0.07912244099005712
11.33,49.03,0.3840160514272026,0.0798619558463712
11.36,49.03,0.4309851611385725,0.08130601004569966
11.39,49.03,0.3941025610076113,0.07667275521037051
11.42,49.03,0.3524397953828623,0.07584146341409624
11.45,49.03,0.30256615305434037,0.07457582259783865
11.48,49.03,0.37803416793154687,0.10436795497373791
11.51,49.03,0.4464900935306581,0.14629517844537757
11.54,49.03,0.3396267381973335,0.08073800934625351
11.57,49.03,0.37451208606904984,0.08794753792821287
11.6,49.03,0.4905210227695474,0.12046852298069577
11.63,49.03,0.3571552368598468,0.0819697849118209
11.66,49.03,0.3555806659348465,0.07371393921142669
11.690000000000001,49.03,0.382769734735063,0.08320147765561649
11.72,49.03,0.38350257049432895,0.07382416158368739
11.75,49.03,0.36477729068812237,0.06924702040875297
11.780000000000001,49.03,0.35649257243693266,0.06952483899917455
11.81,49.03,0.3502020385430979,0.06555446076826114
11.84,49.03,0.34350682994845,0.06441060915539275
11.870000000000001,49.03,0.33968533734295303,0.06503086575766684
11.9,49.03,0.34887771966204867,0.07354739038442759
11.93,49.03,0.36471055543273234,0.08016831893588845
11.96,49.03,0.3734688977954756,0.11097388207559189
11.99,49.03,0.34366406045947834,0.12687235702337532
12.02,49.03,0.35835841141849595,0.09046648518193456
12.05,49.03,0.3172605462362235,0.06816685148481659
12.08,49.03,0.34412300637632764,0.10727742288607904
12.11,49.03,0.3725497937972931,0.06812463058173086
12.14,49.03,0.4014095921501263,0.08458001907520639
12.17,49.03,0.36584738955992707,0.08421854535657894
12.2,49.03,0.3618163367675146,0.079887671804534
12.23,49.03,0.38238259234050337,0.10391379587691633
12.26,49.03,0.36795557159046166,0.09075023712588608
12.29,49.03,0.35177732862636574,0.07101563621814697
12.32,49.03,0.34541741371219126,0.07107102558655182
12.35,49.03,0.37147670419642304,0.0842980937744949
12.38,49.03,0.3469861343104014,0.0711734742501128
12.41,49.03,0.3575294475339407,0.07312427735559694
12.440000000000001,49.03,0.3881969080271857,0.0759709671097061
12.47,49.03,0.42463096626654157,0.0684197795573657
12.5,49.03,0.4540938681807726,0.06159874939269129
12.530000000000001,49.03,0.4650280071912359,0.06506254603236702
12.56,49.03,0.44551361369251546,0.0787603735879642
12.59,49.03,0.4115798471694325,0.09275167000335185
12.620000000000001,49.03,0.38904481048753237,0.10085983666267198
12.65,49.03,0.38367798522212865,0.10065038306861307
12.68,49.03,0.3743271417811098,0.09964384974103498
12.71,49.03,0.36419463414540537,0.09340703677339751
12.74,49.03,0.3564297817443443,0.07973365778358525
12.77,49.03,0.35756280767777193,0.06734349687953338
12.8,49.03,0.35165329380388644,0.06573644525246537
12.83,49.03,0.338675579523744,0.05811186189267421
12.86,49.03,0.32343195766722865,0.06559510535488383
12.89,49.03,0.31525487871529795,0.06702841020946178
12.92,49.03,0.31206875902794845,0.06717468168454999
12.95,49.03,0.3101607617771006,0.0660565140385515
12.98,49.03,0.29991360112646814,0.06520779860017695
13.01,49.03,0.2831255492480462,0.06052211222504086
13.04,49.03,0.27178863609139764,0.05709939861548219
13.07,49.03,0.2670734018971515,0.0526384797599359
13.100000000000001,49.03,0.24973547102162774,0.04687149031841137
13.129999999999999,49.03,0.24390324379511738,0.04432024863145353
13.16,49.03,0.2116426400338342,0.045060521366187434
13.190000000000001,49.03,0.20973108147484412,0.050321392958712734
13.22,49.03,0.21843648056792933,0.0572708427304238
13.25,49.03,0.21754880675286595,0.06146487288883886
13.280000000000001,49.03,0.21513230587764207,0.06538686571175838
13.31,49.03,0.21563420075770087,0.06590410049645537
13.34,49.03,0.21383549014778086,0.06605501879774824
13.370000000000001,49.03,0.20249215286159672,0.06813161548158075
10.280000000000001,49.06,0.26082870229196164,0.054744660619410926
10.31,49.06,0.26486883777846,0.06530274345459032
10.34,49.06,0.27215133846491046,0.07526592577480339
10.370000000000001,49.06,0.27532619760954147,0.07757366967586625
10.4,49.06,0.28500785715040894,0.0707231070216544
10.43,49.06,0.28020845239341924,0.06758229593825467
10.46,49.06,0.28651490292963566,0.0982222944131298
10.49,49.06,0.25549523054957124,0.06859964870293167
10.52,49.06,0.24124946365072222,0.04436316957924614
10.55,49.06,0.2560338520449051,0.05198970442024136
10.58,49.06,0.28020737365537757,0.07517437774874325
10.61,49.06,0.3579686394143092,0.154862430395046
10.64,49.06,0.3009719403694665,0.07860601621071014
10.67,49.06,0.29954133227584895,0.09278582034288696
10.7,49.06,0.29970840599191867,0.08041366350496443
10.73,49.06,0.2877445080949569,0.0686574904499629
10.76,49.06,0.28021617867404813,0.04561887518930441
10.790000000000001,49.06,0.3197454097711497,0.08173380011352945
10.82,49.06,0.36572147694833596,0.10445861286453104
10.85,49.06,0.3244376392103144,0.07841490231543724
10.88,49.06,0.32518087273528457,0.07646146869793997
10.91,49.06,0.31442459308755233,0.06467815043387923
10.940000000000001,49.06,0.3092092836909379,0.11152573675712844
10.97,49.06,0.2748997427817883,0.061335867319294836
11,49.06,0.278199636799538,0.06429348576200913
11.030000000000001,49.06,0.2747976065277388,0.08610774091920971
11.06,49.06,0.22730192993475096,0.054994777660406516
11.09,49.06,0.2285962043410033,0.06055917398905115
11.120000000000001,49.06,0.27791762317140734,0.08481878842216879
11.15,49.06,0.22880772584237621,0.056756908836971764
11.18,49.06,0.26757977127138183,0.08822754809264026
11.21,49.06,0.27128380593140683,0.06767712723175898
11.24,49.06,0.3107285271414563,0.0928679363747728
11.27,49.06,0.30652368064538266,0.07423060176433482
11.3,49.06,0.4507337747249009,0.11084986775488888
11.33,49.06,0.3592194124220476,0.07806954884736093
11.36,49.06,0.3644654313586373,0.08543369637298058
11.39,49.06,0.3521137626340973,0.08345060426622217
11.42,49.06,0.3554875243304933,0.08625355567941663
11.45,49.06,0.45048803477578325,0.14360415467917154
11.48,49.06,0.30759431233142565,0.07579159157971169
11.51,49.06,0.36508052774142236,0.11144776543992391
11.54,49.06,0.32513128572186184,0.08021177085568071
11.57,49.06,0.3517316795750339,0.11882487289000628
11.6,49.06,0.31051815984477565,0.06423702530016087
11.63,49.06,0.30743845570159734,0.0656252484696675
11.66,49.06,0.32276727599586724,0.07361601803349503
11.690000000000001,49.06,0.32955692263527747,0.08944514114228284
11.72,49.06,0.3063005290493154,0.06094612331188339
11.75,49.06,0.3029664914795545,0.057604682305337065
11.780000000000001,49.06,0.3122421148179755,0.07033353134489026
11.81,49.06,0.3466403886732034,0.10839231380388295
11.84,49.06,0.3276163731042092,0.08096303841071378
11.870000000000001,49.06,0.3235083661796046,0.08023879691647384
11.9,49.06,0.3414877650466601,0.07925823416124642
11.93,49.06,0.417329112352218,0.1055759474229854
11.96,49.06,0.47976674772583827,0.14746796257368538
11.99,49.06,0.3610967855036071,0.11392999974358646
12.02,49.06,0.30043326171874796,0.06599584671703113
12.05,49.06,0.27822863766828054,0.05879114851282367
12.08,49.06,0.30650032558948054,0.06711216746276467
12.11,49.06,0.3417986125071392,0.06386300501469569
12.14,49.06,0.31712115325255025,0.06375216398611457
12.17,49.06,0.3669938793681399,0.11971891057332508
12.2,49.06,0.30824865748799585,0.0798711193797036
12.23,49.06,0.32677828053173674,0.08832031359491249
12.26,49.06,0.32869154737320916,0.08483347187137652
12.29,49.06,0.3290165169448131,0.07544968075733012
12.32,49.06,0.3129734799192538,0.07097295726449096
12.35,49.06,0.32585297360049786,0.07458818780932996
12.38,49.06,0.32469857119493595,0.07301473615368899
12.41,49.06,0.3339430657802158,0.06717653916374237
12.440000000000001,49.06,0.35341874229839115,0.0740052911252763
12.47,49.06,0.37890640657316577,0.07210414550659008
12.5,49.06,0.3977197135651765,0.07154169615867882
12.530000000000001,49.06,0.41186294280319685,0.07826754560480433
12.56,49.06,0.40309031878818347,0.08039526640431746
12.59,49.06,0.3893020503944104,0.089045390476237593
12.620000000000001,49.06,0.3801009731017973,0.09427778451687958
12.65,49.06,0.36808076341615226,0.097657429171664
12.68,49.06,0.367092904361701,0.09760893327568267
12.71,49.06,0.3553643269864778,0.0938504347937249
12.74,49.06,0.3444996309624353,0.08522567960804556
12.77,49.06,0.3345899864752706,0.07324039402449793
12.8,49.06,0.3391859688085685,0.0667301257079104
12.83,49.06,0.3249290662843963,0.06209074662257455
12.86,49.06,0.30012806271273285,0.06701521689192091
12.89,49.06,0.30322079552998443,0.06824006977609089
12.92,49.06,0.3026354598270315,0.0677396239188595
12.95,49.06,0.3037215154113646,0.0691971595321258
12.98,49.06,0.29926442269676223,0.06631053500569595
13.01,49.06,0.28709905570514127,0.06199514714300705
13.04,49.06,0.2743607640942867,0.057635715638700014
13.07,49.06,0.2691768309648337,0.05527709135273061
13.100000000000001,49.06,0.2540520888612764,0.048883852299222125
13.129999999999999,49.06,0.2453174978119436,0.04612886679661498
13.16,49.06,0.21274395672001797,0.046273367939250326
13.190000000000001,49.06,0.20833680425797801,0.047570789510173295
13.22,49.06,0.2091737726595581,0.05203582726290666
13.25,49.06,0.21725632689952376,0.05869168700410684
13.280000000000001,49.06,0.2142571282105105,0.06557444047645933
13.31,49.06,0.2108062482865081,0.06588187514739687
13.34,49.06,0.2092695165872658,0.06384610381952627
10.280000000000001,49.09,0.2513976919821632,0.05104401021865414
10.31,49.09,0.24895329231276625,0.05156509141086962
10.34,49.09,0.253477962912399,0.059733393246961176
10.370000000000001,49.09,0.25338842190441535,0.06179751804115503
10.4,49.09,0.25161907885272067,0.05745697258182906
10.43,49.09,0.24759537255941155,0.055254050357539886
10.46,49.09,0.24088701441059632,0.050241903412140576
10.49,49.09,0.23430402996545255,0.04248576011184631
10.52,49.09,0.2350522611197379,0.03589091724358864
10.55,49.09,0.2620485005740043,0.04791976583480706
10.58,49.09,0.30687586207682355,0.07503714302625863
10.61,49.09,0.3717981659075487,0.1515345978918249
10.64,49.09,0.29662971557488466,0.07104636516262083
10.67,49.09,0.2711926658625012,0.05039363812972654
10.7,49.09,0.29693796574876175,0.07823993296162064
10.73,49.09,0.30369529007018636,0.09039720985728661
10.76,49.09,0.30112001680472494,0.06718506170810355
10.790000000000001,49.09,0.3517872147588557,0.09446821411616435
10.82,49.09,0.40551998525693317,0.13371839899523263
10.85,49.09,0.32352524610592603,0.07731150994390883
10.88,49.09,0.3168116707298716,0.08562590258969119
10.91,49.09,0.2792068436288626,0.05068156209155369
10.940000000000001,49.09,0.2702894290569509,0.049228192575018676
10.97,49.09,0.2635726412618486,0.05499854565641898
11,49.09,0.29214836197800814,0.12584334215753779
11.030000000000001,49.09,0.2866424629984509,0.08898836728242941
11.06,49.09,0.242719456874452,0.060250804274036375
11.09,49.09,0.21349258733013732,0.048781418126117894
11.120000000000001,49.09,0.2449429013908331,0.09098926756220113
11.15,49.09,0.22752277312958627,0.06639610020958707
11.18,49.09,0.2476623058716738,0.05497627820807809
11.21,49.09,0.28144984050102556,0.07437173069442597
11.24,49.09,0.3137884497684823,0.0919591723079168
11.27,49.09,0.278049582410282,0.06279520945998834
11.3,49.09,0.35390711043479267,0.0865347275532048
11.33,49.09,0.3297264663743102,0.07840394585807868
11.36,49.09,0.31043193046739204,0.06052686338538896
11.39,49.09,0.2920465725329122,0.05666360385415078
11.42,49.09,0.28497902356767746,0.0630484778883491
11.45,49.09,0.32361624622462715,0.1031930525733624
11.48,49.09,0.2721641677365578,0.06939136190991173
11.51,49.09,0.2935969506685839,0.07155279351974701
11.54,49.09,0.30661041359957614,0.06923183515439231
11.57,49.09,0.31441355655337017,0.07896130343063072
11.6,49.09,0.2823557823601642,0.06415400107534226
11.63,49.09,0.33047326027616075,0.11223455291299976
11.66,49.09,0.3031619195492056,0.07300938419041587
11.690000000000001,49.09,0.2777059825596793,0.056045530596961844
11.72,49.09,0.2634927239755237,0.056814120278044423
11.75,49.09,0.2709148067101026,0.060920812414561785
11.780000000000001,49.09,0.3006808249293787,0.0892692617085382
11.81,49.09,0.3254233273322276,0.09313188021299672
11.84,49.09,0.31556610683101755,0.07729056893210823
11.870000000000001,49.09,0.31206663278251984,0.08050605777369374
11.9,49.09,0.33403138376103214,0.08100277737644154
11.93,49.09,0.4541452364796638,0.15456505937492554
11.96,49.09,0.44511644605013495,0.12750860475295944
11.99,49.09,0.35010055835089077,0.07770015157407627
12.02,49.09,0.3045880859962212,0.059125216919375743
12.05,49.09,0.2842216152670736,0.05091846473123437
12.08,49.09,0.30703537403371073,0.0666101183093629
12.11,49.09,0.3297116817676124,0.07135290602445349
12.14,49.09,0.30977841814859275,0.06213796485086308
12.17,49.09,0.3311562838640548,0.08154324775455168
12.2,49.09,0.28669772829139056,0.0632278870159662
12.23,49.09,0.28737193818712076,0.07067615750217265
12.26,49.09,0.28556337177378044,0.0666094369798894
12.29,49.09,0.2826583730331498,0.06257529579746937
12.32,49.09,0.27677867922540067,0.056986263499805866
12.35,49.09,0.27750812116836776,0.05773643487814969
12.38,49.09,0.2967007920281186,0.06324345645021848
12.41,49.09,0.30896312498116746,0.06830886294770504
12.440000000000001,49.09,0.31967534863006397,0.07299472407637725
12.47,49.09,0.33885451008735085,0.07728901417088577
12.5,49.09,0.35375629165667843,0.08192076671785473
12.530000000000001,49.09,0.3647883658509514,0.0867672235627026
12.56,49.09,0.3618678795886068,0.0885245960031462
12.59,49.09,0.35261887039584405,0.08808235265997684
12.620000000000001,49.09,0.34263319612405957,0.08971952121494667
12.65,49.09,0.34233016177076975,0.09594509369455431
12.68,49.09,0.34122203770980764,0.09347390246849066
12.71,49.09,0.34461009758222094,0.09428761897010886
12.74,49.09,0.34085557976473835,0.08880615096440532
12.77,49.09,0.32879267866064976,0.07454388113029331
12.8,49.09,0.3317125780290334,0.07094213035674564
12.83,49.09,0.32577079250299296,0.06495678102358782
12.86,49.09,0.2964466010427473,0.06454190089712154
12.89,49.09,0.283397060940085,0.0614983814335874
12.92,49.09,0.29194260078377493,0.06855607885136139
12.95,49.09,0.29745576041149396,0.06892060189169993
12.98,49.09,0.29773086119573655,0.06700671697564213
13.01,49.09,0.28788074810214603,0.06385392239129811
13.04,49.09,0.2744217303999771,0.06141699611135299
13.07,49.09,0.26966021109031785,0.05508864682512348
13.100000000000001,49.09,0.26312460427758344,0.054420475555481296
13.129999999999999,49.09,0.2460414786702853,0.04629258531931386
13.16,49.09,0.21530253403129748,0.047826608071454974
13.190000000000001,49.09,0.20699235822955572,0.04756386270838872
13.22,49.09,0.20428405718307885,0.04981443843247764
13.25,49.09,0.20893343831672817,0.05391894405630711
13.280000000000001,49.09,0.21088288420222287,0.059038087744375675
10.280000000000001,49.120000000000005,0.25174962822418034,0.04869350722560387
10.31,49.120000000000005,0.24313753291584653,0.04632499227719355
10.34,49.120000000000005,0.23778226990791146,0.04727300461090305
10.370000000000001,49.120000000000005,0.2328197853106216,0.042429178078742164
10.4,49.120000000000005,0.2320170509271983,0.041198280155889125
10.43,49.120000000000005,0.22950720066134603,0.03999806141907554
10.46,49.120000000000005,0.22676690876028488,0.035397691098152315
10.49,49.120000000000005,0.23046967474501365,0.03476563209679841
10.52,49.120000000000005,0.237076054658327,0.03311086782094238
10.55,49.120000000000005,0.2535481748578447,0.040909675185853096
10.58,49.120000000000005,0.2856628570587242,0.06440520797514544
10.61,49.120000000000005,0.3602252678748745,0.10579590644048771
10.64,49.120000000000005,0.3511557681852101,0.10546699173839214
10.67,49.120000000000005,0.28521446241880283,0.05808671577976924
10.7,49.120000000000005,0.27550144815785466,0.06449040754323444
10.73,49.120000000000005,0.2713723175277533,0.04824131385920636
10.76,49.120000000000005,0.2867608983549542,0.05305374546489397
10.790000000000001,49.120000000000005,0.3098643530722825,0.0700739885732601
10.82,49.120000000000005,0.3373184363366214,0.10031701896564545
10.85,49.120000000000005,0.29703986223175416,0.07064334411282575
10.88,49.120000000000005,0.26962180485428966,0.05053381823286726
10.91,49.120000000000005,0.26578237242083685,0.04478116118844831
10.940000000000001,49.120000000000005,0.2741912765030508,0.06319658201163653
10.97,49.120000000000005,0.26677364994620495,0.059378916740104586
11,49.120000000000005,0.2560854973538033,0.0735657712109902
11.030000000000001,49.120000000000005,0.2421416063220157,0.054513758912052575
11.06,49.120000000000005,0.24039042657831056,0.05584144589567856
11.09,49.120000000000005,0.21857078981148015,0.04886041997234352
11.120000000000001,49.120000000000005,0.21261567207577337,0.06077317219860666
11.15,49.120000000000005,0.23342859623327908,0.0625885697603105
11.18,49.120000000000005,0.300948145849025,0.11730784172828009
11.21,49.120000000000005,0.25932594767134715,0.05878433614930652
11.24,49.120000000000005,0.2829981597417752,0.06957580948304516
11.27,49.120000000000005,0.24772089853122736,0.05792618266520596
11.3,49.120000000000005,0.30365742897970954,0.07355341929989001
11.33,49.120000000000005,0.3428131585045572,0.07693653230996828
11.36,49.120000000000005,0.426256640916641,0.11362315939884943
11.39,49.120000000000005,0.30506108274718863,0.07114094320896613
11.42,49.120000000000005,0.2676898892148682,0.06641345088753518
11.45,49.120000000000005,0.2976539134946698,0.0873081882380618
11.48,49.120000000000005,0.2547432107984126,0.06780246154363492
11.51,49.120000000000005,0.27312826664585843,0.07447887671216757
11.54,49.120000000000005,0.2903783808197618,0.0655758943697706
11.57,49.120000000000005,0.2757231599127814,0.05617177461115318
11.6,49.120000000000005,0.2630107444104114,0.0613216142398538
11.63,49.120000000000005,0.2776602086493829,0.07731858731539423
11.66,49.120000000000005,0.2796318685162735,0.07644455073809138
11.690000000000001,49.120000000000005,0.2568437451046456,0.053671980214173735
11.72,49.120000000000005,0.27281459390128554,0.09060577892900763
11.75,49.120000000000005,0.2652326135652545,0.060533500149039306
11.780000000000001,49.120000000000005,0.2961541503039844,0.07799977575135124
11.81,49.120000000000005,0.2991240916495761,0.06059267554703332
11.84,49.120000000000005,0.2862753321920953,0.0487225617097395
11.870000000000001,49.120000000000005,0.27977633134059304,0.05436412973505857
11.9,49.120000000000005,0.31880607125047516,0.07709971357969421
11.93,49.120000000000005,0.4081207113688341,0.12717990382078015
11.96,49.120000000000005,0.3347160843943816,0.07717027313997771
11.99,49.120000000000005,0.3048324398427292,0.06769855044755557
12.02,49.120000000000005,0.3017421806525959,0.08567120864731814
12.05,49.120000000000005,0.3051589548809492,0.05976119195455813
12.08,49.120000000000005,0.33681502925816975,0.08108776756345923
12.11,49.120000000000005,0.3732629639687487,0.10177640688231289
12.14,49.120000000000005,0.34354467580704007,0.08608464113753443
12.17,49.120000000000005,0.3197573521374133,0.07456846131099848
12.2,49.120000000000005,0.2784876979414116,0.05901550114671555
12.23,49.120000000000005,0.2633490391453225,0.05256897412216355
12.26,49.120000000000005,0.2647234822775203,0.05612241086044446
12.29,49.120000000000005,0.2602775222413213,0.052791248465742416
12.32,49.120000000000005,0.25580751559146236,0.05029625213383705
12.35,49.120000000000005,0.2591279994898505,0.0485246373249607
12.38,49.120000000000005,0.27148222469244,0.055869259892100676
12.41,49.120000000000005,0.2905299076716976,0.06297201139395649
12.440000000000001,49.120000000000005,0.3088598288148515,0.06990119794496175
12.47,49.120000000000005,0.32770506445157066,0.07257768147493668
12.5,49.120000000000005,0.34116706500556565,0.07866479115981735
12.530000000000001,49.120000000000005,0.3470566819052243,0.08395608108208968
12.56,49.120000000000005,0.3416849631391763,0.0825590580441446
12.59,49.120000000000005,0.33809211172890546,0.08617009351766867
12.620000000000001,49.120000000000005,0.33172586643786967,0.0915216309849138
12.65,49.120000000000005,0.33199084508254323,0.09364583304767046
12.68,49.120000000000005,0.3381255823646383,0.09622551777967511
12.71,49.120000000000005,0.32741937154603235,0.08981351611856465
12.74,49.120000000000005,0.32649078530100417,0.08820250088922192
12.77,49.120000000000005,0.31275897970373845,0.07762637005624444
12.8,49.120000000000005,0.3169927557167521,0.0680645035288259
12.83,49.120000000000005,0.3237478342578999,0.06585609320728646
12.86,49.120000000000005,0.2950875466707167,0.06185559093677647
12.89,49.120000000000005,0.27945102962601714,0.061928340814418094
12.92,49.120000000000005,0.28550148017693955,0.06274222589014133
12.95,49.120000000000005,0.28695709054290075,0.06626058209593055
12.98,49.120000000000005,0.29163014463341874,0.06981436334561206
13.01,49.120000000000005,0.28657302807269625,0.06687396059103139
13.04,49.120000000000005,0.27444281641132096,0.06315262451415225
13.07,49.120000000000005,0.2675445353398031,0.060152202971262794
13.100000000000001,49.120000000000005,0.264512385506498,0.0548892856991921
13.129999999999999,49.120000000000005,0.2478683618836613,0.051981397755375046
13.16,49.120000000000005,0.2148427767287676,0.048087133549004984
10.280000000000001,49.150000000000006,0.2588725069284935,0.05343229333083692
10.31,49.150000000000006,0.24624564742149208,0.04922537958259043
10.34,49.150000000000006,0.23746742291195616,0.04769426977459068
10.370000000000001,49.150000000000006,0.2289158920549892,0.03814144663841067
10.4,49.150000000000006,0.230473462061064,0.03429874607076234
10.43,49.150000000000006,0.22858498458508283,0.03669993156473973
10.46,49.150000000000006,0.2282430599298577,0.031622744456759125
10.49,49.150000000000006,0.23141952207526809,0.0340565565902922
10.52,49.150000000000006,0.23650249268845186,0.034300247985406554
10.55,49.150000000000006,0.2507411243645735,0.041317419445680036
10.58,49.150000000000006,0.2722189833464622,0.055118947427340304
10.61,49.150000000000006,0.30204318291591076,0.07405797027779874
10.64,49.150000000000006,0.2988531871577995,0.0659925157640573
10.67,49.150000000000006,0.275043965010428,0.05382139880076771
10.7,49.150000000000006,0.2600570775641145,0.04657651005505813
10.73,49.150000000000006,0.25431686575560414,0.04118537709287407
10.76,49.150000000000006,0.26120966480081387,0.04426041760170346
10.790000000000001,49.150000000000006,0.2732699883093475,0.05178034925307645
10.82,49.150000000000006,0.2773860617479299,0.054718355240957826
10.85,49.150000000000006,0.26923344067512467,0.049898633870242785
10.88,49.150000000000006,0.25950910154945506,0.047925634443661984
10.91,49.150000000000006,0.25862590367915006,0.04517511346757068
10.940000000000001,49.150000000000006,0.26254102541561347,0.05343005894666539
10.97,49.150000000000006,0.2521015192668556,0.051896788761674265
11,49.150000000000006,0.239957702893961,0.05295693126406383
11.030000000000001,49.150000000000006,0.22384202385268542,0.051495399462483674
11.06,49.150000000000006,0.21741182546348503,0.042830491817669694
11.09,49.150000000000006,0.20609994318788036,0.04193852381949197
11.120000000000001,49.150000000000006,0.20050020748636996,0.04517809101454624
11.15,49.150000000000006,0.21545543267018494,0.04865846286656092
11.18,49.150000000000006,0.2390207743051636,0.06726132586180501
11.21,49.150000000000006,0.3518170270562297,0.18448112884669168
11.24,49.150000000000006,0.24246743652411906,0.05098203019586604
11.27,49.150000000000006,0.2675950109334181,0.05241815848947284
11.3,49.150000000000006,0.3105556647272787,0.07590878112776042
11.33,49.150000000000006,0.5076596423903819,0.1628112716940951
11.36,49.150000000000006,0.3623576208580604,0.08347632663943795
11.39,49.150000000000006,0.29187143892882184,0.07212128063005849
11.42,49.150000000000006,0.26770969942090866,0.06539982930373922
11.45,49.150000000000006,0.2792343928515697,0.08895886614957942
11.48,49.150000000000006,0.24749122270880158,0.06251628337134002
11.51,49.150000000000006,0.31986375191642086,0.17406669569051422
11.54,49.150000000000006,0.28567710905819277,0.10624428866322465
11.57,49.150000000000006,0.24392360803213706,0.054643212962782975
11.6,49.150000000000006,0.24690427857147762,0.054614591039451446
11.63,49.150000000000006,0.2631749172898511,0.07329102773243909
11.66,49.150000000000006,0.28457117738001325,0.07012758255227021
11.690000000000001,49.150000000000006,0.26210581887243695,0.04912677686844929
11.72,49.150000000000006,0.259479502819468,0.06213042345834034
11.75,49.150000000000006,0.29348108005786283,0.06070094135534511
11.780000000000001,49.150000000000006,0.3129799311223337,0.07938101285404665
11.81,49.150000000000006,0.3266678358894274,0.07781691967968861
11.84,49.150000000000006,0.30545813866103927,0.06715431857944608
11.870000000000001,49.150000000000006,0.2687730410669325,0.05169471601261867
11.9,49.150000000000006,0.29890097759913287,0.07013034719392884
11.93,49.150000000000006,0.3299697567220629,0.07695961195264109
11.96,49.150000000000006,0.3512231691164431,0.07620685558190868
11.99,49.150000000000006,0.2812968958189515,0.05814262864767317
12.02,49.150000000000006,0.2642572074943344,0.048263808546525
12.05,49.150000000000006,0.2889852176689656,0.07307875616110224
12.08,49.150000000000006,0.30694869934705493,0.06284566871550645
12.11,49.150000000000006,0.3878964244072717,0.09143276618532073
12.14,49.150000000000006,0.45480451808606054,0.17922204390982496
12.17,49.150000000000006,0.3574685131640845,0.10563955779497726
12.2,49.150000000000006,0.2897566099042049,0.05882053549381135
12.23,49.150000000000006,0.2819598730141692,0.052004704305426905
12.26,49.150000000000006,0.288085497964766,0.059738367613320374
12.29,49.150000000000006,0.278336876321925,0.05686670593236322
12.32,49.150000000000006,0.2642404582579192,0.05358278154840089
12.35,49.150000000000006,0.25929782500812515,0.05194643556316576
12.38,49.150000000000006,0.27022854625701503,0.05396487762144586
12.41,49.150000000000006,0.291164698810365,0.054236583866556894
12.440000000000001,49.150000000000006,0.3151291823453529,0.0616108104715121
12.47,49.150000000000006,0.3376781325244138,0.0778397099311704
12.5,49.150000000000006,0.3469560685185854,0.08033879210813137
12.530000000000001,49.150000000000006,0.33903555072032204,0.07342233103709636
12.56,49.150000000000006,0.3371092964466196,0.07914062117539188
12.59,49.150000000000006,0.3348203922647071,0.08088170641321263
12.620000000000001,49.150000000000006,0.3337735817867577,0.09313692891490855
12.65,49.150000000000006,0.3322712281053293,0.09821478439144958
12.68,49.150000000000006,0.3348869122764074,0.09739871488560328
12.71,49.150000000000006,0.32990606298570624,0.09348172148823058
12.74,49.150000000000006,0.3276849221822578,0.09155676545984741
12.77,49.150000000000006,0.317984830202545,0.08249001276574952
12.8,49.150000000000006,0.3027292452335232,0.07456212547573446
12.83,49.150000000000006,0.3116668356357178,0.06644167376715997
12.86,49.150000000000006,0.29928236811057185,0.061263263721831863
12.89,49.150000000000006,0.27811332047514525,0.058257526612752346
12.92,49.150000000000006,0.2712666971197964,0.059236897545102064
12.95,49.150000000000006,0.27503786818563036,0.06051784836532418
12.98,49.150000000000006,0.28123893142891626,0.06371550102456436
13.01,49.150000000000006,0.2832223296628005,0.06622637901996739
13.04,49.150000000000006,0.27524861439808257,0.06435682475655917
13.07,49.150000000000006,0.26771729095474583,0.06201059484653184
13.100000000000001,49.150000000000006,0.26225390597341885,0.05756158708512577
13.129999999999999,49.150000000000006,0.2513886871953504,0.05550124981789506
10.190000000000001,49.18,0.3012548113508617,0.054561846981569385
10.22,49.18,0.29289274468283416,0.051465914316177634
10.25,49.18,0.27794726309424145,0.04806737751441974
10.280000000000001,49.18,0.2615116232247731,0.04679868272203225
10.31,49.18,0.24941560183322561,0.04598504321447935
10.34,49.18,0.23910975862486386,0.04672303207828154
10.370000000000001,49.18,0.2386631004553263,0.042974718895458196
10.4,49.18,0.23683000468551907,0.038850756348242005
10.43,49.18,0.23883381207431817,0.03979171054991758
10.46,49.18,0.23676246470123138,0.0335489824194767
10.49,49.18,0.23464162465843807,0.03512248073235707
10.52,49.18,0.23815675601108502,0.03682171577172269
10.55,49.18,0.24512010810709153,0.039614008721457594
10.58,49.18,0.2571708214954851,0.04522804521347056
10.61,49.18,0.27373724013776524,0.056186017154072315
10.64,49.18,0.29384990132009486,0.10133884398459464
10.67,49.18,0.29534264288456835,0.12034708379572694
10.7,49.18,0.25907864386267626,0.05802707205018157
10.73,49.18,0.24662932371243976,0.04724600468924666
10.76,49.18,0.2495927281202782,0.04871400991510527
10.790000000000001,49.18,0.2532946998734758,0.046720437528371364
10.82,49.18,0.25864723997409533,0.04888431592087479
10.85,49.18,0.26395490156668755,0.06153628620549557
10.88,49.18,0.2744286123795101,0.07917974505414692
10.91,49.18,0.2721740969321365,0.07915403569819413
10.940000000000001,49.18,0.2560156093127682,0.05402953588540507
10.97,49.18,0.24414575597747118,0.05081367106341579
11,49.18,0.2371947201373401,0.06790381848222123
11.030000000000001,49.18,0.2221753175045421,0.05601306969957095
11.06,49.18,0.21309755091669522,0.048321687963450884
11.09,49.18,0.20017191827965483,0.04123334797613753
11.120000000000001,49.18,0.19796016917737516,0.0385700948157075
11.15,49.18,0.20523958020934419,0.04696617402530475
11.18,49.18,0.2242398873876096,0.06016919825564435
11.21,49.18,0.27609405187617103,0.0988313940764428
11.24,49.18,0.31949803804034566,0.1276218731343173
11.27,49.18,0.26476181895348716,0.05394028536418488
11.3,49.18,0.2960370598373106,0.0712882171910142
11.33,49.18,0.3342757652695979,0.08084236239629683
11.36,49.18,0.3072502952222747,0.08009705363335903
11.39,49.18,0.27348148547717965,0.06729835572042744
11.42,49.18,0.28489285021013666,0.06556277418267312
11.45,49.18,0.2513532618629588,0.057773249988094466
11.48,49.18,0.24133684477340595,0.06740754629718528
11.51,49.18,0.2624806427891918,0.10670256954666463
11.54,49.18,0.24424985641143954,0.08414124426162034
11.57,49.18,0.22329024470958325,0.05041388175362056
11.6,49.18,0.2284955774662766,0.04998525646544475
11.63,49.18,0.23937131760263217,0.05097258986576884
11.66,49.18,0.26137667532781805,0.05382585971963212
11.690000000000001,49.18,0.2740456291351619,0.05802217275330843
11.72,49.18,0.26724620512729075,0.07624332367932844
11.75,49.18,0.2830469437970951,0.06817363042785526
11.780000000000001,49.18,0.2983327671878114,0.0803513737790206
11.81,49.18,0.39163048607047524,0.15343980119246825
11.84,49.18,0.3005890580756489,0.07205007561945068
11.870000000000001,49.18,0.25657763641240927,0.05611182205657387
11.9,49.18,0.28551255253008256,0.06599689411578105
11.93,49.18,0.33067193093124647,0.06479700482861386
11.96,49.18,0.33079570951822895,0.05434314862958445
11.99,49.18,0.29321471246895586,0.07467893116578961
12.02,49.18,0.27075732355477083,0.0580202383955873
12.05,49.18,0.28812561654294305,0.06453327321491288
12.08,49.18,0.3137250363928584,0.07357807303621465
12.11,49.18,0.3987990320746909,0.1144314351032551
12.14,49.18,0.3386851069346842,0.07436848948227336
12.17,49.18,0.3234176132687202,0.07966843277349228
12.2,49.18,0.2989690957053522,0.06750765425421659
12.23,49.18,0.31778335478088793,0.07430340714975198
12.26,49.18,0.34889432679686744,0.09019909122097645
12.29,49.18,0.3235856371999025,0.08775829349040179
12.32,49.18,0.28854753284081036,0.06872373693469237
12.35,49.18,0.2714849705232483,0.07045563404948564
12.38,49.18,0.2700690444573155,0.05614820130644233
12.41,49.18,0.2912976318646692,0.05839388927025393
12.440000000000001,49.18,0.31893082064088896,0.07087884432687225
12.47,49.18,0.35187526024820365,0.10508301913497944
12.5,49.18,0.36655638540861907,0.11417945921709388
12.530000000000001,49.18,0.35001554414264135,0.08514559332644325
12.56,49.18,0.3377035611417781,0.08060025083005201
12.59,49.18,0.3369734263847014,0.0867886837488178
12.620000000000001,49.18,0.34492713695773003,0.10603621943817887
12.65,49.18,0.35862123492708636,0.1143821295003585
12.68,49.18,0.35316380540272835,0.10658042012444552
12.71,49.18,0.3428596148928828,0.09864354331412734
12.74,49.18,0.3313884270823329,0.09665993247160051
12.77,49.18,0.3212978554329618,0.08832988224070126
12.8,49.18,0.303262970529531,0.07851452703951774
12.83,49.18,0.3000897134432341,0.06905257432720764
12.86,49.18,0.29917425107072376,0.06182079501918609
12.89,49.18,0.28142104409833835,0.0569865646747011
12.92,49.18,0.2717526138042893,0.05805250047473939
12.95,49.18,0.26839647985708537,0.0583493922641357
12.98,49.18,0.2713056992260743,0.06032119584413587
13.01,49.18,0.2740088355569213,0.05852279432923841
13.04,49.18,0.27491801722079234,0.06378275296987193
13.07,49.18,0.26501496567513316,0.06482063442989298
13.100000000000001,49.18,0.25925986619226377,0.060422995518475575
10.16,49.21,0.3235300716546156,0.05607902386638651
10.190000000000001,49.21,0.3175106187780015,0.05757115459330122
10.22,49.21,0.30671545411873685,0.052632061849187166
10.25,49.21,0.29168379368942693,0.04857678844413863
10.280000000000001,49.21,0.27442624931590126,0.04853406180407517
10.31,49.21,0.2617020945581383,0.045326527522129366
10.34,49.21,0.2534918291872147,0.05195105871126617
10.370000000000001,49.21,0.2507277213692715,0.04746677654680479
10.4,49.21,0.25673425609004236,0.047734364913598934
10.43,49.21,0.2553577506582516,0.050250136504784514
10.46,49.21,0.24877318603847096,0.0394663403163386
10.49,49.21,0.24631703405370492,0.04032598668163348
10.52,49.21,0.24567903442928485,0.04343674867161685
10.55,49.21,0.24521540550935478,0.03860017007035924
10.58,49.21,0.25189321093826544,0.04488652853431015
10.61,49.21,0.26396447108371474,0.05815960227504824
10.64,49.21,0.29311345086430124,0.1217613206371796
10.67,49.21,0.2959830872459238,0.14257149179017456
10.7,49.21,0.25857913779878705,0.07208035404216032
10.73,49.21,0.2437403349507062,0.05253084252494445
10.76,49.21,0.2471317705422786,0.05007853109975261
10.790000000000001,49.21,0.2535315478101819,0.049899172444725456
10.82,49.21,0.2683656627395685,0.0587896389080409
10.85,49.21,0.2913962920169106,0.10650399844447779
10.88,49.21,0.30786685419607746,0.15788909141872925
10.91,49.21,0.29243093581800206,0.1369648484537603
10.940000000000001,49.21,0.25997412517665575,0.07699816375322843
10.97,49.21,0.240484833840298,0.05424714257886773
11,49.21,0.23300468959881201,0.06548804465436994
11.030000000000001,49.21,0.2275848400919056,0.06134540905045518
11.06,49.21,0.2219646861749261,0.05967491586096005
11.09,49.21,0.21774049712709087,0.05076728824148408
11.120000000000001,49.21,0.20328167185174437,0.04145783444998315
11.15,49.21,0.20604588252790995,0.046550672630108446
11.18,49.21,0.23212423890054837,0.06355471094136379
11.21,49.21,0.2880570675595269,0.09970569717964561
11.24,49.21,0.30197796253099307,0.08815101821321175
11.27,49.21,0.29804294681285726,0.07817231653067461
11.3,49.21,0.30988708374507784,0.10830061716989797
11.33,49.21,0.2823765000180994,0.08469223629235871
11.36,49.21,0.26676986820180615,0.06657980333504027
11.39,49.21,0.2563670382925174,0.06383938218956986
11.42,49.21,0.25550085976825765,0.06792743135065575
11.45,49.21,0.2463344244193556,0.07783651092835003
11.48,49.21,0.24944165812288904,0.11819589409380866
11.51,49.21,0.23042448246980735,0.0639059645461406
11.54,49.21,0.21085085922976324,0.04377986572008596
11.57,49.21,0.2135068718901994,0.048631603990538064
11.6,49.21,0.22927050839779217,0.0496230204341108
11.63,49.21,0.25044977772966964,0.06692911582792681
11.66,49.21,0.24494623255384612,0.058349903618910806
11.690000000000001,49.21,0.27640179577960716,0.09235641413310298
11.72,49.21,0.2856186562553502,0.07544421692248877
11.75,49.21,0.38145376516870144,0.14860775931686154
11.780000000000001,49.21,0.3355584994913544,0.09744562235284115
11.81,49.21,0.3429775781950008,0.08485130623664588
11.84,49.21,0.29840778827918113,0.07198186628914009
11.870000000000001,49.21,0.2550992940935846,0.060616784354068316
11.9,49.21,0.26827178591231743,0.06764711306372732
11.93,49.21,0.2997446854493945,0.0846173771105233
11.96,49.21,0.3194387380891701,0.0960525698826613
11.99,49.21,0.2685065791334799,0.056867495748895706
12.02,49.21,0.34580183975980705,0.0866125043226867
12.05,49.21,0.3715643698192728,0.09083286012701514
12.08,49.21,0.4154268624569419,0.11385898959546598
12.11,49.21,0.3316148142570982,0.09253020147300232
12.14,49.21,0.3024446713739898,0.07745629279125506
12.17,49.21,0.2976654583278451,0.06195387056565214
12.2,49.21,0.29135252585616855,0.062032198215762224
12.23,49.21,0.33427703890167326,0.08781237671409559
12.26,49.21,0.3943629184090015,0.11542177297023036
12.29,49.21,0.33605424764889086,0.08474733605074582
12.32,49.21,0.30375355126455156,0.07762608079554639
12.35,49.21,0.28089393327906287,0.06854676784590978
12.38,49.21,0.2663935712548691,0.059140810077929755
12.41,49.21,0.2743720638718354,0.06280910545525664
12.440000000000001,49.21,0.2943408496054674,0.07222215153851065
12.47,49.21,0.32007270264851656,0.09117270255670656
12.5,49.21,0.3445966737439655,0.10310688082855693
12.530000000000001,49.21,0.35779297640020713,0.10508337216328004
12.56,49.21,0.34373074683662547,0.09107832177913593
12.59,49.21,0.33671702164332057,0.09327548493536442
12.620000000000001,49.21,0.3619115994501631,0.1208347062198402
12.65,49.21,0.38426861921507205,0.13072125218094593
12.68,49.21,0.3653072392252995,0.11344012076978909
12.71,49.21,0.35018404161410027,0.10287338401821451
12.74,49.21,0.33754017854394813,0.09876389326206209
12.77,49.21,0.32488330564065954,0.0925212359958171
12.8,49.21,0.3104062741905107,0.08132560858152296
12.83,49.21,0.2961725948349189,0.07374976579366409
12.86,49.21,0.29504895317680446,0.06700232414233132
12.89,49.21,0.27929577556228447,0.05848845507592791
12.92,49.21,0.2680600026875131,0.054162538964835645
12.95,49.21,0.2676226902002889,0.05694357612159629
12.98,49.21,0.2658231845359393,0.05982939740891101
13.01,49.21,0.2698143756445181,0.05944350690354152
13.04,49.21,0.26947217236906296,0.058890382133703685
13.07,49.21,0.26669926900632285,0.06064943426441955
10.16,49.24,0.348987183853766,0.06268944618236605
10.190000000000001,49.24,0.3393116302203358,0.06583846524844594
10.22,49.24,0.3228175877729309,0.06087707770903882
10.25,49.24,0.3057419374680666,0.051862009528718944
10.280000000000001,49.24,0.285077094932168,0.047913099713914914
10.31,49.24,0.2693744930438844,0.0435516056661512
10.34,49.24,0.2599352808187059,0.04892853010376067
10.370000000000001,49.24,0.26282685273326806,0.043586083195200326
10.4,49.24,0.26587788684631575,0.040878195234963846
10.43,49.24,0.2701529140504676,0.04234814951216169
10.46,49.24,0.26448555491080317,0.04253895005844705
10.49,49.24,0.26199954032609385,0.055226878957470624
10.52,49.24,0.26005903916054834,0.05814051571456822
10.55,49.24,0.25185897997827483,0.04853367817143677
10.58,49.24,0.26315822891840224,0.060040131464386734
10.61,49.24,0.2867052322985736,0.08475510471129538
10.64,49.24,0.278619215849985,0.08818727810705446
10.67,49.24,0.26668622922234164,0.08031985899844499
10.7,49.24,0.24830676725557765,0.05940700281753959
10.73,49.24,0.2456593299872068,0.052116946979670876
10.76,49.24,0.2570414342567402,0.05747496213548537
10.790000000000001,49.24,0.2802859213800745,0.0730306549615185
10.82,49.24,0.29810977822972573,0.08327589576279341
10.85,49.24,0.315195548461804,0.11828100198359451
10.88,49.24,0.30533529678293597,0.14668044655696336
10.91,49.24,0.28209989739601254,0.12197563516246432
10.940000000000001,49.24,0.25525949332822173,0.0727182387221091
10.97,49.24,0.23954327261048353,0.053490311346090044
11,49.24,0.2337671035332301,0.055136440456407025
11.030000000000001,49.24,0.2349446351468311,0.05811473949206214
11.06,49.24,0.23292574071692507,0.06364714939131873
11.09,49.24,0.23689704963541153,0.06581889270527942
11.120000000000001,49.24,0.2209346697215003,0.053141406131282064
11.15,49.24,0.22368922254558904,0.05591642903334936
11.18,49.24,0.24458939245128694,0.07536406651704051
11.21,49.24,0.3005096809092062,0.1331957672988322
11.24,49.24,0.31966547341992174,0.10966898896190905
11.27,49.24,0.3149698104791782,0.11030544464603556
11.3,49.24,0.32256634477550145,0.13681198703516928
11.33,49.24,0.28722881985982707,0.11493980513080411
11.36,49.24,0.23472768078335435,0.06275337865072074
11.39,49.24,0.2240616183605446,0.05352610749989799
11.42,49.24,0.22912755513102534,0.0568211936090709
11.45,49.24,0.2248153521721716,0.06446761968346741
11.48,49.24,0.2280926297263174,0.08162945661194991
11.51,49.24,0.22277139641706045,0.06511058011499542
11.54,49.24,0.20766375630511658,0.050348375135247654
11.57,49.24,0.21517372284912994,0.04497944877865138
11.6,49.24,0.24050738617197276,0.05896360618347577
11.63,49.24,0.25760321358900523,0.05541254305164778
11.66,49.24,0.27033414324438015,0.07888531321936358
11.690000000000001,49.24,0.31499969152638424,0.11946369566198646
11.72,49.24,0.3805922201502726,0.1633485636292346
11.75,49.24,0.427463680545073,0.16751492810828789
11.780000000000001,49.24,0.3888691337176794,0.13717439716460939
11.81,49.24,0.3460875000550202,0.09756561560426676
11.84,49.24,0.3103856270857384,0.08178290800911574
11.870000000000001,49.24,0.26793388878164576,0.0641630346543325
11.9,49.24,0.26160188708349547,0.0668994909178651
11.93,49.24,0.29037732685652523,0.09149943258582882
11.96,49.24,0.3093332894518313,0.10611789650397595
11.99,49.24,0.2664441840217875,0.05292638088440187
12.02,49.24,0.2882887666655418,0.06466684340093105
12.05,49.24,0.36308579071896957,0.09872230709411614
12.08,49.24,0.40744897405430763,0.12667627873487478
12.11,49.24,0.3414717257533451,0.10084011637873955
12.14,49.24,0.3283904699346667,0.0739909984041477
12.17,49.24,0.3155582271999011,0.07589134709702482
12.2,49.24,0.3021099060107166,0.0648717750380567
12.23,49.24,0.29171448222263113,0.06269135422410782
12.26,49.24,0.3039913856735618,0.07125794318464149
12.29,49.24,0.3276387644370426,0.1072753269745478
12.32,49.24,0.31455835550889516,0.1073678618926093
12.35,49.24,0.28046395467289525,0.07615659296248378
12.38,49.24,0.2657890902607407,0.061604226507853015
12.41,49.24,0.2723183519854133,0.06192157680502245
12.440000000000001,49.24,0.28007771662569225,0.06324606091314726
12.47,49.24,0.29286722965616563,0.07328887800773254
12.5,49.24,0.31092525679732963,0.08913804600497828
12.530000000000001,49.24,0.34252072721616705,0.11431195681013624
12.56,49.24,0.338120591364614,0.09830075524579485
12.59,49.24,0.32632199973713655,0.08840509241882322
12.620000000000001,49.24,0.34483588883518523,0.10742856499298362
12.65,49.24,0.3622903415060411,0.11479148256643491
12.68,49.24,0.3579855300125133,0.10351400930380432
12.71,49.24,0.3448595371835971,0.09810542897610748
12.74,49.24,0.3352267259161866,0.09612083557745675
12.77,49.24,0.32677685080876256,0.09226988058365823
12.8,49.24,0.31541286678122354,0.08267160251288054
12.83,49.24,0.29822507783565283,0.07535763855805573
12.86,49.24,0.28901056495176414,0.06815858416930763
12.89,49.24,0.2757606698936095,0.060093287933628295
12.92,49.24,0.2627474813942148,0.05593523428505093
12.95,49.24,0.2627301882583667,0.05301259831204862
12.98,49.24,0.26396362660642697,0.05652460113135169
13.01,49.24,0.26529268260255157,0.058104233863455715
13.04,49.24,0.26553279546026837,0.05903054171916701
10.13,49.27,0.35428121020529463,0.06497790377136073
10.16,49.27,0.37314537201362175,0.07064514377670437
10.190000000000001,49.27,0.3636393327325963,0.0789363073158934
10.22,49.27,0.34294383118332744,0.07712409845563639
10.25,49.27,0.3171081923689473,0.055651810576477063
10.280000000000001,49.27,0.29686283677900716,0.04935646707166652
10.31,49.27,0.2790079706295704,0.04422118497685265
10.34,49.27,0.26705280937962184,0.045655727937434026
10.370000000000001,49.27,0.2682471836083313,0.04447701997270966
10.4,49.27,0.27409114790350797,0.045721327378226456
10.43,49.27,0.27648565996675417,0.04563314516056058
10.46,49.27,0.2716186257018677,0.04620299471008412
10.49,49.27,0.2701042886196521,0.05202687201824041
10.52,49.27,0.26544744146891847,0.053456906400656076
10.55,49.27,0.2573187072986263,0.05090238970889244
10.58,49.27,0.2963634755326685,0.08642963766225423
10.61,49.27,0.36804595915047356,0.16801410519563822
10.64,49.27,0.32635167700254464,0.1362068652624859
10.67,49.27,0.27260133816571097,0.0754850415894597
10.7,49.27,0.251733587151229,0.057406070021712684
10.73,49.27,0.2517797695690631,0.05422881655615407
10.76,49.27,0.2717462402050296,0.06868165293162225
10.790000000000001,49.27,0.3029677366216576,0.09928468701735978
10.82,49.27,0.2979278016614972,0.08584963948019503
10.85,49.27,0.29211723044785004,0.07822398910442181
10.88,49.27,0.27720092688598336,0.09201692396200782
10.91,49.27,0.261899402916543,0.08004368792238749
10.940000000000001,49.27,0.24623768962910408,0.06086063575095848
10.97,49.27,0.2454234597620648,0.05463293947972292
11,49.27,0.25330137748957354,0.05693442823321365
11.030000000000001,49.27,0.258094354763356,0.06056750702695064
11.06,49.27,0.25191737711543666,0.06237278394387908
11.09,49.27,0.25322115853345245,0.06745634572849707
11.120000000000001,49.27,0.24313744841868945,0.06040850424431262
11.15,49.27,0.24198641368838433,0.06440986922465776
11.18,49.27,0.251740902630252,0.07105593822133414
11.21,49.27,0.26071778041198784,0.08229126319613783
11.24,49.27,0.25718551371547316,0.07968170612441713
11.27,49.27,0.248327633589012,0.07719838080461645
11.3,49.27,0.26794643110897504,0.10633170336918298
11.33,49.27,0.28950330660363205,0.0994520502854486
11.36,49.27,0.2555501527207311,0.07993442085781254
11.39,49.27,0.2454090421007982,0.06199685274444595
11.42,49.27,0.25568960497141435,0.05832506970866298
11.45,49.27,0.23545569166268424,0.05186119805110042
11.48,49.27,0.24860929733663045,0.07894190281809599
11.51,49.27,0.2610033069290671,0.10110935873734941
11.54,49.27,0.2296916801463215,0.06658582202533614
11.57,49.27,0.2316546719892916,0.04420675555972744
11.6,49.27,0.24516690061535695,0.04529393548011667
11.63,49.27,0.2690667299628822,0.06304238057340472
11.66,49.27,0.2941060166870049,0.07586280243142636
11.690000000000001,49.27,0.3210048490946041,0.08786567213874621
11.72,49.27,0.37371625706284095,0.13003803536224434
11.75,49.27,0.4124770610655913,0.1581694206001912
11.780000000000001,49.27,0.39074294338245286,0.12900733997015565
11.81,49.27,0.36708885004453484,0.09741855327175636
11.84,49.27,0.344180772436765,0.11551806298412857
11.870000000000001,49.27,0.29138927715281426,0.08055014348721828
11.9,49.27,0.2700940973832067,0.06502027318753135
11.93,49.27,0.27309421258198974,0.06892994885027544
11.96,49.27,0.275705399154474,0.0602429517304802
11.99,49.27,0.2598614697489185,0.052023091153695605
12.02,49.27,0.29843909831529136,0.07599379978531394
12.05,49.27,0.3369036808260385,0.0979906780950513
12.08,49.27,0.36622494076445117,0.10629023900917214
12.11,49.27,0.46784320930057893,0.12449470039995877
12.14,49.27,0.36542766085499434,0.07293552949213858
12.17,49.27,0.3633021046584535,0.07480491127625613
12.2,49.27,0.32410897463211275,0.06311574377112124
12.23,49.27,0.2919131336566911,0.057684642188641715
12.26,49.27,0.2648136515759891,0.06127898744337176
12.29,49.27,0.3078483307735456,0.1445373126220548
12.32,49.27,0.2956304151599403,0.1191914246258661
12.35,49.27,0.2760734163107598,0.07568384902158884
12.38,49.27,0.26605873522526285,0.0661295061065579
12.41,49.27,0.2652530022706468,0.060845086735372346
12.440000000000001,49.27,0.2709794671156833,0.05725018947972948
12.47,49.27,0.28181813106529113,0.06033634523619079
12.5,49.27,0.28572293979701463,0.06735469406380415
12.530000000000001,49.27,0.2939155470002312,0.07551548203218293
12.56,49.27,0.2968718598137037,0.0794735883001973
12.59,49.27,0.29879439236939465,0.07907612213478234
12.620000000000001,49.27,0.3189303483066437,0.0891315372987407
12.65,49.27,0.3335849183201396,0.0948755509443053
12.68,49.27,0.33922821746062365,0.0938841942957609
12.71,49.27,0.33620517235480135,0.0924828721559497
12.74,49.27,0.33139712067678073,0.08935831286459472
12.77,49.27,0.3270117515814779,0.08997900047711366
12.8,49.27,0.3184306867884794,0.084171023012514
12.83,49.27,0.30337408055770265,0.07629504693084299
12.86,49.27,0.28874953453615526,0.07109023889882944
12.89,49.27,0.27703121100194394,0.061885966331197015
12.92,49.27,0.26293155781601224,0.05648126150605088
12.95,49.27,0.25478895678736513,0.05406223475875414
12.98,49.27,0.2573086199327757,0.05451998016722374
13.01,49.27,0.2597080646555719,0.05412043853941947
10.16,49.300000000000004,0.37062959018936226,0.08201401696606973
10.190000000000001,49.300000000000004,0.3730545259907102,0.10082791153598449
10.22,49.300000000000004,0.35715070006235256,0.08811002930624141
10.25,49.300000000000004,0.3389215883783104,0.06522317054497527
10.280000000000001,49.300000000000004,0.3101994982246508,0.05324560687418757
10.31,49.300000000000004,0.284871683063716,0.04528947885929702
10.34,49.300000000000004,0.2729590350980724,0.045025589924467084
10.370000000000001,49.300000000000004,0.27735211197459825,0.046066164954241984
10.4,49.300000000000004,0.28201665073441096,0.051573746306747596
10.43,49.300000000000004,0.279021564974353,0.04812321631516651
10.46,49.300000000000004,0.2773593358436654,0.04538674078614546
10.49,49.300000000000004,0.2726268390933988,0.047208434066985584
10.52,49.300000000000004,0.26551577848009766,0.04727412625035697
10.55,49.300000000000004,0.25902923664599115,0.05011597904097202
10.58,49.300000000000004,0.2857119469359146,0.07162048480518972
10.61,49.300000000000004,0.34062574806864176,0.13314879713054828
10.64,49.300000000000004,0.32263094577223356,0.11836211902633308
10.67,49.300000000000004,0.27656965933417377,0.06854629870887015
10.7,49.300000000000004,0.25787579617605316,0.058211430753660864
10.73,49.300000000000004,0.25689702424267374,0.056749890118657026
10.76,49.300000000000004,0.2687499109352194,0.06287557612256353
10.790000000000001,49.300000000000004,0.28221219502442335,0.07391876804207155
10.82,49.300000000000004,0.27752760438423846,0.06836328323546532
10.85,49.300000000000004,0.27028564151094303,0.061364603672014705
10.88,49.300000000000004,0.2592104468053044,0.057553360144720817
10.91,49.300000000000004,0.2523606568510672,0.05660281065580913
10.940000000000001,49.300000000000004,0.24683808566972165,0.054345409201873834
10.97,49.300000000000004,0.2552928397897676,0.05630510151478479
11,49.300000000000004,0.275620107583817,0.06454276747138674
11.030000000000001,49.300000000000004,0.28998735650973195,0.06678960093895141
11.06,49.300000000000004,0.30470585395058447,0.09069886870543885
11.09,49.300000000000004,0.3080122891505205,0.10269339583656724
11.120000000000001,49.300000000000004,0.28137900379398084,0.07918429726185698
11.15,49.300000000000004,0.2642559435479092,0.07181151189395692
11.18,49.300000000000004,0.2556771912497401,0.07449720536529315
11.21,49.300000000000004,0.24655747498418815,0.06952052269514523
11.24,49.300000000000004,0.23140319753565616,0.059181483703465106
11.27,49.300000000000004,0.23991567083706783,0.05609595271249239
11.3,49.300000000000004,0.2392852195700614,0.05366216087451945
11.33,49.300000000000004,0.25546325214176774,0.05112664863028671
11.36,49.300000000000004,0.27939598541258076,0.06038976528638573
11.39,49.300000000000004,0.31514751646755357,0.07741734918676324
11.42,49.300000000000004,0.3446436875373122,0.07979314426150567
11.45,49.300000000000004,0.28368349952193367,0.07220163232514558
11.48,49.300000000000004,0.3058610981049219,0.1523651098673752
11.51,49.300000000000004,0.29350124621562795,0.15654636098666444
11.54,49.300000000000004,0.23850621212694448,0.061101654294210925
11.57,49.300000000000004,0.247249921717479,0.05219296774939983
11.6,49.300000000000004,0.2544230918938809,0.05536363543730918
11.63,49.300000000000004,0.2831228198942083,0.073585263873619
11.66,49.300000000000004,0.32905686055931477,0.10678310056108609
11.690000000000001,49.300000000000004,0.32697176688020396,0.0757764576386211
11.72,49.300000000000004,0.34359882456090446,0.08755565815768464
11.75,49.300000000000004,0.3680291658574209,0.09942342403491186
11.780000000000001,49.300000000000004,0.38119976982709247,0.1079701387596183
11.81,49.300000000000004,0.3756862079817312,0.12261140986046687
11.84,49.300000000000004,0.36161891914955074,0.12228777095533275
11.870000000000001,49.300000000000004,0.3161890874277139,0.10255496367706024
11.9,49.300000000000004,0.2803548496738508,0.06882217892863363
11.93,49.300000000000004,0.2700391375745949,0.06985427268851795
11.96,49.300000000000004,0.2701148585551241,0.08805015070676663
11.99,49.300000000000004,0.2811823433083917,0.06558249346000428
12.02,49.300000000000004,0.3147054981447657,0.07866909090744131
12.05,49.300000000000004,0.3434987068845105,0.08423181280395363
12.08,49.300000000000004,0.3877823290878696,0.07117518377286776
12.11,49.300000000000004,0.3961402230304289,0.06350513605272894
12.14,49.300000000000004,0.4737986598550713,0.1049247491611181
12.17,49.300000000000004,0.4130246110554207,0.0783652118828526
12.2,49.300000000000004,0.3509735498340024,0.06928634155362531
12.23,49.300000000000004,0.2802081436326295,0.058606313648145385
12.26,49.300000000000004,0.2459849097772688,0.05726297465398206
12.29,49.300000000000004,0.25971302928792483,0.07456752965059547
12.32,49.300000000000004,0.267410020446321,0.0732434074131952
12.35,49.300000000000004,0.2716908678699823,0.06544301914576739
12.38,49.300000000000004,0.26575667145853954,0.06213111837649259
12.41,49.300000000000004,0.26373611615134923,0.06016841367053867
12.440000000000001,49.300000000000004,0.26505408710285916,0.05913475375813812
12.47,49.300000000000004,0.27063388448870807,0.05666285335329401
12.5,49.300000000000004,0.27953958836534876,0.05806998769085082
12.530000000000001,49.300000000000004,0.2835161390212643,0.060319629002982676
12.56,49.300000000000004,0.27902479926129214,0.062363940244217916
12.59,49.300000000000004,0.27986060388101464,0.065358860556510745
12.620000000000001,49.300000000000004,0.29170323333434844,0.0708103186546255
12.65,49.300000000000004,0.30145938611067574,0.07888845077706089
12.68,49.300000000000004,0.3154603494748743,0.08544131461648957
12.71,49.300000000000004,0.322629734460944,0.08613884201800709
12.74,49.300000000000004,0.32566678449012426,0.08569599837971818
12.77,49.300000000000004,0.3224057561026582,0.08595722773006279
12.8,49.300000000000004,0.31858624177663014,0.08468349259064575
12.83,49.300000000000004,0.3073772846769147,0.07702532657846911
12.86,49.300000000000004,0.291709970840183,0.0718637413885629
12.89,49.300000000000004,0.2772675250551364,0.0635277618105003
12.92,49.300000000000004,0.2651148572480864,0.057594876344004044
12.95,49.300000000000004,0.251168017358243,0.05454215114202807
12.98,49.300000000000004,0.2509969809172003,0.05380615548842608
10.13,49.330000000000005,0.3717857863158656,0.09254636443739496
10.16,49.330000000000005,0.3931541102822391,0.10554326463883458
10.190000000000001,49.330000000000005,0.47854433739347335,0.19127799964146747
10.22,49.330000000000005,0.41086415498053547,0.13283737544941468
10.25,49.330000000000005,0.35515330539681894,0.07423934045216951
10.280000000000001,49.330000000000005,0.3197913605106621,0.058031128201109845
10.31,49.330000000000005,0.2919006442273487,0.05024621963364753
10.34,49.330000000000005,0.2860826874998025,0.052031228460586325
10.370000000000001,49.330000000000005,0.2879226053200137,0.047335377049270655
10.4,49.330000000000005,0.2933888586563514,0.053141212417960514
10.43,49.330000000000005,0.29005891763798347,0.051869350839033934
10.46,49.330000000000005,0.2835560834164563,0.05094432333073544
10.49,49.330000000000005,0.2764873066205895,0.05007860523577038
10.52,49.330000000000005,0.2668562056617554,0.04894394540112352
10.55,49.330000000000005,0.25952349275785996,0.048867458308623206
10.58,49.330000000000005,0.2631617646105692,0.04932294433397588
10.61,49.330000000000005,0.27703756196518,0.054117741104572986
10.64,49.330000000000005,0.2820459558036233,0.059221343735118295
10.67,49.330000000000005,0.2735530527639063,0.06695797799573101
10.7,49.330000000000005,0.2652325648388851,0.06314192137712338
10.73,49.330000000000005,0.2650086795521283,0.05752800778421109
10.76,49.330000000000005,0.26953528313776143,0.06337142742495845
10.790000000000001,49.330000000000005,0.27550510720046734,0.06431825963393416
10.82,49.330000000000005,0.27118435726266105,0.05793546572286398
10.85,49.330000000000005,0.2643982592377738,0.05324118345542671
10.88,49.330000000000005,0.2588925321469268,0.04936464993589269
10.91,49.330000000000005,0.25195654152791014,0.048390331532417646
10.940000000000001,49.330000000000005,0.24957332741580132,0.049563085648092704
10.97,49.330000000000005,0.26363434396858504,0.05841076858666018
11,49.330000000000005,0.29844244790442503,0.07635647553268932
11.030000000000001,49.330000000000005,0.31751222796468387,0.07705306470038359
11.06,49.330000000000005,0.3257972936446894,0.10103018010657239
11.09,49.330000000000005,0.3332835490683701,0.11171668635362367
11.120000000000001,49.330000000000005,0.31207679029760854,0.09170202924436462
11.15,49.330000000000005,0.29536021368934473,0.10814640933254491
11.18,49.330000000000005,0.27212081566505875,0.10124763866201962
11.21,49.330000000000005,0.2510729089816128,0.06749244153089035
11.24,49.330000000000005,0.2559488234734685,0.061075348909072916
11.27,49.330000000000005,0.2761349494366845,0.06112268738523352
11.3,49.330000000000005,0.26973979736047704,0.05490045434418282
11.33,49.330000000000005,0.2766025536975764,0.05699254661540818
11.36,49.330000000000005,0.34970859412809324,0.11117609923702819
11.39,49.330000000000005,0.29316455540234776,0.06224894188983615
11.42,49.330000000000005,0.3099601806574207,0.06904484776487378
11.45,49.330000000000005,0.34454531688744483,0.11596037612470658
11.48,49.330000000000005,0.28747995003645727,0.09408298318769047
11.51,49.330000000000005,0.2532506487678742,0.0972053480345815
11.54,49.330000000000005,0.23855969137902017,0.05470339239462819
11.57,49.330000000000005,0.25888767544871816,0.058725418521898554
11.6,49.330000000000005,0.2774096312545695,0.06320745336191576
11.63,49.330000000000005,0.29727918541482223,0.07190539427789076
11.66,49.330000000000005,0.35747971594715844,0.11100989559618245
11.690000000000001,49.330000000000005,0.361378578320234,0.09204852599921098
11.72,49.330000000000005,0.3586600251510142,0.07848890689814027
11.75,49.330000000000005,0.3517497006103692,0.08452560426817864
11.780000000000001,49.330000000000005,0.3549211393205962,0.09932534889258411
11.81,49.330000000000005,0.3583102367833405,0.12265323265196493
11.84,49.330000000000005,0.354388680199588,0.10341579169639503
11.870000000000001,49.330000000000005,0.3298491027614387,0.10612954923774265
11.9,49.330000000000005,0.28755045623832876,0.06759117275588991
11.93,49.330000000000005,0.2579988905151068,0.06210894781691724
11.96,49.330000000000005,0.25934747891033727,0.059034264533354266
11.99,49.330000000000005,0.28145244626906335,0.06626704982953491
12.02,49.330000000000005,0.33866628602435056,0.07982343691364527
12.05,49.330000000000005,0.3703263940829852,0.07433133252860061
12.08,49.330000000000005,0.45169060178830095,0.08215809653962856
12.11,49.330000000000005,0.43813819920982583,0.06845946881446374
12.14,49.330000000000005,0.43921199924154636,0.07285943120873815
12.17,49.330000000000005,0.39016137773367165,0.06992391883825516
12.2,49.330000000000005,0.32490544164206697,0.06385557559160995
12.23,49.330000000000005,0.254979814495853,0.057377067916581495
12.26,49.330000000000005,0.24977366419398211,0.07519069113062687
12.29,49.330000000000005,0.2626124498619373,0.05752521486175511
12.32,49.330000000000005,0.27250781190559437,0.060468439450250905
12.35,49.330000000000005,0.283918741361948,0.06256696132643642
12.38,49.330000000000005,0.28026114371182465,0.062529787526915
12.41,49.330000000000005,0.2690634615666675,0.058351029201789584
12.440000000000001,49.330000000000005,0.2643403233703268,0.058459809082850894
12.47,49.330000000000005,0.268209467878891,0.057003331408945056
12.5,49.330000000000005,0.28464150379807435,0.06506747444782623
12.530000000000001,49.330000000000005,0.2856547515596445,0.059637956035171594
12.56,49.330000000000005,0.27697178645943377,0.055355058534801195
12.59,49.330000000000005,0.2758969573009339,0.05919324668132071
12.620000000000001,49.330000000000005,0.28074751218299754,0.0643375105991326
12.65,49.330000000000005,0.29163055790072007,0.07507443243153185
12.68,49.330000000000005,0.2965382078938696,0.0804599153968449
12.71,49.330000000000005,0.2982661463441841,0.08089035371064121
12.74,49.330000000000005,0.30479459635899847,0.08064026559977062
12.77,49.330000000000005,0.31140042691326825,0.08035367973749792
12.89,49.330000000000005,0.2822898271210982,0.06788410234577917
12.92,49.330000000000005,0.26702619838259745,0.05961626579428976
10.13,49.36,0.3893216246085656,0.09993998988896742
10.16,49.36,0.39027116414434826,0.09338020900455472
10.190000000000001,49.36,0.4374387650268432,0.1298412471241948
10.22,49.36,0.4086968608978432,0.12108547809136477
10.25,49.36,0.36613298706562586,0.08280364051633027
10.280000000000001,49.36,0.3210672226542085,0.05938554071993241
10.31,49.36,0.30279654739640377,0.055770402524568635
10.34,49.36,0.2994978089117272,0.052506787087729274
10.370000000000001,49.36,0.30435461198535996,0.05228651774715719
10.4,49.36,0.3093407862841815,0.05705356477715932
10.43,49.36,0.3057234794891993,0.05635511437579424
10.46,49.36,0.29935182241199765,0.05479071313189289
10.49,49.36,0.29029464653764064,0.053909142412306044
10.52,49.36,0.2803736639425559,0.053210573062870865
10.55,49.36,0.2697364193492501,0.051330175624025705
10.58,49.36,0.26336601782249697,0.050028870155586644
10.61,49.36,0.2683488416563825,0.04913633979031327
10.64,49.36,0.2726829702742372,0.0549551720739381
10.67,49.36,0.276638147394236,0.06517894430287555
10.7,49.36,0.2726924798181859,0.06278966163351402
10.73,49.36,0.2765707091268036,0.062433714454905094
10.76,49.36,0.28311732876512563,0.06608848404071467
10.790000000000001,49.36,0.2797540753776002,0.06450298977205796
10.82,49.36,0.27485213216129123,0.05631173840626329
10.85,49.36,0.26453806378720574,0.05132371758509214
10.88,49.36,0.25898258863144313,0.050631167765246614
10.91,49.36,0.2568968094321809,0.055125825347312946
10.940000000000001,49.36,0.25717820380069706,0.05555177565146386
10.97,49.36,0.26287147979193964,0.056253982019524765
11,49.36,0.28280174837911454,0.06040600480753247
11.030000000000001,49.36,0.3070860597785694,0.0738621717434644
11.06,49.36,0.30960047627124737,0.09169409533268401
11.09,49.36,0.315083256925995,0.11242513700367272
11.120000000000001,49.36,0.3025475216161851,0.10035757623898056
11.15,49.36,0.30859308669260127,0.14898533342372522
11.18,49.36,0.28689091092209884,0.13303638600578885
11.21,49.36,0.25729492979443247,0.07046367039234924
11.24,49.36,0.2709517309606562,0.06391220568312585
11.27,49.36,0.33283350693610325,0.11011264177594798
11.3,49.36,0.30307806381105995,0.0623193811137851
11.33,49.36,0.3445964432746939,0.10805608600403155
11.36,49.36,0.30836605309482507,0.08636227074251138
11.39,49.36,0.33229379191017955,0.09195177671455212
11.42,49.36,0.32783509720162896,0.08372587398582736
11.45,49.36,0.3014501389943001,0.07459125015033707
11.48,49.36,0.25822940394008814,0.07187617944999064
11.51,49.36,0.23292663909758066,0.060773252861707046
11.54,49.36,0.24389236648348628,0.0552352412667597
11.57,49.36,0.29365448896252266,0.07232159125171123
11.6,49.36,0.33461733755450057,0.08575273349207718
11.63,49.36,0.29528746745321954,0.07417640257166402
11.66,49.36,0.3271060485750654,0.07707425447732189
11.690000000000001,49.36,0.3366997202053091,0.07741525412482642
11.72,49.36,0.3592047394474045,0.09416354950155818
11.75,49.36,0.34354942087306856,0.09184296494671845
11.780000000000001,49.36,0.32321947415473457,0.07021630921699719
11.81,49.36,0.3236607687866909,0.08269546613624416
11.84,49.36,0.3168906159632422,0.08426255140408054
11.870000000000001,49.36,0.29574167259723405,0.07760569857507266
11.9,49.36,0.27613014300052185,0.08514204952481265
11.93,49.36,0.2719635643770132,0.0979969420837226
11.96,49.36,0.2645822090460867,0.06591189811020101
11.99,49.36,0.29253520901160496,0.08018194112356017
12.02,49.36,0.33474467595226315,0.0716027777151149
12.05,49.36,0.3729808812515279,0.06780278818334012
12.08,49.36,0.40630225290290833,0.06555720180654041
12.11,49.36,0.4504572692244643,0.08795904407268137
12.14,49.36,0.4079497095488779,0.06875320718720385
12.17,49.36,0.3314203085984839,0.06402782603394021
12.2,49.36,0.2851415191472875,0.05899231030656773
12.23,49.36,0.25984810583275403,0.05213836198596433
12.26,49.36,0.2662901797983341,0.06049036271862708
12.29,49.36,0.27995373493735026,0.059070007969260305
12.32,49.36,0.2941504599595666,0.06279387300588407
12.35,49.36,0.3110518924316872,0.07199683362669379
12.38,49.36,0.29290973178395135,0.06533345640301781
12.41,49.36,0.27767352180052723,0.054492827913111615
12.440000000000001,49.36,0.26765891400296976,0.055639321486736684
12.47,49.36,0.2698951638017111,0.055434133330878294
12.5,49.36,0.2798529191540479,0.06203510754177558
12.530000000000001,49.36,0.2789643682035629,0.061378180133172124
12.56,49.36,0.27400790100274497,0.05462948003881192
12.59,49.36,0.2729237703492376,0.05656982321857852
12.620000000000001,49.36,0.28029430897248275,0.06698827562337488
12.65,49.36,0.2889081041962081,0.08262592320603016
12.68,49.36,0.29259839743652694,0.08852668901434664
12.71,49.36,0.291887627538775,0.0834634719019687
12.74,49.36,0.2866053264978223,0.07540686269424533
10.190000000000001,49.39,0.40682460235507467,0.08555221651853792
10.22,49.39,0.391096957261197,0.09189686870674955
10.25,49.39,0.35718742987411534,0.07196298799955805
10.280000000000001,49.39,0.3280849916355131,0.0650605822646612
10.31,49.39,0.31155550379557817,0.05622295273764952
10.34,49.39,0.31626562598204,0.06190322962063581
10.370000000000001,49.39,0.3307796214993725,0.06529873066728574
10.4,49.39,0.3317205228969055,0.06746187540462091
10.43,49.39,0.3240023828316215,0.0625305624941235
10.46,49.39,0.3207203057897632,0.05636110175436157
10.49,49.39,0.31162711354726996,0.05685849608157768
10.52,49.39,0.2971413790714691,0.057111936761843334
10.55,49.39,0.28307924486366043,0.054551815333541184
10.58,49.39,0.27823680084943625,0.0518160697492729
10.61,49.39,0.28360720813410334,0.05749351873688351
10.64,49.39,0.2972538458066865,0.07934666927071804
10.67,49.39,0.2962545252600529,0.07717253146713733
10.7,49.39,0.2873741219220235,0.06546800722486432
10.73,49.39,0.2939589115564058,0.07178580568850687
10.76,49.39,0.3014795993571113,0.07863183549343573
10.790000000000001,49.39,0.29243849521968623,0.06827250216525124
10.82,49.39,0.2829528735413363,0.056544783631735436
10.85,49.39,0.27260473240286015,0.05490726591301564
10.88,49.39,0.26651543179173637,0.06147149865899869
10.91,49.39,0.2713403418499934,0.07477456203853525
10.940000000000001,49.39,0.27434394217311275,0.07746578552172251
10.97,49.39,0.27439784843232023,0.07279998005468562
11,49.39,0.2752584120956428,0.06801466683643263
11.030000000000001,49.39,0.2805170605512115,0.06765781205934628
11.06,49.39,0.2839153482068054,0.08795910059407272
11.09,49.39,0.28781597533712666,0.09913210968614436
11.120000000000001,49.39,0.2787501269082523,0.08558688634752191
11.15,49.39,0.27793880437214663,0.11015357237968956
11.18,49.39,0.2624156950469129,0.09456711228100291
11.21,49.39,0.2437823657586399,0.05926266356720111
11.24,49.39,0.24930032412685108,0.05352098664295608
11.27,49.39,0.2669756353612703,0.06365570338517015
11.3,49.39,0.26356973200613704,0.06633655575510854
11.33,49.39,0.2651826845816409,0.06171965881513575
11.36,49.39,0.3093199443300385,0.10246478898400622
11.39,49.39,0.36878338895791957,0.10606219792023518
11.42,49.39,0.3462918249530845,0.10958489235795979
11.45,49.39,0.2907625407318023,0.08263054537267588
11.48,49.39,0.2516153861725434,0.06472598878542722
11.51,49.39,0.24377796842180932,0.056782098038080944
11.54,49.39,0.2491123789417819,0.055267153672856895
11.57,49.39,0.28231345659578955,0.062143575930447184
11.6,49.39,0.3227116052695553,0.0869071819456024
11.63,49.39,0.32811011201738816,0.0972529667509002
11.66,49.39,0.3457466919967022,0.10712596675293033
11.690000000000001,49.39,0.34135982130394327,0.08439198735225643
11.72,49.39,0.33342729453692094,0.07420415554558435
11.75,49.39,0.31636716311445673,0.07186406803205249
11.780000000000001,49.39,0.2997203207019454,0.06797256614830764
11.81,49.39,0.2962139394050392,0.0751740341651063
11.84,49.39,0.2910831206209028,0.07127653524941391
11.870000000000001,49.39,0.28197117196096616,0.06590360190052034
11.9,49.39,0.27663514790924976,0.07465269829488787
11.93,49.39,0.278743687346996,0.08048281213438889
11.96,49.39,0.2682034341203506,0.06615142923190367
11.99,49.39,0.3008732422018601,0.09037995497066725
12.02,49.39,0.3195368704477301,0.07609318425768469
12.05,49.39,0.34162932664502677,0.06913409448404585
12.08,49.39,0.3750914925732145,0.06373991465289809
12.11,49.39,0.38033870479682835,0.06562746694979707
12.14,49.39,0.33898138960864693,0.06407195027008679
12.17,49.39,0.2905919621631991,0.054229630401965774
12.2,49.39,0.3377138773323986,0.0816222203744757
12.23,49.39,0.34905816296217085,0.10876550513596304
12.26,49.39,0.3061336003675388,0.07270237365275568
12.29,49.39,0.3294573624432705,0.06572587818767876
12.32,49.39,0.3593453152768247,0.0933874988388579
12.35,49.39,0.32151089236085906,0.06262765589459618
12.38,49.39,0.2944602274037954,0.05481543671389531
12.41,49.39,0.2804476952278413,0.053395151862598536
12.440000000000001,49.39,0.27090171384598005,0.0532459658629337
12.47,49.39,0.26715735977929783,0.055195399005058696
12.5,49.39,0.26793645139296257,0.05475402125609319
12.530000000000001,49.39,0.2671785383743689,0.056473175965925555
12.56,49.39,0.26768571198523944,0.05407314432276293
12.59,49.39,0.2686502348324254,0.055404946407896484
12.620000000000001,49.39,0.2765782593775698,0.06584670759223668
12.65,49.39,0.2846655128846372,0.08088645284615238
12.68,49.39,0.2909819183906873,0.08949159230290028
12.71,49.39,0.28430063519575144,0.08231778049421454
10.16,49.42,0.3951380850972575,0.09220079932768657
10.190000000000001,49.42,0.4271547918924369,0.11552761439140492
10.22,49.42,0.4060975414418153,0.08898077845159556
10.25,49.42,0.3957765900414717,0.07636219596650734
10.280000000000001,49.42,0.35351439426820563,0.0640472824660824
10.31,49.42,0.33405245205668055,0.06535385948672669
10.34,49.42,0.343490307553143,0.08001238751138122
10.370000000000001,49.42,0.3771424445297865,0.09075247838628177
10.4,49.42,0.3832867168038784,0.10409801038427594
10.43,49.42,0.34886968768098686,0.07488191223345773
10.46,49.42,0.3477456887923493,0.0652838218716076
10.49,49.42,0.33919161940868564,0.06563892473515959
10.52,49.42,0.31632934934996887,0.06277311655680186
10.55,49.42,0.2962140784922184,0.059981302744027465
10.58,49.42,0.2879072795182392,0.05488326581108453
10.61,49.42,0.3082748792191606,0.07839743054831858
10.64,49.42,0.34295766227058144,0.14240909811896812
10.67,49.42,0.32377805586762914,0.11371750030356688
10.7,49.42,0.3012189098157467,0.07140981930256186
10.73,49.42,0.3047777351344279,0.07523086949596391
10.76,49.42,0.3092051420286164,0.0746362796480434
10.790000000000001,49.42,0.29707314591656975,0.060636863727230345
10.82,49.42,0.28590938671055366,0.05459299372481775
10.85,49.42,0.28037467870640614,0.053165181766781776
10.88,49.42,0.27974014163045163,0.07008622371484888
10.91,49.42,0.290406770719667,0.10160238503522785
10.940000000000001,49.42,0.29761149642939205,0.1084731985678016
10.97,49.42,0.2987509951610247,0.1100313748624455
11,49.42,0.29033474079173793,0.09462882806667655
11.030000000000001,49.42,0.27511469152008355,0.07124104970095771
11.06,49.42,0.2624235737423352,0.06611790350925528
11.09,49.42,0.2592937576067543,0.06553589449423725
11.120000000000001,49.42,0.25492770399902004,0.061028292712079824
11.15,49.42,0.25278179133373707,0.06285578231576716
11.18,49.42,0.23897248478725347,0.0579070317926647
11.21,49.42,0.2244577099522778,0.04653425929863083
11.24,49.42,0.22121337485176126,0.04385870578792057
11.27,49.42,0.22397462390812062,0.048865205217923466
11.3,49.42,0.22057870929314446,0.05208607743775236
11.33,49.42,0.22018018356895028,0.056600118647897636
11.36,49.42,0.24610002379979068,0.05976428011863395
11.39,49.42,0.25571173447344725,0.06778007485051468
11.42,49.42,0.2647615523600635,0.07097274134393135
11.45,49.42,0.2595443442174315,0.06595640805969441
11.48,49.42,0.25110744896511294,0.06284334106497286
11.51,49.42,0.26125437757373887,0.06240162981080124
11.54,49.42,0.26925097635967604,0.057182262160822124
11.57,49.42,0.28122614541443,0.058568119863936154
11.6,49.42,0.31783572683002126,0.07951884967473363
11.63,49.42,0.3917800175615528,0.1504822560548695
11.66,49.42,0.3910184217165079,0.12683651784642513
11.690000000000001,49.42,0.3939214179629474,0.12295333482090849
11.72,49.42,0.33965264153077307,0.08671346736557642
11.75,49.42,0.29771328625571397,0.06968042964257527
11.780000000000001,49.42,0.3009584712573222,0.08558258299595309
11.81,49.42,0.2923034955678586,0.09320398595076605
11.84,49.42,0.2973397662187248,0.07485540682194831
11.870000000000001,49.42,0.3350305814921846,0.12241005129375966
11.9,49.42,0.2920088494687553,0.08914505071759359
11.93,49.42,0.27439337677375847,0.06587286328760636
11.96,49.42,0.2752308175065385,0.06119310762031947
11.99,49.42,0.28543789657252183,0.07216381195579717
12.02,49.42,0.29524609505003874,0.07449607848073718
12.05,49.42,0.30510914365455316,0.07571909537665716
12.08,49.42,0.314621375382386,0.07545188201362658
12.11,49.42,0.29934374380979306,0.06331496918656791
12.14,49.42,0.2683152382762529,0.05050523131033809
12.17,49.42,0.2769788035177818,0.048446479771014725
12.2,49.42,0.3039341528324224,0.06646603499038768
12.23,49.42,0.4688522207091539,0.17333439939844883
12.26,49.42,0.337745553196017,0.08299570113675586
12.29,49.42,0.3402456584311993,0.056018098546019954
12.32,49.42,0.35190448324628515,0.05956484611058477
12.35,49.42,0.31023881749103493,0.054911654772385035
12.38,49.42,0.29380894670318664,0.05263874159015956
12.41,49.42,0.28279974761069465,0.05016818021793902
12.440000000000001,49.42,0.27660459556906397,0.05121790347774199
12.47,49.42,0.2692104824097768,0.05314926896270963
12.5,49.42,0.26237203772822915,0.05101032817334547
12.530000000000001,49.42,0.26067376002706466,0.0523666247213801
12.56,49.42,0.2616527392938287,0.05270499743666323
12.59,49.42,0.2657435478352555,0.052662322321033385
12.620000000000001,49.42,0.27202675291164896,0.06008921147702508
12.65,49.42,0.2774349210647071,0.07148626874626654
10.13,49.45,0.40055729751652946,0.11549411029060822
10.16,49.45,0.3854624597925488,0.09003675371504695
10.190000000000001,49.45,0.4323111126600426,0.10900264050125552
10.22,49.45,0.5108030605039464,0.13307549898249157
10.25,49.45,0.4932702406578277,0.11420475519985665
10.280000000000001,49.45,0.3773737224400135,0.07154041204444754
10.31,49.45,0.36210628540837647,0.0795052531759924
10.34,49.45,0.35879959957828883,0.08055521168413042
10.370000000000001,49.45,0.4012730649757675,0.09987004401574726
10.4,49.45,0.4400669024233028,0.14371140632378504
10.43,49.45,0.389517548620582,0.10042899402442582
10.46,49.45,0.3994409365525174,0.07706307186922985
10.49,49.45,0.3906921891373734,0.0799843895638034
10.52,49.45,0.33400563511604703,0.06697822301716119
10.55,49.45,0.3058556949490426,0.06403382497418987
10.58,49.45,0.2968824681632814,0.05788392502834823
10.61,49.45,0.3083813537395434,0.07073008607250111
10.64,49.45,0.33805899928894784,0.12715743095072032
10.67,49.45,0.3193291600774411,0.1044294338149228
10.7,49.45,0.29612240848032595,0.06892819089437043
10.73,49.45,0.2968805925759565,0.0737131400614365
10.76,49.45,0.29963578031083016,0.0635759620840378
10.790000000000001,49.45,0.2885242050089941,0.04568584158960256
10.82,49.45,0.279280336691516,0.04580172450289481
10.85,49.45,0.28176160335970885,0.04910375036451906
10.88,49.45,0.28468509463991154,0.0654239033682384
10.91,49.45,0.30071535973536584,0.0940820789346958
10.940000000000001,49.45,0.3135721160222753,0.10137917782762518
10.97,49.45,0.3234267785642198,0.11673825678273013
11,49.45,0.3151678407336439,0.100018900569623
11.030000000000001,49.45,0.2917217179492089,0.07951378548410319
11.06,49.45,0.26780701923659617,0.06799552491283463
11.09,49.45,0.2534535872945376,0.056390984090423923
11.120000000000001,49.45,0.25187818625927577,0.05567994288494503
11.15,49.45,0.2590438181125204,0.0744167871514008
11.18,49.45,0.2392506676878753,0.054449483329123756
11.21,49.45,0.22026801520888772,0.046227928308717595
11.24,49.45,0.21295335351880768,0.04494319338368017
11.27,49.45,0.21217809516037883,0.04485409492093575
11.3,49.45,0.22065376619717436,0.060646600890969994
11.33,49.45,0.2133380072324314,0.051058379965158614
11.36,49.45,0.22496230252512314,0.06128394377915772
11.39,49.45,0.22107754998022922,0.04990153752123806
11.42,49.45,0.2284499293296499,0.05592075352137214
11.45,49.45,0.2441697550810456,0.06289422279204436
11.48,49.45,0.27919131424084315,0.07128873699467587
11.51,49.45,0.2812989106544557,0.06497606181846283
11.54,49.45,0.2862880754622823,0.061071653350102145
11.57,49.45,0.289146098725896,0.06311661175677581
11.6,49.45,0.3031108202662061,0.06491582639689163
11.63,49.45,0.35568255172500474,0.09496215545288514
11.66,49.45,0.393625032649471,0.12267848934120293
11.690000000000001,49.45,0.3974921386408863,0.11991788628705936
11.72,49.45,0.34144360551060793,0.09818653251412468
11.75,49.45,0.2866309058796573,0.07303076525988451
11.780000000000001,49.45,0.28373878088266946,0.07796449699836384
11.81,49.45,0.27580957172197984,0.0836586668913454
11.84,49.45,0.30135417646056056,0.07666180483742381
11.870000000000001,49.45,0.3456857180970489,0.12464959689999237
11.9,49.45,0.3082723197031406,0.1296293806442993
11.93,49.45,0.27656771430343585,0.0688788492303055
11.96,49.45,0.2836384528042931,0.06928255101718561
11.99,49.45,0.2812244561131223,0.07746929769479974
12.02,49.45,0.2678299490029203,0.06691800621207195
12.05,49.45,0.2580076371910547,0.059356715457584544
12.08,49.45,0.2519514840668697,0.052418080353335714
12.11,49.45,0.24680251984297166,0.048230255479217485
12.14,49.45,0.24695278279383115,0.05281171189227931
12.17,49.45,0.28607494029145814,0.07277464636990225
12.2,49.45,0.303127253462288,0.06712755349855332
12.23,49.45,0.30189581679393734,0.07549381332866405
12.26,49.45,0.3042729551467986,0.06591353457651578
12.29,49.45,0.3073284590831929,0.05706837925945012
12.32,49.45,0.31578746919431744,0.054195845617932226
12.35,49.45,0.3018510902125232,0.0531350976867478
12.38,49.45,0.2894600478358903,0.052276028815309586
12.41,49.45,0.28223710479422487,0.05000019502026631
12.440000000000001,49.45,0.2768626806513833,0.04881603509249907
12.47,49.45,0.2725771417447359,0.053060884758949246
12.5,49.45,0.2673702573852522,0.054045023370496624
12.530000000000001,49.45,0.2606702525154764,0.05110627324228431
12.56,49.45,0.2581626303395038,0.05075310699684907
12.59,49.45,0.2605085875723402,0.05205041614081427
12.620000000000001,49.45,0.26567278398438343,0.055095448604590494
9.950000000000001,49.480000000000004,0.4299096655191864,0.07657984930833132
9.98,49.480000000000004,0.40727500537017813,0.07056512179857993
10.13,49.480000000000004,0.387534962366765,0.07252914766788844
10.16,49.480000000000004,0.3850178103561909,0.07469518861813398
10.190000000000001,49.480000000000004,0.4595261025780491,0.11953329182200713
10.22,49.480000000000004,0.43040585930478303,0.08964459077672103
10.25,49.480000000000004,0.4026023880101738,0.07587849824768104
10.280000000000001,49.480000000000004,0.38428163603962995,0.10023230863850133
10.31,49.480000000000004,0.33846056402892427,0.06051251939474836
10.34,49.480000000000004,0.3550411558283304,0.08180101497148341
10.370000000000001,49.480000000000004,0.3700924975679019,0.08224614505874414
10.4,49.480000000000004,0.3698146684205178,0.07193631212692976
10.43,49.480000000000004,0.3818903136929159,0.06746852227274998
10.46,49.480000000000004,0.38743181921576886,0.0776150805991388
10.49,49.480000000000004,0.36922783680590954,0.07467621853895072
10.52,49.480000000000004,0.34026066157979173,0.07061892812719735
10.55,49.480000000000004,0.31518329586384297,0.06442478596362064
10.58,49.480000000000004,0.31289423306535974,0.06650347975106738
10.61,49.480000000000004,0.3044282215540032,0.06070962423632717
10.64,49.480000000000004,0.29805387808358946,0.06498673693675303
10.67,49.480000000000004,0.2894901656387414,0.06559217298327923
10.7,49.480000000000004,0.2782758302118176,0.06030933761490389
10.73,49.480000000000004,0.2830581102440362,0.057619413977118276
10.76,49.480000000000004,0.2819895750393433,0.05281728021272781
10.790000000000001,49.480000000000004,0.27817004257703426,0.04852834207465368
10.82,49.480000000000004,0.2767543456802002,0.04794378631236171
10.85,49.480000000000004,0.28148312411254256,0.05162927995085298
10.88,49.480000000000004,0.2929434811939971,0.055145386293716146
10.91,49.480000000000004,0.30624977737696213,0.0661117838312828
10.940000000000001,49.480000000000004,0.32335801689201055,0.086251779604617
10.97,49.480000000000004,0.34602197486366754,0.10475051928375312
11,49.480000000000004,0.3474418110489614,0.10446066087629108
11.030000000000001,49.480000000000004,0.3316926282637234,0.10726643932563286
11.06,49.480000000000004,0.2889031627731746,0.08335993803752674
11.09,49.480000000000004,0.25839486926760746,0.06176153063230489
11.120000000000001,49.480000000000004,0.2460333312017477,0.04827842039767993
11.15,49.480000000000004,0.24735502311759575,0.061318481266281984
11.18,49.480000000000004,0.23395860193909607,0.048088228817610115
11.21,49.480000000000004,0.2380450789185478,0.07631861106443498
11.24,49.480000000000004,0.22903203448507772,0.06364527734450602
11.27,49.480000000000004,0.2277566440849007,0.07718196031883001
11.3,49.480000000000004,0.24118377702050509,0.06702839546608821
11.33,49.480000000000004,0.2512080266772464,0.06535466566482469
11.36,49.480000000000004,0.21903080239857525,0.04505463196316008
11.39,49.480000000000004,0.21613195444238997,0.045890671358085854
11.42,49.480000000000004,0.21824438763924273,0.050506128882670843
11.45,49.480000000000004,0.25771965900344784,0.06939793689494163
11.48,49.480000000000004,0.3230644220581267,0.10105610527622697
11.51,49.480000000000004,0.3036083468090908,0.07314413573967077
11.54,49.480000000000004,0.34386517800901617,0.09989949322678235
11.57,49.480000000000004,0.3107131746358529,0.07455268153047627
11.6,49.480000000000004,0.312239809280597,0.08264631517169053
11.63,49.480000000000004,0.32881130322057933,0.08139527843477255
11.66,49.480000000000004,0.38074815830986253,0.10763873882001893
11.690000000000001,49.480000000000004,0.3391299395128376,0.10044238654758435
11.72,49.480000000000004,0.3039966946407236,0.08342466353164911
11.75,49.480000000000004,0.2770721227903612,0.0689019500418468
11.780000000000001,49.480000000000004,0.2588487356077525,0.06510512357340224
11.81,49.480000000000004,0.26266192844440384,0.07213112198480322
11.84,49.480000000000004,0.26688737371379206,0.06998448321699602
11.870000000000001,49.480000000000004,0.27392966186404366,0.07631669062884355
11.9,49.480000000000004,0.27143943152754074,0.086157606005538
11.93,49.480000000000004,0.2575899517007304,0.06332089145263152
11.96,49.480000000000004,0.26429067153756464,0.07479578027020463
11.99,49.480000000000004,0.26746240368130314,0.08305539945436329
12.02,49.480000000000004,0.25290010654981243,0.057638650485020024
12.05,49.480000000000004,0.24272870133735494,0.04625721500070867
12.08,49.480000000000004,0.2349855621771543,0.04532452483234856
12.11,49.480000000000004,0.23281405926933257,0.041910026534759594
12.14,49.480000000000004,0.27023661837939517,0.053624382697208456
12.17,49.480000000000004,0.3625621982467023,0.09525885083896218
12.2,49.480000000000004,0.3196312188028382,0.09367078107449507
12.23,49.480000000000004,0.277656587910566,0.06267648910222233
12.26,49.480000000000004,0.28143199094156723,0.05598845441423299
12.29,49.480000000000004,0.2885102387167124,0.05705796130940296
12.32,49.480000000000004,0.2928271621356346,0.05372627988074694
12.35,49.480000000000004,0.29132878877751567,0.05350868276879448
12.38,49.480000000000004,0.28454352264035065,0.052659786286499234
12.41,49.480000000000004,0.2802212899398111,0.050513184296546255
12.440000000000001,49.480000000000004,0.2748797369241742,0.04939445006381475
12.47,49.480000000000004,0.2733726823621418,0.05107610502395341
12.5,49.480000000000004,0.2708317606298251,0.053781407779684286
12.530000000000001,49.480000000000004,0.2630885771080771,0.052167274783236975
12.56,49.480000000000004,0.26050141241017916,0.051244756190836474
12.59,49.480000000000004,0.2600120990901802,0.050555029242497516
12.620000000000001,49.480000000000004,0.26261919316997095,0.0519176155018266
9.950000000000001,49.510000000000005,0.45012684145818516,0.07112268243934447
9.98,49.510000000000005,0.41310275551814013,0.07419557609663045
10.01,49.510000000000005,0.4438806034416588,0.10422455990857724
10.040000000000001,49.510000000000005,0.39514796904890637,0.08909808470915227
10.13,49.510000000000005,0.4270829866269274,0.08910870573127469
10.16,49.510000000000005,0.4441913832316389,0.09030885798394744
10.190000000000001,49.510000000000005,0.4596026936516575,0.07664992298866526
10.22,49.510000000000005,0.4224240083347588,0.07455337462164087
10.25,49.510000000000005,0.4029161354019935,0.07827784206213426
10.280000000000001,49.510000000000005,0.3699218731757481,0.08399894349792122
10.31,49.510000000000005,0.3438610443207471,0.06573259138929115
10.34,49.510000000000005,0.3551889074290361,0.07099700013687724
10.370000000000001,49.510000000000005,0.33185117688117755,0.05759043271352262
10.4,49.510000000000005,0.3725537326798297,0.09338256634937618
10.43,49.510000000000005,0.4063031818760965,0.08429886606831884
10.46,49.510000000000005,0.4830863980071227,0.15797352810714926
10.49,49.510000000000005,0.39355279918872427,0.0964132272039037
10.52,49.510000000000005,0.35863913892052046,0.0909814038438781
10.55,49.510000000000005,0.32351719657537575,0.06915378325981116
10.58,49.510000000000005,0.3101273616833947,0.05990378817962534
10.61,49.510000000000005,0.2957426026286707,0.055590056472665045
10.64,49.510000000000005,0.2834159575345344,0.05341339171963786
10.67,49.510000000000005,0.27324172815588915,0.052001333566289144
10.7,49.510000000000005,0.26940426453418664,0.05573156038243714
10.73,49.510000000000005,0.2677870422172162,0.05175720306321841
10.76,49.510000000000005,0.2715601432460422,0.05333634228960631
10.790000000000001,49.510000000000005,0.2735392960172964,0.05343961206400482
10.82,49.510000000000005,0.2762866636949596,0.05372678184912206
10.85,49.510000000000005,0.282875651851525,0.05813729332520671
10.88,49.510000000000005,0.296719217464108,0.059810587048544084
10.91,49.510000000000005,0.3134196446717432,0.06401333948719189
10.940000000000001,49.510000000000005,0.33932647981531283,0.08532119728639243
10.97,49.510000000000005,0.3662867141293874,0.09901407414826674
11,49.510000000000005,0.3866460430459858,0.1282210157259648
11.030000000000001,49.510000000000005,0.363050321492311,0.1253437835099285
11.06,49.510000000000005,0.30821005212706304,0.10204355295951682
11.09,49.510000000000005,0.2625488198226049,0.06962151013121302
11.120000000000001,49.510000000000005,0.24373797799210553,0.05210754192381392
11.15,49.510000000000005,0.22933499554300213,0.04640418272709012
11.18,49.510000000000005,0.22013590017137957,0.0452049573668819
11.21,49.510000000000005,0.23031801266396684,0.059776470016254524
11.24,49.510000000000005,0.23930673451860165,0.06191963419117665
11.27,49.510000000000005,0.213840882143792,0.05986574378543217
11.3,49.510000000000005,0.20912138057050048,0.04762788654290385
11.33,49.510000000000005,0.253538516340871,0.08235776167247937
11.36,49.510000000000005,0.2553751688219154,0.06347277488069453
11.39,49.510000000000005,0.22884040137064918,0.05750355440471115
11.42,49.510000000000005,0.2395048027289814,0.07272077920965124
11.45,49.510000000000005,0.2587181069972351,0.07485821164373559
11.48,49.510000000000005,0.3256981443838191,0.09901147480634105
11.51,49.510000000000005,0.30439051990344695,0.0708666304397176
11.54,49.510000000000005,0.29910762185272866,0.07849981971511936
11.57,49.510000000000005,0.39221125137916607,0.15251505370573348
11.6,49.510000000000005,0.31584560425964253,0.08209069408435542
11.63,49.510000000000005,0.3057786223225017,0.07448320281788079
11.66,49.510000000000005,0.3319867879931435,0.09987216701494966
11.690000000000001,49.510000000000005,0.2890022201120385,0.08263419226035147
11.72,49.510000000000005,0.2911798769109725,0.07785613271976881
11.75,49.510000000000005,0.28369613315324943,0.0700287301242874
11.780000000000001,49.510000000000005,0.25465216657340933,0.0609518324481571
11.81,49.510000000000005,0.25686144267464356,0.06654794746508479
11.84,49.510000000000005,0.25872941125207927,0.06592116887347646
11.870000000000001,49.510000000000005,0.2520256862752464,0.06150561610110804
11.9,49.510000000000005,0.24495361022727685,0.05243904333819069
11.93,49.510000000000005,0.23902463090799736,0.051226052513376294
11.96,49.510000000000005,0.24449078553225048,0.055096426088697595
11.99,49.510000000000005,0.24876887402538495,0.0547268254267348
12.02,49.510000000000005,0.24569703025346742,0.04337338531147566
12.05,49.510000000000005,0.25155563245484014,0.042326982386793555
12.08,49.510000000000005,0.2454138220615141,0.03699017228223004
12.11,49.510000000000005,0.23920834314886658,0.04139540589573219
12.14,49.510000000000005,0.2776598730465841,0.06062469731726931
12.17,49.510000000000005,0.37948804686331783,0.10530164245687972
12.2,49.510000000000005,0.31953028721588106,0.07892542933194607
12.23,49.510000000000005,0.27594735721191765,0.06143756504402752
12.26,49.510000000000005,0.2740987733359131,0.05621436978315999
12.29,49.510000000000005,0.2828315773318644,0.059781012494965806
12.32,49.510000000000005,0.284813981864535,0.05550765124886003
12.35,49.510000000000005,0.2835396034609078,0.0537292179866971
12.38,49.510000000000005,0.28007842581773795,0.05256859023594519
12.41,49.510000000000005,0.2785983604062478,0.052586399322256415
12.440000000000001,49.510000000000005,0.2758792800855888,0.04930077967552996
12.47,49.510000000000005,0.2734712665235619,0.049117292004946494
12.5,49.510000000000005,0.2729012509408128,0.05142417514562555
12.530000000000001,49.510000000000005,0.26714417878686103,0.0518801936656922
12.56,49.510000000000005,0.26212741297945785,0.049904080924809774
12.59,49.510000000000005,0.25921998320619793,0.05060541619450007
12.620000000000001,49.510000000000005,0.26000447323434706,0.05037615994257515
9.950000000000001,49.540000000000006,0.498188673580083,0.07018700951058984
9.98,49.540000000000006,0.4396002528080925,0.06509246204309435
10.01,49.540000000000006,0.4141917922945615,0.0780802025860293
10.040000000000001,49.540000000000006,0.43190836371323515,0.1034666697187625
10.07,49.540000000000006,0.4460264404887351,0.1090780508622528
10.1,49.540000000000006,0.4510336731046049,0.11120045870151235
10.13,49.540000000000006,0.5254308978331466,0.1515080011333675
10.16,49.540000000000006,0.4822637353289966,0.06936997100255196
10.190000000000001,49.540000000000006,0.5247205941803634,0.10468903351531499
10.22,49.540000000000006,0.442771234906772,0.08583173515678758
10.25,49.540000000000006,0.3571912485314196,0.06554779060768948
10.280000000000001,49.540000000000006,0.33342242359723084,0.053023859915741586
10.31,49.540000000000006,0.33875023957625444,0.06983404935839936
10.34,49.540000000000006,0.3326047362604507,0.06322284955006476
10.370000000000001,49.540000000000006,0.31567355309141926,0.0457355604626035
10.4,49.540000000000006,0.34631682621264853,0.07795429636351425
10.43,49.540000000000006,0.36502081810027387,0.07538306977793946
10.46,49.540000000000006,0.38080185009875367,0.09640131988555452
10.49,49.540000000000006,0.38014070379984405,0.11099447400734205
10.52,49.540000000000006,0.34514036593279174,0.07866064720468215
10.55,49.540000000000006,0.32187541802569913,0.06743399441312203
10.58,49.540000000000006,0.3048971404214188,0.06560657333130872
10.61,49.540000000000006,0.28939201642354706,0.059632132572255234
10.64,49.540000000000006,0.2761617456783974,0.05469583819576256
10.67,49.540000000000006,0.27036143717255856,0.05643423463732872
10.7,49.540000000000006,0.26844003799796295,0.060753858253253794
10.73,49.540000000000006,0.27442500306280815,0.056058460832521285
10.76,49.540000000000006,0.27599302244316354,0.05465374708730422
10.790000000000001,49.540000000000006,0.2780757402358282,0.0607066188509222
10.82,49.540000000000006,0.28311797666963323,0.06147512014212207
10.85,49.540000000000006,0.28515548442933003,0.060678541364495575
10.88,49.540000000000006,0.299125176582072,0.06455629363787749
10.91,49.540000000000006,0.3160349285371478,0.07122884367676525
10.940000000000001,49.540000000000006,0.3316218610863163,0.07747593668632323
10.97,49.540000000000006,0.3352039629166992,0.07659476520789982
11,49.540000000000006,0.3469700447619696,0.09430591118099264
11.030000000000001,49.540000000000006,0.3454157283312169,0.11725151308902618
11.06,49.540000000000006,0.29976942229447623,0.096840343146436
11.09,49.540000000000006,0.2601431838053786,0.059973379541357605
11.120000000000001,49.540000000000006,0.2651372356665761,0.06765454876705575
11.15,49.540000000000006,0.23640814015203437,0.05280147882814967
11.18,49.540000000000006,0.2261415655471435,0.05398479785620807
11.21,49.540000000000006,0.22505871746691505,0.05610174381276346
11.24,49.540000000000006,0.21243148941280793,0.04678388174204533
11.27,49.540000000000006,0.2007198251288592,0.03953398407321788
11.3,49.540000000000006,0.19780207787327475,0.04057393401468569
11.33,49.540000000000006,0.22656964886825326,0.061377175292950094
11.36,49.540000000000006,0.2584306437131368,0.10499058757310416
11.39,49.540000000000006,0.2476227655508423,0.09543470142356295
11.42,49.540000000000006,0.2258186077275578,0.06525773316693757
11.45,49.540000000000006,0.2559392812670893,0.07186998057076006
11.48,49.540000000000006,0.3036039568707437,0.07874001514634985
11.51,49.540000000000006,0.3278393754526967,0.0731817016598771
11.54,49.540000000000006,0.3524694978851497,0.09725786316864046
11.57,49.540000000000006,0.33291147470012816,0.10938213388932139
11.6,49.540000000000006,0.2951933406384249,0.07091250350616474
11.63,49.540000000000006,0.2774224920548673,0.061776165186524755
11.66,49.540000000000006,0.2782535944734079,0.0695514348477673
11.690000000000001,49.540000000000006,0.2719577330198456,0.06669059316237982
11.72,49.540000000000006,0.2605085512944801,0.06442029556588635
11.75,49.540000000000006,0.26170995864474067,0.06003253415214802
11.780000000000001,49.540000000000006,0.25156337617900604,0.05594540143133077
11.81,49.540000000000006,0.24542240974696874,0.054004776305133076
11.84,49.540000000000006,0.2557028356627941,0.06544726972901749
11.870000000000001,49.540000000000006,0.25396867912905713,0.06869577496335513
11.9,49.540000000000006,0.23916084075874905,0.04806023542183734
11.93,49.540000000000006,0.22950348321069658,0.043261724815257946
11.96,49.540000000000006,0.2329981013299908,0.04528513437578692
11.99,49.540000000000006,0.24030321480802352,0.045895387688341824
12.02,49.540000000000006,0.2514485065479627,0.04604593999004195
12.05,49.540000000000006,0.2682671372621108,0.055199401776588046
12.08,49.540000000000006,0.2780217941984809,0.060709693440002134
12.11,49.540000000000006,0.25113417162491336,0.0393536726366912
12.14,49.540000000000006,0.2575291576602195,0.05232496281479194
12.17,49.540000000000006,0.270063677430852,0.057745922690427755
12.2,49.540000000000006,0.2626667635662882,0.053850857301767203
12.23,49.540000000000006,0.2556021345860485,0.052608116321143546
12.26,49.540000000000006,0.2636087385510764,0.056359527452782686
12.29,49.540000000000006,0.27467040274239946,0.05991377714367248
12.32,49.540000000000006,0.2782846892228821,0.06114915751591977
12.35,49.540000000000006,0.28094614657399414,0.05729077349404708
12.38,49.540000000000006,0.28020660449872553,0.05543314357129483
12.41,49.540000000000006,0.27555032774443505,0.05249625695869394
12.440000000000001,49.540000000000006,0.2743438520851737,0.0516388866232973
12.47,49.540000000000006,0.2711970392635578,0.05009480788930863
12.5,49.540000000000006,0.2721362555820675,0.05227739615046272
12.530000000000001,49.540000000000006,0.27124263522368003,0.0525363572515785
12.56,49.540000000000006,0.26348242748190387,0.04957093309088476
9.89,49.57,0.4576230031478205,0.07046083406606804
9.92,49.57,0.5481362987980746,0.07360144562623185
9.950000000000001,49.57,0.5507062420912464,0.07197715310419646
9.98,49.57,0.48848152542456474,0.060951476069538046
10.01,49.57,0.39585273260393006,0.05755933577133386
10.040000000000001,49.57,0.5106842459587272,0.10647641173801749
10.07,49.57,0.530154897664435,0.09429601711703328
10.1,49.57,0.49434245500472246,0.08704046610831358
10.13,49.57,0.4780466402267828,0.0683016148480166
10.16,49.57,0.4769008237316612,0.06692953848478299
10.190000000000001,49.57,0.44402594523875977,0.059769141818125884
10.22,49.57,0.3793720821574844,0.06707216868271676
10.25,49.57,0.3400494513068568,0.05945764699946748
10.280000000000001,49.57,0.32515412953164907,0.045571070839891835
10.31,49.57,0.318185732669107,0.045337246805691844
10.34,49.57,0.3094844622679187,0.045258769067636206
10.370000000000001,49.57,0.3031402945186406,0.05231371158407152
10.4,49.57,0.310982511470768,0.055020362795107816
10.43,49.57,0.330566522886889,0.060277486933882116
10.46,49.57,0.34224021745553757,0.06688465973912587
10.49,49.57,0.3439478075852054,0.07244379677194045
10.52,49.57,0.3268358033539665,0.06692882889169675
10.55,49.57,0.3186938249605455,0.07581125491579506
10.58,49.57,0.31227812074162004,0.11279409336318746
10.61,49.57,0.29460848412049284,0.07864989859709588
10.64,49.57,0.2826429004062583,0.06475533316564774
10.67,49.57,0.28075599145884567,0.07139497320371134
10.7,49.57,0.2841763332770957,0.07572949011086556
10.73,49.57,0.29013760516574477,0.06744116382154751
10.76,49.57,0.29020134907573014,0.06348174762509534
10.790000000000001,49.57,0.2903222601108961,0.06492380726071884
10.82,49.57,0.2891582688436953,0.06559048066727853
10.85,49.57,0.28833251513826624,0.06479396513836695
10.88,49.57,0.3002346031502978,0.06688127675378627
10.91,49.57,0.31419562111315363,0.07055934172861851
10.940000000000001,49.57,0.32612685235694144,0.08720514082800504
10.97,49.57,0.3171168726058307,0.08166832223122969
11,49.57,0.3072065398463661,0.07537786211590923
11.030000000000001,49.57,0.29106005273020774,0.07600185810025649
11.06,49.57,0.27072771245025434,0.06463572018919354
11.09,49.57,0.2547642287909152,0.05386765201837843
11.120000000000001,49.57,0.2843802814739696,0.1102297857592005
11.15,49.57,0.24226735929775714,0.05439298548058376
11.18,49.57,0.2554525432109028,0.0941753633537702
11.21,49.57,0.23994953099977087,0.05754095029508256
11.24,49.57,0.2281463269352339,0.06198012920414179
11.27,49.57,0.22061063275582354,0.05544165456335157
11.3,49.57,0.2152834670403814,0.05739673164886447
11.33,49.57,0.2015582258604994,0.048252828995539704
11.36,49.57,0.22087095225541475,0.07501915602504411
11.39,49.57,0.2298646048437881,0.08197071787299105
11.42,49.57,0.23923034087763642,0.07204822090768777
11.45,49.57,0.2738396112927045,0.07828997368570016
11.48,49.57,0.3337187657308909,0.10446165102137162
11.51,49.57,0.35132201585827216,0.10457733319833647
11.54,49.57,0.33976519401996375,0.10167030757897004
11.57,49.57,0.2931400994019884,0.07409939254512017
11.6,49.57,0.27187150290068846,0.06681328641425772
11.63,49.57,0.26834151675138224,0.06044131380589328
11.66,49.57,0.27131570860097176,0.07334746604180353
11.690000000000001,49.57,0.2588270015691744,0.056610129142295844
11.72,49.57,0.26506657848521675,0.0605008022888961
11.75,49.57,0.26921198430448434,0.0778806510435804
11.780000000000001,49.57,0.25348276511059425,0.06084790840564384
11.81,49.57,0.24711145948320723,0.051872770408008716
11.84,49.57,0.2577168872878708,0.07046634173015415
11.870000000000001,49.57,0.2549578801108189,0.07516901130744362
11.9,49.57,0.2419533271390371,0.053365649712496986
11.93,49.57,0.2425933498965472,0.07117160528292193
11.96,49.57,0.23783735471588638,0.06298165164341346
11.99,49.57,0.23757768900898904,0.043551307630303106
12.02,49.57,0.2520236872600264,0.050611575103075214
12.05,49.57,0.2824177363568616,0.07210982816395675
12.08,49.57,0.31919590893607475,0.10041114721515558
12.11,49.57,0.27549620631418403,0.05252882199298437
12.14,49.57,0.2558583178847892,0.04734640101979127
12.17,49.57,0.24779152810156957,0.04983684738847193
12.2,49.57,0.23831627173700257,0.04570962884159738
12.23,49.57,0.23447419206257095,0.049618554930621214
12.26,49.57,0.2504932818085005,0.05316633957112189
12.29,49.57,0.2568250990692236,0.052414385309136974
12.32,49.57,0.2688579499746906,0.05883036676782283
12.35,49.57,0.2712615413156637,0.05709443982151781
12.38,49.57,0.27510460076180887,0.056674370804480144
12.41,49.57,0.2737581767812441,0.05405582697409202
12.440000000000001,49.57,0.27438571370221665,0.055161272780100974
12.47,49.57,0.2748158819369902,0.054604156192052895
12.5,49.57,0.27276338215253093,0.05149004283095859
12.530000000000001,49.57,0.2732465788763336,0.05383991535485327
9.110000000000001,49.6,0.2541600980788143,0.050611907470412346
9.14,49.6,0.2573662296147686,0.05296415045144958
9.17,49.6,0.26314010152011913,0.0575331039063085
9.200000000000001,49.6,0.2692969269537292,0.06069055082732142
9.23,49.6,0.27487724496246624,0.06488275513847822
9.26,49.6,0.2744094213660221,0.06468099441051559
9.89,49.6,0.41146938292998997,0.06508002704485419
9.92,49.6,0.5486571956545636,0.08088459792742433
9.950000000000001,49.6,0.5486735332546707,0.06119720514989635
9.98,49.6,0.4758374478410616,0.05967383742436541
10.01,49.6,0.39320026045244094,0.05950032422706421
10.040000000000001,49.6,0.43546167557756515,0.08132845899188072
10.07,49.6,0.48495281756447706,0.08378128465780843
10.1,49.6,0.5201941015703981,0.07232141265734536
10.13,49.6,0.5544071257507824,0.07095862045319644
10.16,49.6,0.48299312819519014,0.07715050856657316
10.190000000000001,49.6,0.4144430985730021,0.07252392091252037
10.22,49.6,0.36955068733873836,0.06840042581730238
10.25,49.6,0.38327969998906897,0.10418152406407898
10.280000000000001,49.6,0.32358652130273635,0.042303900530492655
10.31,49.6,0.3154234356368644,0.04308426373495813
10.34,49.6,0.30326082478386757,0.04479563173264474
10.370000000000001,49.6,0.29917784672407605,0.05308452035510036
10.4,49.6,0.3023527044245278,0.05646184442326476
10.43,49.6,0.319436190988068,0.051234350413136086
10.46,49.6,0.3388671011180669,0.07669613050463714
10.49,49.6,0.3381167431380192,0.07742363758497951
10.52,49.6,0.31786601105410883,0.06599272512915887
10.55,49.6,0.3096910822164476,0.07479530995434577
10.58,49.6,0.3013946225066526,0.09584440496594901
10.61,49.6,0.2942504056062478,0.08419338680959756
10.64,49.6,0.2940874946529349,0.08297021234165951
10.67,49.6,0.30385333937930065,0.09501499405385991
10.7,49.6,0.3201968387684415,0.10472853082807902
10.73,49.6,0.3264735959184741,0.09511366134562094
10.76,49.6,0.3145985039591975,0.07750342234590114
10.790000000000001,49.6,0.30584883746543345,0.07204640412470194
10.82,49.6,0.2996795571648274,0.0719422624892378
10.85,49.6,0.2990736229747763,0.07246710526557375
10.88,49.6,0.305041063205789,0.07556978513091624
10.91,49.6,0.304856482246011,0.06876332642061685
10.940000000000001,49.6,0.30275505660966767,0.06369258324444448
10.97,49.6,0.2945027292550983,0.05535780692632996
11,49.6,0.30438310800513396,0.06713350784416958
11.030000000000001,49.6,0.2777192426434663,0.06106967125225407
11.06,49.6,0.2545030012666852,0.054091310957000704
11.09,49.6,0.2512570072887597,0.061227791053301346
11.120000000000001,49.6,0.2561166008959827,0.06062976246455979
11.15,49.6,0.25217891439218515,0.05988287719444881
11.18,49.6,0.24968025364743227,0.10162707357679863
11.21,49.6,0.2703630250968631,0.08920745561113907
11.24,49.6,0.27311094956608545,0.08334742552051341
11.27,49.6,0.23535675831302655,0.0682020307015575
11.3,49.6,0.21126282927231116,0.05287459650807164
11.33,49.6,0.20475850618616356,0.050501997830608505
11.36,49.6,0.2161522438792535,0.06569307683247011
11.39,49.6,0.24004835546003592,0.08787017805690255
11.42,49.6,0.26808938868544213,0.10740307671401866
11.45,49.6,0.29696002264040733,0.08998727522543683
11.48,49.6,0.35211866141161174,0.11747431930707851
11.51,49.6,0.332206638109034,0.08443823713382984
11.54,49.6,0.3082836041557493,0.07754942657105712
11.57,49.6,0.30692675089095967,0.08526616745752537
11.6,49.6,0.3079475686498027,0.07586329636612411
11.63,49.6,0.2910324216599209,0.06927491572082152
11.66,49.6,0.28572442518167124,0.072264009876307
11.690000000000001,49.6,0.2604911967234488,0.060752270332120085
11.72,49.6,0.2569675435156884,0.061731634813344746
11.75,49.6,0.25932723630248555,0.0705715270387367
11.780000000000001,49.6,0.2508774137360751,0.061430895681591005
11.81,49.6,0.24203882108819214,0.05261915162397657
11.84,49.6,0.2439380735864341,0.05649649649473154
11.870000000000001,49.6,0.24020512113902298,0.05446704111980963
11.9,49.6,0.23742171807818757,0.05568820313133758
11.93,49.6,0.25261371939253763,0.10240356752293822
11.96,49.6,0.24342236053385585,0.0869273533651785
11.99,49.6,0.2351642696607955,0.04799931790151508
12.02,49.6,0.24610074473447216,0.05008607537623515
12.05,49.6,0.2704445837324032,0.06803541390387417
12.08,49.6,0.30026803077875086,0.09382216396254377
12.11,49.6,0.28069582958062056,0.06366091140322928
12.14,49.6,0.2715606667812332,0.05704420816549971
12.17,49.6,0.2519740685824982,0.047969506968634855
12.2,49.6,0.2355014687975879,0.04275194939520699
12.23,49.6,0.22850996708222862,0.047106957000140795
12.26,49.6,0.22690898279429514,0.04661000520917992
12.29,49.6,0.24551818074770249,0.04867195988782837
12.32,49.6,0.25605732526329533,0.0572064474623331
12.35,49.6,0.26320489897873783,0.05821974251375705
12.38,49.6,0.268481874851135,0.055786279799676194
12.41,49.6,0.27228788480252697,0.056933739640570497
12.440000000000001,49.6,0.2719878157979869,0.055421696904502535
12.47,49.6,0.2721341661245347,0.054365111261487756
12.5,49.6,0.2730370865318172,0.05167663702891522
12.530000000000001,49.6,0.27172633879963204,0.05195910868150833
9.110000000000001,49.63,0.25387111613727903,0.050555189053267356
9.14,49.63,0.25810418956348175,0.05373105652216732
9.17,49.63,0.26614704033872977,0.05984061951573781
9.200000000000001,49.63,0.27844893162904244,0.06879154083861645
9.23,49.63,0.28992031189142875,0.0766604545286166
9.26,49.63,0.29038840026378077,0.07724902331132122
9.89,49.63,0.4187463278194935,0.06820576931960019
9.92,49.63,0.4620249191128912,0.07693168031285229
9.950000000000001,49.63,0.4866473642332495,0.05778175758698972
9.98,49.63,0.4107903418198614,0.048848032382984165
10.01,49.63,0.403151795898052,0.07282448255269214
10.040000000000001,49.63,0.43294473716947296,0.08126460146493758
10.07,49.63,0.5317370155067629,0.09906233858871774
10.1,49.63,0.52507682346513,0.08501656317635617
10.13,49.63,0.5513590580722523,0.0755017127118114
10.16,49.63,0.5072138789608112,0.0861224651419775
10.190000000000001,49.63,0.38972457374171693,0.07328532651089191
10.22,49.63,0.3462463978523705,0.04385002418732062
10.25,49.63,0.4002274814338675,0.07162324211848418
10.280000000000001,49.63,0.32567071432135575,0.040465492884193634
10.31,49.63,0.3111689905845906,0.04308236323683063
10.34,49.63,0.31675960902761624,0.0680741663582756
10.370000000000001,49.63,0.304890902828558,0.057829331559476616
10.4,49.63,0.29832848113195415,0.05343332719999447
10.43,49.63,0.3125015998436236,0.05127352099499792
10.46,49.63,0.32890970265473934,0.0767281457151368
10.49,49.63,0.32693763171805346,0.07937580163747045
10.52,49.63,0.31577573433700823,0.06542870614849317
10.55,49.63,0.300076918543164,0.060936693354356836
10.58,49.63,0.2910521714385079,0.06765343817642919
10.61,49.63,0.28850541484696773,0.07768290126221863
10.64,49.63,0.2987324369446001,0.09170329663155995
10.67,49.63,0.3251210348598431,0.1199502406883094
10.7,49.63,0.36881520825869446,0.1542258902688381
10.73,49.63,0.374136333632973,0.13732603705917568
10.76,49.63,0.3412155723652222,0.08732897662806455
10.790000000000001,49.63,0.32085353262101024,0.07596891963584532
10.82,49.63,0.31216833283175244,0.07747735686467243
10.85,49.63,0.31677407479987746,0.08338785465600985
10.88,49.63,0.3195763972774531,0.08967674482776569
10.91,49.63,0.3079322963995345,0.07085687872030182
10.940000000000001,49.63,0.30521987036364295,0.06570877060763552
10.97,49.63,0.29145221133387705,0.05321200037350529
11,49.63,0.2982116172641124,0.07394990750838318
11.030000000000001,49.63,0.2677633351653741,0.05290046512426409
11.06,49.63,0.24715515932517332,0.05775489900491399
11.09,49.63,0.25684418325300845,0.06938761495238091
11.120000000000001,49.63,0.31667184137037985,0.11186922733703819
11.15,49.63,0.2578728716879779,0.07668681261169698
11.18,49.63,0.24642361476166627,0.05692129364376614
11.21,49.63,0.2637289504671642,0.08951608521629323
11.24,49.63,0.24231073704349232,0.07758064194343053
11.27,49.63,0.22156769043502136,0.05162366632014866
11.3,49.63,0.25546417068378163,0.07971603699403342
11.33,49.63,0.24450729562821993,0.06117116264078805
11.36,49.63,0.24279121652355612,0.060205211194697884
11.39,49.63,0.2676619233700072,0.08097535477202052
11.42,49.63,0.2977646872490506,0.12321504530317559
11.45,49.63,0.30854485764633244,0.09949898639707637
11.48,49.63,0.32463406809103196,0.08419015828591705
11.51,49.63,0.3079686448692449,0.07927992982336539
11.54,49.63,0.29559905718735147,0.06675478224841375
11.57,49.63,0.29523774327924507,0.08041800693379829
11.6,49.63,0.3196847619477381,0.10525531164488994
11.63,49.63,0.37745799277713654,0.13753605407133784
11.66,49.63,0.34173852918294306,0.1077772724060912
11.690000000000001,49.63,0.28811911477404417,0.06900111281864584
11.72,49.63,0.2589036705329914,0.0582809716089622
11.75,49.63,0.24970756280952486,0.05918920707517346
11.780000000000001,49.63,0.2420771458056515,0.056901753676678185
11.81,49.63,0.2343470234264661,0.05183438162875228
11.84,49.63,0.23182427955242843,0.052996697720536196
11.870000000000001,49.63,0.2263576247449695,0.047794171096468115
11.9,49.63,0.22531345990420243,0.05012606729872188
11.93,49.63,0.23153266387218244,0.06288616559443715
11.96,49.63,0.22727875845291304,0.05820868210663359
11.99,49.63,0.226933951151025,0.04552848410659108
12.02,49.63,0.23574996560880304,0.04853633470027018
12.05,49.63,0.25137133259936983,0.05740324157728865
12.08,49.63,0.267433054254514,0.06755811767860757
12.11,49.63,0.2765095821112042,0.07204200431215174
12.14,49.63,0.2767786348470135,0.06169307531449739
12.17,49.63,0.2588722729213855,0.05682442787338389
12.2,49.63,0.2364445971472768,0.0446257785046158
12.23,49.63,0.2278949904374388,0.04503919994508795
12.26,49.63,0.22363773550574872,0.0456706907373708
12.29,49.63,0.22586702260539868,0.045051669392094124
12.32,49.63,0.24680270995983747,0.05173501925747176
12.35,49.63,0.25315631490730645,0.05419612029494581
12.38,49.63,0.26099944594847024,0.058230535380842725
12.41,49.63,0.2660141222625345,0.05751187429933669
12.440000000000001,49.63,0.26792203282507804,0.05705421192507641
12.47,49.63,0.27139443763421384,0.05569029528254919
12.5,49.63,0.2712228368054505,0.052670735865210164
9.110000000000001,49.660000000000004,0.25324755275839156,0.0509727905590833
9.14,49.660000000000004,0.2572462852306548,0.053611771729258614
9.17,49.660000000000004,0.26802482624549695,0.06137125031495725
9.200000000000001,49.660000000000004,0.29042506995524087,0.07824566005583096
9.23,49.660000000000004,0.3162528362384235,0.09928095370299944
9.26,49.660000000000004,0.31741347925618896,0.09849734734767579
9.290000000000001,49.660000000000004,0.29925736323384744,0.08164109725588838
9.32,49.660000000000004,0.27970490475101406,0.06893254022088333
9.35,49.660000000000004,0.2623494000374349,0.05959716333089061
9.38,49.660000000000004,0.24813903247879646,0.05425929188510133
9.41,49.660000000000004,0.2419773883407481,0.05026068896901594
9.86,49.660000000000004,0.33899041968140897,0.057798733787957184
9.89,49.660000000000004,0.38039412188064137,0.08957679898044636
9.92,49.660000000000004,0.40773417982322874,0.06235295804956188
9.950000000000001,49.660000000000004,0.4756883479416234,0.07440806277870404
9.98,49.660000000000004,0.41443885407965503,0.0837887965188737
10.01,49.660000000000004,0.36275242123269574,0.05929640329319283
10.040000000000001,49.660000000000004,0.3539375225098206,0.06287016940995538
10.07,49.660000000000004,0.4277923693548173,0.0959958477307355
10.1,49.660000000000004,0.4155107329963402,0.07659594744770389
10.13,49.660000000000004,0.36102951905174757,0.0848046735296378
10.16,49.660000000000004,0.3610279661872262,0.07244005439560955
10.190000000000001,49.660000000000004,0.3526671109195014,0.06022955441283741
10.22,49.660000000000004,0.32712230500846956,0.04765324641862867
10.25,49.660000000000004,0.35774982972377883,0.07770794611587939
10.280000000000001,49.660000000000004,0.3715526883163904,0.06528214011875681
10.31,49.660000000000004,0.34612726990431475,0.055815989363961295
10.34,49.660000000000004,0.3339044930728711,0.07290586092932581
10.370000000000001,49.660000000000004,0.3140989402788945,0.06572302889261886
10.4,49.660000000000004,0.29855560948528975,0.055493222489223684
10.43,49.660000000000004,0.2996785228213702,0.0514366033031077
10.46,49.660000000000004,0.3137958419535814,0.055799122093133126
10.49,49.660000000000004,0.3167462724774297,0.05864441063261991
10.52,49.660000000000004,0.3145406306157995,0.058546242065313496
10.55,49.660000000000004,0.2979141749239205,0.056061916268097416
10.58,49.660000000000004,0.28703467244970804,0.06252716940492394
10.61,49.660000000000004,0.2864274697579248,0.0789569751374139
10.64,49.660000000000004,0.2924696664338725,0.09107670086876633
10.67,49.660000000000004,0.3248499967254504,0.11734859953836523
10.7,49.660000000000004,0.38834768313293067,0.1755955018037007
10.73,49.660000000000004,0.39696948421665473,0.14573271788578268
10.76,49.660000000000004,0.36463688087961166,0.09118843499483556
10.790000000000001,49.660000000000004,0.34438351208523044,0.08466338073880479
10.82,49.660000000000004,0.33689064417537185,0.0852444860954595
10.85,49.660000000000004,0.35038465808070207,0.09889667243390116
10.88,49.660000000000004,0.33584839576393877,0.09362362486210614
10.91,49.660000000000004,0.3174217740526194,0.06979467066870884
10.940000000000001,49.660000000000004,0.3075027820433364,0.05599514582902534
10.97,49.660000000000004,0.287741139722608,0.045815663940534795
11,49.660000000000004,0.2683908022624995,0.04715437554683272
11.030000000000001,49.660000000000004,0.27566758810679615,0.05424842369201047
11.06,49.660000000000004,0.2864180740208409,0.06409902768038285
11.09,49.660000000000004,0.25706255816513535,0.07773400222096506
11.120000000000001,49.660000000000004,0.34405468887683144,0.12065328797710453
11.15,49.660000000000004,0.3835303463273465,0.0870938739621656
11.18,49.660000000000004,0.31870712735317935,0.09301834542847788
11.21,49.660000000000004,0.28909268457922144,0.06927789042721691
11.24,49.660000000000004,0.24128354093006962,0.05123527184652311
11.27,49.660000000000004,0.26140972959354736,0.054066640358754386
11.3,49.660000000000004,0.27303556849770066,0.060636965938923794
11.33,49.660000000000004,0.2691828459273159,0.0556035366096057
11.36,49.660000000000004,0.2974641665432051,0.07942957945362059
11.39,49.660000000000004,0.32361086719638865,0.09287852988238235
11.42,49.660000000000004,0.3292888376697422,0.09936291113821288
11.45,49.660000000000004,0.31307640505050627,0.08454907514634362
11.48,49.660000000000004,0.3088851836577473,0.0858454620865854
11.51,49.660000000000004,0.2979950856295658,0.08353858923382035
11.54,49.660000000000004,0.2796408933441598,0.06867485155668296
11.57,49.660000000000004,0.2720207785158629,0.07417532841301294
11.6,49.660000000000004,0.2859585112642097,0.08553305949213108
11.63,49.660000000000004,0.3501571337339145,0.10819589876308791
11.66,49.660000000000004,0.31623074224335546,0.09752965495618093
11.690000000000001,49.660000000000004,0.27506871500217245,0.06582531822532244
11.72,49.660000000000004,0.25495542205813937,0.05779773428001096
11.75,49.660000000000004,0.24469155179791785,0.05513737167163984
11.780000000000001,49.660000000000004,0.2354352431873859,0.053401938286995104
11.81,49.660000000000004,0.2278883275520909,0.048649389065753675
11.84,49.660000000000004,0.2245408925125974,0.0503038899313145
11.870000000000001,49.660000000000004,0.21439565249958448,0.04483763797502287
11.9,49.660000000000004,0.21215008131383642,0.041746158914444415
11.93,49.660000000000004,0.21343447007162653,0.041583808837222534
11.96,49.660000000000004,0.21424472708777506,0.04106104521770619
11.99,49.660000000000004,0.21654008710395165,0.039808857245727594
12.02,49.660000000000004,0.22655329573253238,0.04589023935149353
12.05,49.660000000000004,0.23712550951499867,0.05103628269928667
12.08,49.660000000000004,0.248072680076465,0.05969049958044385
12.11,49.660000000000004,0.25473755081803323,0.06563568973549637
12.14,49.660000000000004,0.25281936209738687,0.0555472795868265
12.17,49.660000000000004,0.24583967569797416,0.0484635925296964
12.2,49.660000000000004,0.23646956477092843,0.042014117832795767
12.23,49.660000000000004,0.228456319736933,0.04356178243758028
12.26,49.660000000000004,0.22250875445735682,0.04509084079946247
12.29,49.660000000000004,0.22115177595707233,0.04376304495672749
12.32,49.660000000000004,0.23084474625807946,0.04674637841824314
12.35,49.660000000000004,0.24870175912298617,0.05450169663512015
12.38,49.660000000000004,0.254046652479197,0.0557300106152396
12.41,49.660000000000004,0.25775836424083043,0.05539428972590322
12.440000000000001,49.660000000000004,0.26361812216258823,0.05626396402289861
12.47,49.660000000000004,0.2665779576170705,0.053274213680150145
12.5,49.660000000000004,0.26743262875283835,0.05243661121979946
9.14,49.690000000000005,0.25401825339422424,0.05296168076433404
9.17,49.690000000000005,0.2654703251819629,0.059464930807295896
9.200000000000001,49.690000000000005,0.297729261331614,0.0780871378359903
9.23,49.690000000000005,0.35166834177031137,0.1216656555199161
9.26,49.690000000000005,0.34896493530337835,0.11960859619157276
9.290000000000001,49.690000000000005,0.31343043476633975,0.09224828341245697
9.32,49.690000000000005,0.2868930511065747,0.07353070663579735
9.35,49.690000000000005,0.26495466899817494,0.06108113734134918
9.38,49.690000000000005,0.2483770172544535,0.054523225545665334
9.41,49.690000000000005,0.24054694610036878,0.04980724599611485
9.65,49.690000000000005,0.3171913823224532,0.06586662380331401
9.86,49.690000000000005,0.3161940668038888,0.05471808918160402
9.89,49.690000000000005,0.32749500701029494,0.06016261645429014
9.92,49.690000000000005,0.3542251190911891,0.06470446461212398
9.950000000000001,49.690000000000005,0.4673452843402377,0.10586817135739697
9.98,49.690000000000005,0.3953088989610351,0.07301455061727423
10.01,49.690000000000005,0.37859113067873057,0.0821653950855916
10.040000000000001,49.690000000000005,0.32032064478987876,0.0670618462958426
10.07,49.690000000000005,0.3542667972507588,0.07206643553644142
10.1,49.690000000000005,0.39832494180480493,0.07605961252281351
10.13,49.690000000000005,0.33322215052856996,0.06829608713290687
10.16,49.690000000000005,0.3717166738284819,0.06677510439714847
10.190000000000001,49.690000000000005,0.35455040798085863,0.060503413260843006
10.22,49.690000000000005,0.3345564251776842,0.059149028292391485
10.25,49.690000000000005,0.32791285506332185,0.05173548131379632
10.280000000000001,49.690000000000005,0.38597114937319665,0.08921069979905986
10.31,49.690000000000005,0.3922721551275796,0.07075104486647696
10.34,49.690000000000005,0.3143737634699477,0.06628238467173746
10.370000000000001,49.690000000000005,0.3064366492519504,0.05757795595828387
10.4,49.690000000000005,0.3017074172123973,0.05688421906214135
10.43,49.690000000000005,0.303618355863004,0.05755156721113299
10.46,49.690000000000005,0.31058242035517747,0.05885866396151246
10.49,49.690000000000005,0.3116933915352825,0.05030711641814845
10.52,49.690000000000005,0.3181763476248013,0.05503682868688801
10.55,49.690000000000005,0.29975907779917377,0.060407260840759334
10.58,49.690000000000005,0.2861323693958681,0.06775505010975014
10.61,49.690000000000005,0.2760976687844125,0.0756451051612284
10.64,49.690000000000005,0.28509438435005224,0.08399738748816148
10.67,49.690000000000005,0.31026849490353436,0.0952085517615145
10.7,49.690000000000005,0.3315889220001677,0.10773306517578142
10.73,49.690000000000005,0.3555669286515938,0.09644876044245436
10.76,49.690000000000005,0.3898113748156441,0.10409686239489298
10.790000000000001,49.690000000000005,0.3885155041071629,0.10854650680818043
10.82,49.690000000000005,0.3870799632883712,0.09671973497400176
10.85,49.690000000000005,0.4053134616294771,0.09782764137375301
10.88,49.690000000000005,0.3559555914644075,0.08815306336682413
10.91,49.690000000000005,0.34707470864191453,0.08094194520637826
10.940000000000001,49.690000000000005,0.36392219588056374,0.08851063097111646
10.97,49.690000000000005,0.3006496281446193,0.05873379103526003
11,49.690000000000005,0.27204342222802386,0.056902960276931105
11.030000000000001,49.690000000000005,0.29733245083877163,0.06044145281124298
11.06,49.690000000000005,0.37786166052466086,0.08851087862282393
11.09,49.690000000000005,0.2853787204302029,0.08866274373428759
11.120000000000001,49.690000000000005,0.5029195245515259,0.1207480932377727
11.15,49.690000000000005,0.5758252771779843,0.08005288698311151
11.18,49.690000000000005,0.4342259124300133,0.09996122201977245
11.21,49.690000000000005,0.2845565273110581,0.07890945074375338
11.24,49.690000000000005,0.3025801384281236,0.06632701693169081
11.27,49.690000000000005,0.2963087356514016,0.05689597710122031
11.3,49.690000000000005,0.3199410973712383,0.0700540047583889
11.33,49.690000000000005,0.3201260240979165,0.06666551119462229
11.36,49.690000000000005,0.3238252085562628,0.0772321017417725
11.39,49.690000000000005,0.34911608797861327,0.08715987650618605
11.42,49.690000000000005,0.34608801740110395,0.08800300303956828
11.45,49.690000000000005,0.30484266154203676,0.07582734857327937
11.48,49.690000000000005,0.2839320775339291,0.07123598574690548
11.51,49.690000000000005,0.27210308479338696,0.06798717944126165
11.54,49.690000000000005,0.266327037892477,0.06617548122440536
11.57,49.690000000000005,0.26211158171741605,0.064875568302242545
11.6,49.690000000000005,0.26636953438444116,0.06781298337258454
11.63,49.690000000000005,0.27654831994319207,0.069390728889765
11.66,49.690000000000005,0.2768257955979596,0.06921274099975043
11.690000000000001,49.690000000000005,0.260432718399477,0.06239079471343192
11.72,49.690000000000005,0.25032113467840095,0.05871170113055732
11.75,49.690000000000005,0.24275470472421706,0.05501574182907424
11.780000000000001,49.690000000000005,0.23516371916246886,0.05127269510247478
11.81,49.690000000000005,0.22474601078067463,0.04908285010037003
11.84,49.690000000000005,0.21897473019310698,0.04515224510556623
11.870000000000001,49.690000000000005,0.21406315438041895,0.04356157775899116
11.9,49.690000000000005,0.2064638429021847,0.04059071133816544
11.93,49.690000000000005,0.20475780339221306,0.037998956410298386
11.96,49.690000000000005,0.20661650411659438,0.03848253559776781
11.99,49.690000000000005,0.20728619323841155,0.038409305944878736
12.02,49.690000000000005,0.21906054975974132,0.04377815728070209
12.05,49.690000000000005,0.22474116077680767,0.04663520408845835
12.08,49.690000000000005,0.23120193213740692,0.04979182684547734
12.11,49.690000000000005,0.23339856276588264,0.05190735105050566
12.14,49.690000000000005,0.23394941203628833,0.04947458032561258
12.17,49.690000000000005,0.2384846735759313,0.042863851420998106
12.2,49.690000000000005,0.2367305439676963,0.04281106061454674
12.23,49.690000000000005,0.22995405024247342,0.04328396504069653
12.26,49.690000000000005,0.2221460078205162,0.04483523824036551
12.29,49.690000000000005,0.21975238364577387,0.044001230911322395
12.32,49.690000000000005,0.22005188971204875,0.04339305419150238
12.35,49.690000000000005,0.23398647726826438,0.04929004149014601
12.38,49.690000000000005,0.24949821816436785,0.054350851449608543
12.41,49.690000000000005,0.2519839437956618,0.05504245139229005
9.14,49.720000000000006,0.2506891102067643,0.05226009267394876
9.17,49.720000000000006,0.25745766816765436,0.054633139784461694
9.200000000000001,49.720000000000006,0.29741118231063135,0.06862755541354126
9.23,49.720000000000006,0.35023105047618674,0.10464727813117651
9.26,49.720000000000006,0.33543683087526177,0.10343287336550905
9.290000000000001,49.720000000000006,0.31598186908703513,0.09680413746525862
9.32,49.720000000000006,0.28661995019823444,0.07444893587586503
9.35,49.720000000000006,0.26354457695914923,0.060916633582539584
9.65,49.720000000000006,0.3509910893583637,0.07582112956729714
9.68,49.720000000000006,0.3419610768359409,0.07852306084599768
9.71,49.720000000000006,0.31717345621957865,0.06680595786419978
9.74,49.720000000000006,0.29844570287309924,0.057984582373087554
9.77,49.720000000000006,0.299247736345219,0.08034522807361436
9.8,49.720000000000006,0.286897190747632,0.06657800799507964
9.83,49.720000000000006,0.33478704088132744,0.1179043901231926
9.86,49.720000000000006,0.3206912437254456,0.07707753552105054
9.89,49.720000000000006,0.35031983407619927,0.07284945412736427
9.92,49.720000000000006,0.3370200600757706,0.0832787296244115
9.950000000000001,49.720000000000006,0.35773226712851136,0.07043828416565066
9.98,49.720000000000006,0.37331062946094823,0.07580162424996903
10.01,49.720000000000006,0.3262441011613349,0.06362106085291454
10.040000000000001,49.720000000000006,0.3129786810718724,0.055390439268358384
10.07,49.720000000000006,0.33256972984172545,0.06764137500075099
10.1,49.720000000000006,0.4061096838953999,0.08670065956337697
10.13,49.720000000000006,0.34818697434760454,0.05953033892195281
10.16,49.720000000000006,0.3374779801862807,0.06662340055077033
10.190000000000001,49.720000000000006,0.32671880337390813,0.06659452302580554
10.22,49.720000000000006,0.3721619113434553,0.07849225971252907
10.25,49.720000000000006,0.3741063010270293,0.06397761265784008
10.280000000000001,49.720000000000006,0.4313317822315884,0.12722033904558236
10.31,49.720000000000006,0.3507709820048376,0.06431490062383878
10.34,49.720000000000006,0.3245858110714727,0.061013705556203765
10.370000000000001,49.720000000000006,0.3214168590354508,0.06134222401852783
10.4,49.720000000000006,0.31938520235600665,0.0621684975570569
10.43,49.720000000000006,0.3142334856089462,0.06516892239307706
10.46,49.720000000000006,0.31591442792747254,0.0652684863741387
10.49,49.720000000000006,0.315546311815509,0.05853214324372241
10.52,49.720000000000006,0.31285265834349724,0.06046326403294086
10.55,49.720000000000006,0.2815187432763278,0.06101528932356071
10.58,49.720000000000006,0.27098663592152444,0.06215775002936613
10.61,49.720000000000006,0.263518431337145,0.06860577307742337
10.64,49.720000000000006,0.2736971245457914,0.0773509121385543
10.67,49.720000000000006,0.2829276667923087,0.07804291003495492
10.7,49.720000000000006,0.2981281938579847,0.08244228313562041
10.73,49.720000000000006,0.3139922589736451,0.0773961010421753
10.76,49.720000000000006,0.3485816099984549,0.08334466152328515
10.790000000000001,49.720000000000006,0.3589125642177888,0.08044947520705396
10.82,49.720000000000006,0.3658171914234595,0.09729809328365605
10.85,49.720000000000006,0.38130283178500873,0.08968936819910013
10.88,49.720000000000006,0.36577143470119233,0.08786134657433274
10.91,49.720000000000006,0.43918518511719196,0.1117628556230075
10.940000000000001,49.720000000000006,0.41303796495806155,0.14534948837320968
10.97,49.720000000000006,0.3039018635265628,0.06863756016039238
11,49.720000000000006,0.3123342443556396,0.09490260274451956
11.030000000000001,49.720000000000006,0.3020830293077538,0.05184393550904354
11.06,49.720000000000006,0.280958375274213,0.055164423090156185
11.09,49.720000000000006,0.2778107007344199,0.0885658038190911
11.120000000000001,49.720000000000006,0.5164119510529089,0.1133711765751755
11.15,49.720000000000006,0.626197867922072,0.031821286958685385
11.18,49.720000000000006,0.5246542461606383,0.12532427842054986
11.21,49.720000000000006,0.34823774618169134,0.0920459522313531
11.24,49.720000000000006,0.3214816960698714,0.09676913207575927
11.27,49.720000000000006,0.36180179315386335,0.10381775983989806
11.3,49.720000000000006,0.35337468143994705,0.07207388291387641
11.33,49.720000000000006,0.33711778611367116,0.0659907955450677
11.36,49.720000000000006,0.3313843926025434,0.07493763441680289
11.39,49.720000000000006,0.31423496031391385,0.07396121871317642
11.42,49.720000000000006,0.31497579469603154,0.08649109513078891
11.45,49.720000000000006,0.29270844226327475,0.07723084666162083
11.48,49.720000000000006,0.27955225523779464,0.0677198476096093
11.51,49.720000000000006,0.2690401056748772,0.062220086428950536
11.54,49.720000000000006,0.26787244251959313,0.061122245984480884
11.57,49.720000000000006,0.2727314723506677,0.06551310122588355
11.6,49.720000000000006,0.27313729606533116,0.06739878284185787
11.63,49.720000000000006,0.31600492683289205,0.09968868628778525
11.66,49.720000000000006,0.320429338258732,0.10554563929568457
11.690000000000001,49.720000000000006,0.27360583394613475,0.06934794955649326
11.72,49.720000000000006,0.2507732245498782,0.05850834804084483
11.75,49.720000000000006,0.2404433174685474,0.05518406219943378
11.780000000000001,49.720000000000006,0.23466379918718328,0.053310265320718524
11.81,49.720000000000006,0.2269720122693538,0.052399176176316474
11.84,49.720000000000006,0.21920727327923545,0.04639640456260269
11.870000000000001,49.720000000000006,0.21785527910207106,0.04350533334981171
11.9,49.720000000000006,0.2076879019700502,0.03987486369920859
11.93,49.720000000000006,0.2028718716732638,0.03966662707404276
11.96,49.720000000000006,0.20258364618754116,0.039310382255868366
11.99,49.720000000000006,0.20383914566913638,0.04034526150196421
12.02,49.720000000000006,0.20665522682426765,0.038775802989588985
12.05,49.720000000000006,0.21830754321767323,0.04333799904847955
12.08,49.720000000000006,0.2217707564140654,0.04278707234423874
12.11,49.720000000000006,0.22341952521656444,0.04380545174945072
12.14,49.720000000000006,0.22341689977954687,0.04173249923692995
12.17,49.720000000000006,0.22792731233834768,0.039701990434845846
12.2,49.720000000000006,0.22931958263351576,0.042947298593321775
12.23,49.720000000000006,0.22662907016228304,0.043645905392218985
12.26,49.720000000000006,0.22114075530711638,0.044665557760046194
12.29,49.720000000000006,0.21902303561977907,0.044169888313445684
12.32,49.720000000000006,0.21794661109248487,0.04325135294233974
12.35,49.720000000000006,0.22400886074468732,0.04809495973858099
12.38,49.720000000000006,0.23427275221013533,0.04919248692984154
9.14,49.75,0.2522274206563994,0.0505077800834551
9.17,49.75,0.2503163932977834,0.052287703850063934
9.200000000000001,49.75,0.26726208509136323,0.059101122687605506
9.23,49.75,0.289800769537761,0.06776503796630698
9.26,49.75,0.2975639259382358,0.0832313106779519
9.290000000000001,49.75,0.2929238313790731,0.08366932423597431
9.32,49.75,0.27665442463960455,0.06835044304951553
9.68,49.75,0.3934328378277979,0.1339863506661158
9.71,49.75,0.3626292101358057,0.09698104948663426
9.74,49.75,0.3212000519628896,0.06535007655349101
9.77,49.75,0.2941894973348651,0.05512809150806555
9.8,49.75,0.29303407664339737,0.07159824083825558
9.83,49.75,0.32402504620612177,0.0960073529505499
9.86,49.75,0.3315598920506531,0.09697566634957727
9.89,49.75,0.367515621406027,0.11314015689049392
9.92,49.75,0.41488661663159404,0.1241092945156738
9.950000000000001,49.75,0.39159026221705384,0.09738096849642791
9.98,49.75,0.4308745357691829,0.15039069889353704
10.01,49.75,0.31545230400215163,0.07428702092328637
10.040000000000001,49.75,0.335564792534481,0.05900632024327657
10.07,49.75,0.391130524661545,0.06500077776987821
10.1,49.75,0.4439609587451154,0.09061828285793826
10.13,49.75,0.43559468446248306,0.08341162177634952
10.16,49.75,0.549254033718358,0.13705324501675764
10.190000000000001,49.75,0.45250547938677993,0.10198658195695491
10.22,49.75,0.4199786296733423,0.07911059310224351
10.25,49.75,0.44382645682810695,0.08809433241355186
10.280000000000001,49.75,0.4298450216158432,0.08855826652704146
10.31,49.75,0.39383770651480643,0.07644477368561134
10.34,49.75,0.3575212623569371,0.06416939867364753
10.370000000000001,49.75,0.34787070952743165,0.060137007016001415
10.4,49.75,0.341842989958852,0.06068168071416828
10.43,49.75,0.32824392224258325,0.06665191352773797
10.46,49.75,0.32228283857924567,0.073068806584461
10.49,49.75,0.3025627529786329,0.06541644206943233
10.52,49.75,0.28814322340880744,0.0579382584084076
10.55,49.75,0.26277330919556074,0.055857450827618435
10.58,49.75,0.2536298075240034,0.05767441784045543
10.61,49.75,0.25017675514741095,0.06037942055822811
10.64,49.75,0.2568270102227428,0.06864076512810076
10.67,49.75,0.26450375945627846,0.06668521215659408
10.7,49.75,0.2855387630191378,0.07776923370987665
10.73,49.75,0.2986826227306752,0.07796015593238416
10.76,49.75,0.3142880396135691,0.08176462998634094
10.790000000000001,49.75,0.3186931433334169,0.08337070636308105
10.82,49.75,0.3218056217979214,0.08749147737326246
10.85,49.75,0.3368199935904115,0.08041003528123565
10.88,49.75,0.3467347950412199,0.08056576306429221
10.91,49.75,0.3640350221265517,0.09077812787649914
10.940000000000001,49.75,0.34215309670904986,0.08364387822963679
10.97,49.75,0.3724311781462902,0.11533017960949038
11,49.75,0.3708861776658017,0.07670177893398161
11.030000000000001,49.75,0.3870596445860898,0.060834653848034555
11.06,49.75,0.3587268427301382,0.07022657391891862
11.09,49.75,0.29036160855547055,0.07207342328337867
11.120000000000001,49.75,0.42473582660233045,0.1190086849748221
11.15,49.75,0.4551245474143914,0.13295105803629567
11.18,49.75,0.38410088038356405,0.11151528600716179
11.21,49.75,0.3928299596499824,0.1490172578107048
11.24,49.75,0.32269467826707904,0.08551536437131028
11.27,49.75,0.36531890868437883,0.08648015171721839
11.3,49.75,0.3764354483134394,0.07137686998455353
11.33,49.75,0.36490881417620047,0.08778747501278479
11.36,49.75,0.36224878123318,0.09429446278581027
11.39,49.75,0.3402277511650787,0.08154397438467234
11.42,49.75,0.3965122928737292,0.10287955126832357
11.45,49.75,0.317414700800522,0.0814487177197997
11.48,49.75,0.3007092273979256,0.07496821734958244
11.51,49.75,0.2926165708514651,0.06827997612276533
11.54,49.75,0.273889070949481,0.06368098997994927
11.57,49.75,0.2696040262463912,0.06012332103160805
11.6,49.75,0.2755200806091026,0.0683088188384364
11.63,49.75,0.3067824733961873,0.09186545303346898
11.66,49.75,0.3092609207129317,0.0965304429558543
11.690000000000001,49.75,0.27396550944467085,0.07235462188046869
11.72,49.75,0.24791709415703164,0.05851086263740322
11.75,49.75,0.23623279669815192,0.05586412992848649
11.780000000000001,49.75,0.2288109915317272,0.05329330383566973
11.81,49.75,0.22242943732412152,0.05063826395264827
11.84,49.75,0.21744019197568684,0.048495156156072125
11.870000000000001,49.75,0.21532056813243106,0.04748948034758372
11.9,49.75,0.20943480002912002,0.04445902288932129
11.93,49.75,0.20186184606502575,0.04014931215354768
11.96,49.75,0.19947919250735388,0.03909494524385771
11.99,49.75,0.20137767157721634,0.0390321361931192
12.02,49.75,0.20283039537162367,0.0384369023518306
12.05,49.75,0.20988462457021753,0.038706285780230325
12.08,49.75,0.21852174372300162,0.04135403870753678
12.11,49.75,0.2183432278164571,0.040689903242314106
12.14,49.75,0.2170033177547169,0.03903578813993649
12.17,49.75,0.21957507695894038,0.03819219230486569
12.2,49.75,0.22084990026963736,0.039900115301670244
12.23,49.75,0.22307397323475167,0.04459822781906253
12.26,49.75,0.22024760325088022,0.045381884912481914
12.29,49.75,0.21863370227092932,0.04418391192950284
12.32,49.75,0.21748823106337598,0.0435017751410064
12.35,49.75,0.21874955539479196,0.043824177952800344
12.38,49.75,0.22535656850319138,0.048677716063441484
9.14,49.78,0.27314554988863576,0.056995905275485564
9.17,49.78,0.26427349906869674,0.0553554138549849
9.200000000000001,49.78,0.2638359110801201,0.058405756862851994
9.23,49.78,0.2686459992091343,0.05963086577608624
9.26,49.78,0.2879261869434825,0.07557826616389947
9.290000000000001,49.78,0.28122206790877446,0.07341531257904498
9.32,49.78,0.2682676988299915,0.061892708296161406
9.56,49.78,0.29496250657312667,0.05294985070756139
9.59,49.78,0.30128170870072357,0.05559052710800212
9.620000000000001,49.78,0.31875749916559404,0.06383924936897302
9.68,49.78,0.3641351494458317,0.09832117093395029
9.71,49.78,0.3472953021294815,0.07992529425712276
9.74,49.78,0.33314402311297503,0.06989081647252592
9.77,49.78,0.34611623771093064,0.0942560189821099
9.8,49.78,0.30996162177108694,0.07099159829496356
9.83,49.78,0.3254696160171052,0.092253591232425
9.86,49.78,0.35710061015919903,0.11021889785101076
9.89,49.78,0.463637363749241,0.13475814160381372
9.92,49.78,0.6609866144540771,0.09133523641735598
9.950000000000001,49.78,0.5202458172733503,0.12012516522423858
9.98,49.78,0.4018865372213512,0.12478679925355145
10.01,49.78,0.3379238758461613,0.07555782771559867
10.040000000000001,49.78,0.3667664652426565,0.06124228238382853
10.07,49.78,0.37758273018888683,0.057858485967031845
10.1,49.78,0.428532844827215,0.07144486896933892
10.13,49.78,0.47017269912734005,0.07978399919703015
10.16,49.78,0.5054669349442027,0.07931079860637492
10.190000000000001,49.78,0.49595975603221754,0.08959630000298169
10.22,49.78,0.42481966480321814,0.07311444261556967
10.25,49.78,0.4284921917484005,0.07763428628251579
10.280000000000001,49.78,0.47800573180444145,0.11330509427958778
10.31,49.78,0.42597561667655043,0.07505908862857821
10.34,49.78,0.3770781601992892,0.061428805158668505
10.370000000000001,49.78,0.36300442664607724,0.058807977960538896
10.4,49.78,0.36048834578143985,0.06076297285084707
10.43,49.78,0.34478017353893425,0.06641824940888737
10.46,49.78,0.31768308383950444,0.0730624937060407
10.49,49.78,0.2876702399581261,0.06572735419820999
10.52,49.78,0.27678730645339916,0.06055211639107667
10.55,49.78,0.26010494774178455,0.05236701893310092
10.58,49.78,0.24713344727208517,0.048606679385103845
10.61,49.78,0.24251727113853253,0.05044603181719731
10.64,49.78,0.24617237401070002,0.05707185800084813
10.67,49.78,0.2579118798594114,0.062145847695963354
10.7,49.78,0.28152040099937276,0.0721400296765535
10.73,49.78,0.3024650562664823,0.08047442187619176
10.76,49.78,0.32379647181730786,0.08866325718059938
10.790000000000001,49.78,0.33164136042366454,0.08870416652566726
10.82,49.78,0.3322766957271684,0.08404374106702346
10.85,49.78,0.3463302564291074,0.07745814166982286
10.88,49.78,0.37737347868228543,0.08280758001218719
10.91,49.78,0.37367239778783634,0.10144163675681786
10.940000000000001,49.78,0.40139214333179557,0.1031253334695515
10.97,49.78,0.3364853670330436,0.06723823743162424
11,49.78,0.3670527011963655,0.05798035202571059
11.030000000000001,49.78,0.4374770582366329,0.060006679775866434
11.06,49.78,0.36239895487780033,0.08267734560317246
11.09,49.78,0.2847039969582717,0.09734504822178704
11.120000000000001,49.78,0.2586988546727179,0.08475252677776896
11.15,49.78,0.3308747397345674,0.0958780725745734
11.18,49.78,0.35273711170103683,0.08372550570360446
11.21,49.78,0.316437483815069,0.07943780240510648
11.24,49.78,0.31653608832317065,0.07545461070684313
11.27,49.78,0.3840250973371389,0.10409572802105502
11.3,49.78,0.46535201976553314,0.13750051709824193
11.33,49.78,0.38779964031123815,0.12545694306021896
11.36,49.78,0.36012990991102173,0.09499893328212008
11.39,49.78,0.4097639947796204,0.10703310938539107
11.42,49.78,0.3586614187711901,0.0834210230712588
11.45,49.78,0.31900815384274045,0.08352135485451807
11.48,49.78,0.3326084362875962,0.08600200192227514
11.51,49.78,0.3348003813039665,0.08973889209901317
11.54,49.78,0.2877248181316188,0.0749075078361366
11.57,49.78,0.2607859916446451,0.060657597002550814
11.6,49.78,0.2590969255122977,0.06072071669229301
11.63,49.78,0.26726590834403885,0.06941276531546602
11.66,49.78,0.26784943970720754,0.07070549060829993
11.690000000000001,49.78,0.25111786295287,0.06310424442241651
11.72,49.78,0.2360322013410756,0.05609778602470023
11.75,49.78,0.22694275833224647,0.053077963882660104
11.780000000000001,49.78,0.22027099961798002,0.04852380004202199
11.81,49.78,0.21728800911563853,0.04791205179733267
11.84,49.78,0.2143861130465195,0.04950825670912027
11.870000000000001,49.78,0.2121158583655751,0.047520324265791766
11.9,49.78,0.20626158048663903,0.04642259531611626
11.93,49.78,0.19998866609492794,0.04491138798067856
11.96,49.78,0.19996408798377474,0.0423457056993678
11.99,49.78,0.1988906642224706,0.03888128848490155
12.02,49.78,0.19929100229259267,0.03935061340145078
12.05,49.78,0.20282271942193456,0.03844871990557167
12.08,49.78,0.21296712673388635,0.04351563331366051
12.11,49.78,0.21641840438838522,0.043375951376433006
12.14,49.78,0.2144262787949844,0.03819006583163146
12.17,49.78,0.2153006232052651,0.037699459966641646
12.2,49.78,0.2154540242447219,0.0369175800963146
12.23,49.78,0.21755162471857054,0.04126971758908126
12.26,49.78,0.2186771011842513,0.04574149549468771
12.29,49.78,0.21795189975456492,0.04454608145465341
12.32,49.78,0.21798608609660394,0.0439161329194203
12.35,49.78,0.21826398005599762,0.044069901083784786
12.38,49.78,0.22320806155143133,0.048123555287768335
12.41,49.78,0.2317170163887554,0.04986135854982855
12.440000000000001,49.78,0.23568239698037488,0.04853167546362309
9.110000000000001,49.81,0.28767105757658606,0.057174104537944276
9.14,49.81,0.3172368325032646,0.08441123580355944
9.17,49.81,0.3005143177459134,0.07617463183438071
9.200000000000001,49.81,0.30449683911694186,0.09622705578721967
9.23,49.81,0.2846774158263779,0.067379615244771
9.26,49.81,0.308064179016389,0.09455128282618414
9.290000000000001,49.81,0.2789524912540994,0.06612595792362673
9.32,49.81,0.26372710909817637,0.05703708287403137
9.35,49.81,0.25199964718827206,0.051097569216361605
9.38,49.81,0.2395605666737083,0.0498333723462104
9.41,49.81,0.23521447084444955,0.04943780112641928
9.440000000000001,49.81,0.23862056936274026,0.04924377854683003
9.47,49.81,0.2532514020528483,0.052520163925825175
9.5,49.81,0.28564531112060704,0.06312617771223689
9.530000000000001,49.81,0.3103633239475305,0.07669857707880211
9.56,49.81,0.30974421773960087,0.0628578890991264
9.59,49.81,0.3051845642595205,0.05691686969206564
9.620000000000001,49.81,0.31775402072147363,0.06055554921899557
9.65,49.81,0.32523712441475433,0.060227138656527686
9.68,49.81,0.3184156093763464,0.05951134735580133
9.71,49.81,0.3134388498695727,0.06519619287377171
9.74,49.81,0.3358269758988729,0.1061948898705182
9.77,49.81,0.3188825414275301,0.07789561997917303
9.8,49.81,0.30787697487641963,0.06451777209825997
9.83,49.81,0.33685571893401506,0.08154576046459032
9.86,49.81,0.3715116902457372,0.1104308938032134
9.89,49.81,0.47211920739800867,0.13142189214364244
9.92,49.81,0.5885466685047233,0.11018247361342719
9.950000000000001,49.81,0.4939262824552938,0.12169893639149591
9.98,49.81,0.3578727181458595,0.07378453121738646
10.01,49.81,0.4141143771707377,0.11225005755345614
10.040000000000001,49.81,0.3418310976830262,0.06616505457579794
10.07,49.81,0.43360826651202605,0.07095403809789642
10.1,49.81,0.46641327765733276,0.1195577495558724
10.13,49.81,0.4279879183077352,0.08069999341866606
10.16,49.81,0.5107444584020856,0.12106037117115337
10.190000000000001,49.81,0.45163424248919765,0.08274782589113094
10.22,49.81,0.42338345755464984,0.0970097239017559
10.25,49.81,0.46211980012195036,0.14076369698341878
10.280000000000001,49.81,0.3797367931849905,0.07527143151545286
10.31,49.81,0.40266222906277294,0.0738635908081691
10.34,49.81,0.3825862193796577,0.06044142144843159
10.370000000000001,49.81,0.37587024415949233,0.05827543263028067
10.4,49.81,0.36283268396012347,0.060822571649833006
10.43,49.81,0.3489697475779993,0.06093383485286479
10.46,49.81,0.3102379845736888,0.06453604997514482
10.49,49.81,0.28985092472712726,0.06654695007859167
10.52,49.81,0.2809499859431897,0.06255399575629622
10.55,49.81,0.2687308918233421,0.05906554885245363
10.58,49.81,0.25130211600854346,0.04781202218945068
10.61,49.81,0.24183539818199223,0.04723428167576457
10.64,49.81,0.24231425979925475,0.05163087666375703
10.67,49.81,0.25782789090999575,0.058481029019653005
10.7,49.81,0.284528610749242,0.06927205239982576
10.73,49.81,0.32602551922631073,0.09029821311899804
10.76,49.81,0.369308614979126,0.10963769166819433
10.790000000000001,49.81,0.39591105162030765,0.10888447137810241
10.82,49.81,0.36336981728516293,0.08203328523825451
10.85,49.81,0.36854036060889356,0.07822997045223976
10.88,49.81,0.38256828644990526,0.08385245167000929
10.91,49.81,0.40466868262632455,0.10849851906069108
10.940000000000001,49.81,0.47966660565722163,0.13184657087365148
10.97,49.81,0.40123511523950645,0.08112187047004756
11,49.81,0.3757540881076612,0.07251629505369539
11.030000000000001,49.81,0.3431461104067499,0.05085257336403503
11.06,49.81,0.32427777052763657,0.07228784771059527
11.09,49.81,0.22655890377669613,0.06211426366141551
11.120000000000001,49.81,0.2511909311314171,0.1090128045330138
11.15,49.81,0.2545753921559538,0.06204308392065282
11.18,49.81,0.350822412783563,0.12421173272959038
11.21,49.81,0.35125520389139553,0.10803119082337664
11.24,49.81,0.35601638415198655,0.11288916803713875
11.27,49.81,0.34342942761066,0.10015606393034765
11.3,49.81,0.3952541940108259,0.12581561602591843
11.33,49.81,0.4219367783739059,0.14520968990970287
11.36,49.81,0.32978473322873925,0.08710649240655041
11.39,49.81,0.32191475853572515,0.08406119447845006
11.42,49.81,0.32634833792781687,0.10084988818688229
11.45,49.81,0.293653830394076,0.06354390056588202
11.48,49.81,0.31122407832798954,0.07066892182016266
11.51,49.81,0.31311447790797087,0.0766074710177974
11.54,49.81,0.2751192613366839,0.06411978080036158
11.57,49.81,0.24071604778653577,0.05420505247121795
11.6,49.81,0.22937900501737218,0.05448071538436245
11.63,49.81,0.23321019141295274,0.05907028305813065
11.66,49.81,0.23410229598986262,0.05962683446684
11.690000000000001,49.81,0.22852817759929775,0.05566488565763925
11.72,49.81,0.222561160338841,0.051514808978217995
11.75,49.81,0.21872182470198956,0.049898348528274065
11.780000000000001,49.81,0.21526599865926727,0.04598725355736762
11.81,49.81,0.21372086938249943,0.046963453448522846
11.84,49.81,0.21211282845003518,0.05341952357202381
11.870000000000001,49.81,0.20913477090537494,0.052584075436335226
11.9,49.81,0.2029038192790051,0.047137110247073594
11.93,49.81,0.198999551611179,0.045186032133659
11.96,49.81,0.19930244716362863,0.04428052913189281
11.99,49.81,0.19703293254769258,0.039868677784239324
12.02,49.81,0.19646109807027046,0.03970285574948403
12.05,49.81,0.20035737147424637,0.037873411477330914
12.08,49.81,0.20599039270452196,0.04124870691439657
12.11,49.81,0.21208662084689972,0.039463588697909203
12.14,49.81,0.21306994689062736,0.038102593023891136
12.17,49.81,0.2124493627585403,0.037299010188279004
12.2,49.81,0.2128127628027191,0.03690594387662735
12.23,49.81,0.21420699507749694,0.03746148198705193
12.26,49.81,0.2142552084461039,0.04273167384291533
12.29,49.81,0.21785240026769723,0.044979985334330695
12.32,49.81,0.21728884105248256,0.043302870322095476
12.35,49.81,0.21833253147081177,0.04445859442518113
12.38,49.81,0.22083861722695045,0.04566662531140541
12.41,49.81,0.22331048304789144,0.04798512589255616
12.440000000000001,49.81,0.23275167531105515,0.04902325072858513
9.08,49.84,0.339515123358951,0.07152064645590955
9.110000000000001,49.84,0.3018736548659142,0.06342521611478011
9.14,49.84,0.3202325852168486,0.06665007253113382
9.17,49.84,0.28582286882217967,0.06231699637811602
9.200000000000001,49.84,0.2877624583660076,0.07360161716869956
9.23,49.84,0.29583177641938974,0.07864142472997189
9.26,49.84,0.2813994787907961,0.06801344888907601
9.290000000000001,49.84,0.27218056991300243,0.06032385383137518
9.32,49.84,0.26198857246807356,0.05505583856086319
9.35,49.84,0.24984964905051593,0.04914743045432357
9.38,49.84,0.23923780017750312,0.04834167044428657
9.41,49.84,0.23315369367062538,0.04854431145672084
9.440000000000001,49.84,0.23702431371013505,0.04704053333514635
9.47,49.84,0.25564166205547334,0.05275120798434682
9.5,49.84,0.2819755606556363,0.05873209739805815
9.530000000000001,49.84,0.303721599830703,0.07066200093112932
9.56,49.84,0.30479985574178975,0.06193199165635984
9.59,49.84,0.32015144623240255,0.06788166134381014
9.620000000000001,49.84,0.3492241195916308,0.07821057075474844
9.65,49.84,0.3615669372070771,0.09419588128377039
9.68,49.84,0.32578992101572546,0.07753926430995506
9.71,49.84,0.3027453644534989,0.07261645278129703
9.74,49.84,0.2963898952709539,0.06713110283268371
9.77,49.84,0.3039708185884136,0.07251489006353466
9.8,49.84,0.32360022169926955,0.08615636958336433
9.83,49.84,0.3257048898365285,0.08097789203789402
9.86,49.84,0.36788026025917975,0.11201599390859583
9.89,49.84,0.3935971142446457,0.11582442131254406
9.92,49.84,0.40828529452305856,0.12650925850941372
9.950000000000001,49.84,0.4207455077801011,0.11941791920499892
9.98,49.84,0.3272985929974783,0.06188910808929386
10.01,49.84,0.3641833625432963,0.05827530634068139
10.040000000000001,49.84,0.36698855661805113,0.07059342483639841
10.07,49.84,0.44023363107038255,0.07517112523368222
10.1,49.84,0.43749178486179857,0.07026426921319465
10.13,49.84,0.41921446612441826,0.09178263993660991
10.16,49.84,0.3790055943722291,0.07909635174041826
10.190000000000001,49.84,0.3702412080764535,0.05881418314349255
10.22,49.84,0.36048892687372236,0.05958474455951466
10.25,49.84,0.4032174962464338,0.07354398597726722
10.280000000000001,49.84,0.3685088005363537,0.06246252445897895
10.31,49.84,0.3854941479652286,0.06552460378931277
10.34,49.84,0.39233647592946697,0.059417743076941
10.370000000000001,49.84,0.3867975204748452,0.054616205905874654
10.4,49.84,0.37962893947771786,0.06732184933742352
10.43,49.84,0.34991080064370483,0.06313009768999832
10.46,49.84,0.31364362759328085,0.06314206733615432
10.49,49.84,0.2951821831057923,0.06609567359917781
10.52,49.84,0.2849431214748514,0.06360768684055819
10.55,49.84,0.2724588249795911,0.05775216981675046
10.58,49.84,0.2594879834973947,0.051448619882928384
10.61,49.84,0.2485397371336006,0.045439194458980016
10.64,49.84,0.24572843705586345,0.0478628640617404
10.67,49.84,0.25936698866973684,0.05737828007273635
10.7,49.84,0.2882115544360666,0.07206354994289021
10.73,49.84,0.32354460805739743,0.08586529266499983
10.76,49.84,0.37392561971089294,0.10879154332766093
10.790000000000001,49.84,0.40075206884431896,0.11031791219649119
10.82,49.84,0.37747466483387715,0.08395620902012463
10.85,49.84,0.3815936479476171,0.0855726281509129
10.88,49.84,0.384475278493487,0.08174137329680899
10.91,49.84,0.3913524303424849,0.08519695144360553
10.940000000000001,49.84,0.505400254240101,0.1525993233410445
10.97,49.84,0.4265096457518857,0.07098819032091834
11,49.84,0.3743015627206468,0.08057430097705304
11.030000000000001,49.84,0.30370011411684317,0.06889336643722511
11.06,49.84,0.2623598571032431,0.06287021500065781
11.09,49.84,0.23599391468242367,0.09560344990008433
11.120000000000001,49.84,0.2769975900121536,0.09475797412506136
11.15,49.84,0.2573173398068288,0.06577622929116776
11.18,49.84,0.3037876221119724,0.12280256162635678
11.21,49.84,0.2867982250105892,0.11947946684189992
11.24,49.84,0.2640924389000072,0.0915530777990855
11.27,49.84,0.27870891955631266,0.0742818416458576
11.3,49.84,0.31938244846382946,0.08686924919078558
11.33,49.84,0.3901699849412205,0.1331766233205225
11.36,49.84,0.34885300532545716,0.10335192517761257
11.39,49.84,0.3070266034600828,0.07473459411694627
11.42,49.84,0.29338430501043083,0.07512114116371753
11.45,49.84,0.2732917352922793,0.061266042340261215
11.48,49.84,0.26620920436358964,0.05660926155764476
11.51,49.84,0.2586690412538258,0.055941746795174926
11.54,49.84,0.23682401086570726,0.054221037295443066
11.57,49.84,0.21536219236894127,0.04902271153851784
11.6,49.84,0.2059214878545049,0.0461989685475077
11.63,49.84,0.2061531907060814,0.04890530416066041
11.66,49.84,0.21133376186813924,0.050952361496319695
11.690000000000001,49.84,0.20990145482226708,0.047569494414773573
11.72,49.84,0.21065901044996763,0.04595242078598322
11.75,49.84,0.2100821705928948,0.043861047364012376
11.780000000000001,49.84,0.21030848578889727,0.04229393129546653
11.81,49.84,0.21041194751820114,0.0454998822625229
11.84,49.84,0.20918822386745325,0.050961336754817455
11.870000000000001,49.84,0.20452202229745642,0.049686564049867966
11.9,49.84,0.19960431221542452,0.04441477243486227
11.93,49.84,0.19408279011519053,0.03898623794846245
11.96,49.84,0.1937907203156384,0.03757421515713345
11.99,49.84,0.1907521756134957,0.032425057259879514
12.02,49.84,0.19109165784482923,0.033912190809227596
12.05,49.84,0.1936480234185604,0.034909736422492246
12.08,49.84,0.1972959162236966,0.03792614739153158
12.11,49.84,0.20557213645314099,0.03787530836961854
12.14,49.84,0.20982159836669656,0.036262558949006554
12.17,49.84,0.21107472525141546,0.03733184000660605
12.2,49.84,0.21051668997733217,0.036782455251910026
12.23,49.84,0.21260655433019315,0.03778975749585112
12.26,49.84,0.21161989666381378,0.03915029008534565
12.29,49.84,0.21458343636985275,0.04420379475834654
12.32,49.84,0.21768623332162287,0.04391074082774943
12.35,49.84,0.2175269850367578,0.04497642808288132
12.38,49.84,0.21909539291522043,0.04487023706282288
12.41,49.84,0.22163892482617656,0.04750592913605968
12.440000000000001,49.84,0.22431991995333572,0.04868925398607353
12.47,49.84,0.23461866563828468,0.048742449613483105
9.05,49.870000000000005,0.36919376574864166,0.09206324279813123
9.08,49.870000000000005,0.3899207889019111,0.08847205791074046
9.110000000000001,49.870000000000005,0.32947763108210415,0.08195937895234545
9.14,49.870000000000005,0.28496172746861637,0.05949009412927557
9.17,49.870000000000005,0.32135182513107124,0.12309091406742143
9.200000000000001,49.870000000000005,0.3034814037234308,0.074552437037970265
9.23,49.870000000000005,0.31537370566243345,0.09463388803004999
9.26,49.870000000000005,0.28936866520644045,0.0722293607448793
9.290000000000001,49.870000000000005,0.27368637601146045,0.06097826540549133
9.32,49.870000000000005,0.2625474370573298,0.054897432502214454
9.35,49.870000000000005,0.24872238295330262,0.04797198498606044
9.38,49.870000000000005,0.23816703938495978,0.047810447230394466
9.41,49.870000000000005,0.23347687437952147,0.048303205954927826
9.440000000000001,49.870000000000005,0.23476754978053146,0.046388597139719275
9.47,49.870000000000005,0.2574802249102285,0.05597820600588556
9.5,49.870000000000005,0.27698267791046394,0.056011992937724665
9.530000000000001,49.870000000000005,0.2892667370866285,0.06005052424880662
9.56,49.870000000000005,0.30351945813945524,0.06722432994619164
9.59,49.870000000000005,0.3409337104526042,0.08771161604320854
9.620000000000001,49.870000000000005,0.42125759191900986,0.12938557296594133
9.65,49.870000000000005,0.41050638833068065,0.10149641095921434
9.68,49.870000000000005,0.32217509895524216,0.0776014558622675
9.71,49.870000000000005,0.30742229985018193,0.07009575775752243
9.74,49.870000000000005,0.28944343562692715,0.050728608293633244
9.77,49.870000000000005,0.31467074185168875,0.06326683535942056
9.8,49.870000000000005,0.38564937925506243,0.0899473491391602
9.83,49.870000000000005,0.34544477472987223,0.08454742684756546
9.86,49.870000000000005,0.33207940803430114,0.07242710228590996
9.89,49.870000000000005,0.3921218169732257,0.08618835579423303
9.92,49.870000000000005,0.4094960830489112,0.0910588460844167
9.950000000000001,49.870000000000005,0.29870718371141636,0.05692327201669264
9.98,49.870000000000005,0.3481720091566406,0.0590563530989709
10.01,49.870000000000005,0.431895419908828,0.04777470494123518
10.040000000000001,49.870000000000005,0.5012770733213903,0.0563056632067165
10.07,49.870000000000005,0.6196958023604505,0.05100861527869499
10.1,49.870000000000005,0.48123490680495856,0.08151455942833907
10.13,49.870000000000005,0.42822825026444755,0.09674405363860969
10.16,49.870000000000005,0.36643413867461305,0.06768798544753912
10.190000000000001,49.870000000000005,0.4403521360173508,0.07828771584077274
10.22,49.870000000000005,0.372667141658629,0.08428736923430781
10.25,49.870000000000005,0.3952828222762677,0.072416164983231
10.280000000000001,49.870000000000005,0.42181615728276267,0.07861275630957591
10.31,49.870000000000005,0.4002446254169877,0.06839894051023288
10.34,49.870000000000005,0.4458447716192236,0.09123573537402861
10.370000000000001,49.870000000000005,0.4001480814581514,0.06695751900624908
10.4,49.870000000000005,0.38642183193588436,0.07955494070268508
10.43,49.870000000000005,0.3393124228872992,0.06349068120943194
10.46,49.870000000000005,0.307494093380407,0.060398206331663935
10.49,49.870000000000005,0.2926793807217238,0.06087616805231849
10.52,49.870000000000005,0.2860673122053915,0.05887090121104047
10.55,49.870000000000005,0.2771568078887751,0.055878354392664385
10.58,49.870000000000005,0.26446059583591847,0.05000488532778464
10.61,49.870000000000005,0.25224426891843904,0.04406408466560872
10.64,49.870000000000005,0.25011250125414763,0.048088719891359655
10.67,49.870000000000005,0.2589820848882926,0.056292573323719036
10.7,49.870000000000005,0.2861485797306702,0.07111357112386595
10.73,49.870000000000005,0.31576781923405794,0.0773835999835354
10.76,49.870000000000005,0.34572949859999086,0.08398936214584242
10.790000000000001,49.870000000000005,0.3548939834587263,0.07960613341659913
10.82,49.870000000000005,0.36390688718660635,0.08399551051566158
10.85,49.870000000000005,0.3836507843463666,0.10689661627680729
10.88,49.870000000000005,0.3819632581064665,0.09027094456584525
10.91,49.870000000000005,0.38934669670674166,0.08214085962423393
10.940000000000001,49.870000000000005,0.3857964670848428,0.08707345638069623
10.97,49.870000000000005,0.35090262166446035,0.07589189659618714
11,49.870000000000005,0.31539746366469473,0.06825761309353731
11.030000000000001,49.870000000000005,0.2837162369837526,0.07658507157611723
11.06,49.870000000000005,0.21261949905924288,0.04605692165366875
11.09,49.870000000000005,0.25515600345563794,0.0728612892892916
11.120000000000001,49.870000000000005,0.2872773679364954,0.07160355579847624
11.15,49.870000000000005,0.348341098629953,0.10913364345895764
11.18,49.870000000000005,0.2409222781227721,0.08199427394743605
11.21,49.870000000000005,0.26341953608311297,0.06562781225413385
11.24,49.870000000000005,0.22769564768900102,0.06590594566269047
11.27,49.870000000000005,0.24467028039542127,0.07171389912830595
11.3,49.870000000000005,0.25868726507185125,0.07468326963333083
11.33,49.870000000000005,0.3380835438088649,0.13847160299262498
11.36,49.870000000000005,0.3346728335393639,0.09447349014365104
11.39,49.870000000000005,0.30736137022231474,0.07039493146395137
11.42,49.870000000000005,0.2863134809713439,0.067363025987158
11.45,49.870000000000005,0.26710138272441725,0.05912506157698794
11.48,49.870000000000005,0.2657377443579635,0.05141479936583724
11.51,49.870000000000005,0.2567958434031837,0.052560077059457054
11.54,49.870000000000005,0.2317978918427925,0.0569520737346626
11.57,49.870000000000005,0.21019935402560985,0.052041814537777294
11.6,49.870000000000005,0.19609484894568677,0.04747521412110925
11.63,49.870000000000005,0.19782820994972034,0.04905101263821545
11.66,49.870000000000005,0.2017034038748279,0.051464531702935405
11.690000000000001,49.870000000000005,0.2060277214740315,0.049515678033933606
11.72,49.870000000000005,0.20503943193937363,0.04577450231666576
11.75,49.870000000000005,0.2038656776739812,0.04247127075934182
11.780000000000001,49.870000000000005,0.20448192953247918,0.04122172712281817
11.81,49.870000000000005,0.20584779047856244,0.042614768498803156
11.84,49.870000000000005,0.20512076903390192,0.04620221220896969
11.870000000000001,49.870000000000005,0.20059797841267332,0.0446527833760395
11.9,49.870000000000005,0.19501750479572016,0.04219323369280783
11.93,49.870000000000005,0.19030057085907726,0.038631145893619157
11.96,49.870000000000005,0.18730685871823347,0.03628111774430238
11.99,49.870000000000005,0.18656868547222205,0.03208053836267306
12.02,49.870000000000005,0.18803559187688534,0.032739670307701
12.05,49.870000000000005,0.1886304491829902,0.033330192861251336
12.08,49.870000000000005,0.19044624829193346,0.03371776518332263
12.11,49.870000000000005,0.1980294878205389,0.03657991316598093
12.14,49.870000000000005,0.2049442744163479,0.035472222021083875
12.17,49.870000000000005,0.20731249957061487,0.03560765959841757
12.2,49.870000000000005,0.20814029909746162,0.03603023582137283
12.23,49.870000000000005,0.21045782716555808,0.03731134652602091
12.26,49.870000000000005,0.21054973025362944,0.03933623167273938
12.29,49.870000000000005,0.21147535518841803,0.03918545583046862
12.32,49.870000000000005,0.21559111651411328,0.04367558886507421
12.35,49.870000000000005,0.21718754798820228,0.04466539425964309
12.38,49.870000000000005,0.21813754728081797,0.044748750631724635
12.41,49.870000000000005,0.22223866988002486,0.04727076032755447
12.440000000000001,49.870000000000005,0.2228664187278526,0.047866278639347254
12.47,49.870000000000005,0.2307432168693799,0.05033858894182401
12.5,49.870000000000005,0.23633705784775802,0.04932735451284516
9.05,49.900000000000006,0.48112867320464686,0.1376648637314491
9.08,49.900000000000006,0.3961475852145988,0.08910529848116816
9.110000000000001,49.900000000000006,0.3228486492613769,0.07061837020577978
9.14,49.900000000000006,0.3389146037942838,0.11143850825287085
9.17,49.900000000000006,0.31252909915026367,0.07320901330768854
9.200000000000001,49.900000000000006,0.358199196841313,0.10698457084032664
9.23,49.900000000000006,0.34744039927895803,0.11289499789812553
9.26,49.900000000000006,0.3019335343079186,0.0770350048579875
9.290000000000001,49.900000000000006,0.27953429479535635,0.06351781244936691
9.32,49.900000000000006,0.2660282697909253,0.0558640521038207
9.35,49.900000000000006,0.24962654886743896,0.0502090645623291
9.38,49.900000000000006,0.23644183130059238,0.047245292129632445
9.41,49.900000000000006,0.2297843064775595,0.045482604064554066
9.440000000000001,49.900000000000006,0.23289749160848128,0.04542090868655438
9.47,49.900000000000006,0.2624148727050872,0.05997754729276888
9.5,49.900000000000006,0.27663717341482413,0.057901286442216385
9.530000000000001,49.900000000000006,0.28479660672525764,0.06175520224389586
9.56,49.900000000000006,0.2973896015503351,0.0682431730187026
9.59,49.900000000000006,0.32570290872197916,0.08144092593768017
9.620000000000001,49.900000000000006,0.39030065568387556,0.10327826579953091
9.65,49.900000000000006,0.40697793148047146,0.1126101596004793
9.68,49.900000000000006,0.37317505052605693,0.13465718049969894
9.71,49.900000000000006,0.2841470385232208,0.0620247948844311
9.74,49.900000000000006,0.30244795352979087,0.0590577285436163
9.77,49.900000000000006,0.34500532940616163,0.06912131622874602
9.8,49.900000000000006,0.4282845351671936,0.12934774222750645
9.83,49.900000000000006,0.35429111551664566,0.08349431022384853
9.86,49.900000000000006,0.3892058187353601,0.1529676036800953
9.89,49.900000000000006,0.34422504378541113,0.08498269059023375
9.92,49.900000000000006,0.3009594658384767,0.07289379525501348
9.950000000000001,49.900000000000006,0.2801149847089671,0.05402148487017855
9.98,49.900000000000006,0.3364110533819351,0.05370104544281148
10.01,49.900000000000006,0.3907880941468259,0.07032685157874312
10.040000000000001,49.900000000000006,0.4298571960242628,0.060885092765342444
10.07,49.900000000000006,0.45404205626516847,0.08397355681919966
10.1,49.900000000000006,0.40576097064510663,0.0632174061383292
10.13,49.900000000000006,0.3466820112866536,0.06636252705571181
10.16,49.900000000000006,0.33205008073854153,0.06294351352026464
10.190000000000001,49.900000000000006,0.3612171093688167,0.07724339484087117
10.22,49.900000000000006,0.42425610449432366,0.09939148485267946
10.25,49.900000000000006,0.46344913799486237,0.12169946945139387
10.280000000000001,49.900000000000006,0.4967051569376845,0.08622108163112588
10.31,49.900000000000006,0.45316518091154634,0.06618402446769787
10.34,49.900000000000006,0.48820148939420904,0.12347783293526399
10.370000000000001,49.900000000000006,0.4031411895047085,0.08423332192805313
10.4,49.900000000000006,0.35562193841411094,0.06462815740278403
10.43,49.900000000000006,0.32789233216138897,0.060799509806792926
10.46,49.900000000000006,0.32036422414119675,0.07819447267657467
10.49,49.900000000000006,0.2924556200030385,0.06063968508834281
10.52,49.900000000000006,0.29105350047293366,0.05643001814173086
10.55,49.900000000000006,0.28383544850692516,0.04963424725732909
10.58,49.900000000000006,0.2710277233029614,0.04603884551540591
10.61,49.900000000000006,0.25511147765310777,0.04199177514514959
10.64,49.900000000000006,0.25480093129092996,0.04914337139984508
10.67,49.900000000000006,0.2636119384986545,0.057342104006959715
10.7,49.900000000000006,0.28221429480682314,0.07275620746088166
10.73,49.900000000000006,0.30997712711038095,0.08638715961389846
10.76,49.900000000000006,0.3475763376903965,0.10534760628383227
10.790000000000001,49.900000000000006,0.35253310054289255,0.08790568581308911
10.82,49.900000000000006,0.3561648834746481,0.08919853759725091
10.85,49.900000000000006,0.37942840964034075,0.10042733389285934
10.88,49.900000000000006,0.3955209373679212,0.09711481792384886
10.91,49.900000000000006,0.3826805273299821,0.08147873946554499
10.940000000000001,49.900000000000006,0.34453054402233624,0.06603187191378314
10.97,49.900000000000006,0.31059510902473064,0.06356770819063107
11,49.900000000000006,0.3294459679915964,0.0844549820300313
11.030000000000001,49.900000000000006,0.2938131407404133,0.07574229559141873
11.06,49.900000000000006,0.2361107133211384,0.053356349897211865
11.09,49.900000000000006,0.2493565947599323,0.05866618120979854
11.120000000000001,49.900000000000006,0.2988379903972194,0.0778904825718956
11.15,49.900000000000006,0.33636944742769886,0.12193615472691195
11.18,49.900000000000006,0.23848665634242516,0.07149783043987228
11.21,49.900000000000006,0.22525975423026146,0.07029302754351216
11.24,49.900000000000006,0.21369532794698168,0.07086640487009203
11.27,49.900000000000006,0.20505570506892026,0.05932842560173917
11.3,49.900000000000006,0.2242007819487839,0.06773338661405559
11.33,49.900000000000006,0.25805801230743053,0.08307673143834254
11.36,49.900000000000006,0.2727035922354371,0.06792516868077546
11.39,49.900000000000006,0.2875795208674952,0.07358714544568128
11.42,49.900000000000006,0.2786843121604018,0.06581104385924369
11.45,49.900000000000006,0.3145665101096996,0.10611180298213779
11.48,49.900000000000006,0.302508995845114,0.06671956079668766
11.51,49.900000000000006,0.2635284361129297,0.0652442817153616
11.54,49.900000000000006,0.23231260386081942,0.054567283535638327
11.57,49.900000000000006,0.20940568703708443,0.05081733021779134
11.6,49.900000000000006,0.20268622177221315,0.048341438745498365
11.63,49.900000000000006,0.20647900967538388,0.05323141356227764
11.66,49.900000000000006,0.21394296286084818,0.06510468557579972
11.690000000000001,49.900000000000006,0.214240107506811,0.06597534704183541
11.72,49.900000000000006,0.20632055869024074,0.05169333957974968
11.75,49.900000000000006,0.20196387641886804,0.04476138474422279
11.780000000000001,49.900000000000006,0.200334237404286,0.04237153303338651
11.81,49.900000000000006,0.2001761566871204,0.04004676568770099
11.84,49.900000000000006,0.20004879415653196,0.041060926616138846
11.870000000000001,49.900000000000006,0.19739217904099407,0.03984536202249043
11.9,49.900000000000006,0.19396269150609685,0.03986713584551311
11.93,49.900000000000006,0.18851992147558747,0.038673216968844994
11.96,49.900000000000006,0.18353392017312883,0.03666576589711321
11.99,49.900000000000006,0.18228354027967716,0.03267113996506266
12.02,49.900000000000006,0.18231663218225394,0.03316233815734819
12.05,49.900000000000006,0.18341877325069403,0.03224439306367832
12.08,49.900000000000006,0.1857373353115726,0.03153698986804018
12.11,49.900000000000006,0.18912197386308535,0.03298409024446809
12.14,49.900000000000006,0.1983996510025418,0.03428365746155024
12.17,49.900000000000006,0.2042832694261815,0.03463617582170821
12.2,49.900000000000006,0.2064855865094885,0.03680384772688561
12.23,49.900000000000006,0.2075721927060211,0.036630400611940464
12.26,49.900000000000006,0.2085737838059379,0.03866577867516418
12.29,49.900000000000006,0.208571031085637,0.03861522737582212
12.32,49.900000000000006,0.2104706414521343,0.03926752287632442
12.35,49.900000000000006,0.21506245740154495,0.043475917113762606
12.38,49.900000000000006,0.21841260367068316,0.044399593389754854
12.41,49.900000000000006,0.22119875402910386,0.04593883378712159
12.440000000000001,49.900000000000006,0.2223775223777588,0.047475536835398444
12.47,49.900000000000006,0.22314615236055912,0.048346400422563524
12.5,49.900000000000006,0.23404660416570686,0.04985436830819504
9.05,49.93,0.4031923095485597,0.09465214616810784
9.08,49.93,0.36383636075902936,0.0818241047389627
9.110000000000001,49.93,0.31596692967963036,0.0652103367946669
9.14,49.93,0.36924263063304025,0.12061782968517584
9.17,49.93,0.3166181264029157,0.06548395015991991
9.200000000000001,49.93,0.36760614442079936,0.1356220838799968
9.23,49.93,0.3638266499573479,0.13837504665571015
9.26,49.93,0.3055038350661605,0.08216131401910336
9.290000000000001,49.93,0.281319592848909,0.06428366279938875
9.32,49.93,0.2660510374620109,0.056432722089229614
9.35,49.93,0.25107356896116545,0.05117157025575825
9.38,49.93,0.23755372239854042,0.048901265543940385
9.41,49.93,0.233099661783793,0.045540389464117675
9.440000000000001,49.93,0.23553446537546355,0.04709994121948689
9.47,49.93,0.2628955948434309,0.05773010187193392
9.5,49.93,0.2735828454094398,0.05783474697228642
9.530000000000001,49.93,0.2786481963009086,0.06101756614832707
9.56,49.93,0.2825151987836572,0.062331883349188565
9.59,49.93,0.28869901188813424,0.06501834180589747
9.620000000000001,49.93,0.29366337201912274,0.06572504730003803
9.65,49.93,0.27358393189496444,0.055912618245497515
9.68,49.93,0.2526288410864318,0.04915006007100266
9.71,49.93,0.25456866943951617,0.04262066616742822
9.74,49.93,0.2970023378968294,0.06923988390312338
9.77,49.93,0.3586900206830631,0.07993225867349812
9.8,49.93,0.42409342975220254,0.08724205704285912
9.83,49.93,0.36065001801510327,0.08220866591138248
9.86,49.93,0.3848263488933879,0.11338880791930873
9.89,49.93,0.38040737303462124,0.12539834182315682
9.92,49.93,0.29531175591233955,0.07890416797319837
9.950000000000001,49.93,0.3012717038315646,0.054806781655068026
9.98,49.93,0.3854970582702178,0.07372367591877797
10.01,49.93,0.3374430330542613,0.06173198443047278
10.040000000000001,49.93,0.3861163858641539,0.05917619622510873
10.07,49.93,0.40398899771701957,0.069097712475973
10.1,49.93,0.519537290481574,0.1330901734073854
10.13,49.93,0.4467905958252538,0.0820616536194535
10.16,49.93,0.36043938528105657,0.07040465995701861
10.190000000000001,49.93,0.3808894690533273,0.07388621623203015
10.22,49.93,0.49030329161363784,0.12238837305089771
10.25,49.93,0.43930144726218384,0.07238260907793323
10.280000000000001,49.93,0.46655375715828823,0.09385356179545025
10.31,49.93,0.4815990133958845,0.09352430162979522
10.34,49.93,0.48793385207940987,0.11863878841533364
10.370000000000001,49.93,0.3972584405027225,0.06527764510599793
10.4,49.93,0.37015320148208275,0.06753024873749777
10.43,49.93,0.3318872707693661,0.0818818581384001
10.46,49.93,0.2988158546481151,0.06348149706123116
10.49,49.93,0.29980464683836994,0.0634281652271034
10.52,49.93,0.3106841365625764,0.05360647518845336
10.55,49.93,0.302134482523896,0.056227363954481496
10.58,49.93,0.27904125305941035,0.04831820465409034
10.61,49.93,0.264152981446372,0.04461248400103761
10.64,49.93,0.2595668964487631,0.047876651628774726
10.67,49.93,0.26348645851658187,0.056124988294218366
10.7,49.93,0.2819699443342403,0.07565141773551878
10.73,49.93,0.31382229090893016,0.09693209362196505
10.76,49.93,0.35548614072294327,0.12566934927160922
10.790000000000001,49.93,0.3575807027126842,0.10421567811839792
10.82,49.93,0.3478284744179621,0.08892603717379409
10.85,49.93,0.3840283384603753,0.12068951600793355
10.88,49.93,0.49031056263462086,0.15299972021117306
10.91,49.93,0.38240543920655073,0.08816264374785744
10.940000000000001,49.93,0.3445736902005513,0.0906072360028484
10.97,49.93,0.28971586477006167,0.06143786316304768
11,49.93,0.2802612194226267,0.05655700391599941
11.030000000000001,49.93,0.2848385308996409,0.07259804160187425
11.06,49.93,0.2805963585092113,0.07641497903374599
11.09,49.93,0.28256941600392477,0.07644365675082722
11.120000000000001,49.93,0.2674451529985952,0.06036888647918121
11.15,49.93,0.29034730630591077,0.0967456600851593
11.18,49.93,0.2958120664145179,0.07952235037510316
11.21,49.93,0.36251901437764245,0.12439677679067745
11.24,49.93,0.21322743788413806,0.09190070099951049
11.27,49.93,0.198943564405668,0.06147475301237321
11.3,49.93,0.2497590124637823,0.09055794453247369
11.33,49.93,0.23406135694231378,0.06219465261493424
11.36,49.93,0.2514811614324279,0.07429152636646157
11.39,49.93,0.25656146368453786,0.0636810914424226
11.42,49.93,0.255033286081513,0.05641976977125223
11.45,49.93,0.2746616529520507,0.0727490156788139
11.48,49.93,0.26539616613755473,0.05873831024174964
11.51,49.93,0.24069026104489247,0.05140103917392656
11.54,49.93,0.22299182997674552,0.04893598586397097
11.57,49.93,0.21496146979386566,0.04708846456779594
11.6,49.93,0.22649225113124943,0.05229859513960256
11.63,49.93,0.23578689448944495,0.06323597597767033
11.66,49.93,0.24511120242580053,0.08852492795087452
11.690000000000001,49.93,0.22941063878636683,0.08553440486332262
11.72,49.93,0.21132896579686242,0.061556825568496384
11.75,49.93,0.20042398875063672,0.04760471347150356
11.780000000000001,49.93,0.1971135468326602,0.042449179072882974
11.81,49.93,0.1962563471072268,0.03981630927054929
11.84,49.93,0.19440128776973245,0.03923148686053864
11.870000000000001,49.93,0.19308610174186522,0.03728238995241621
11.9,49.93,0.18928386640980593,0.037236913287629764
11.93,49.93,0.18547729150801742,0.037305183535259
11.96,49.93,0.1823649705900669,0.036499380560202174
11.99,49.93,0.18157468042223213,0.035096712813160715
12.02,49.93,0.17910271295732766,0.033172852454261235
12.05,49.93,0.181877185824718,0.03155509547045356
12.08,49.93,0.18218265516853968,0.03059711775510415
12.11,49.93,0.1845700610941117,0.03113407744289321
12.14,49.93,0.19240707256663958,0.033827908580487814
12.17,49.93,0.198992071493267,0.035591412617243995
12.2,49.93,0.2028702181348305,0.0350038316652903
12.23,49.93,0.20527446726667845,0.03597445182423334
12.26,49.93,0.20578331964978297,0.03827860619552319
12.29,49.93,0.20680799217977322,0.03902929561643476
12.32,49.93,0.208553378805185,0.03869135548393774
12.35,49.93,0.20977516990178005,0.039092032861302084
12.38,49.93,0.21483440547771304,0.04289437319478364
12.41,49.93,0.21782200533160945,0.04533942595363337
12.440000000000001,49.93,0.22177445150360306,0.047847300954823084
9.05,49.96,0.3306805414358115,0.07389925013648163
9.08,49.96,0.3143324548147403,0.06607349738509105
9.110000000000001,49.96,0.3221229700016303,0.07848916922289174
9.14,49.96,0.32563038507220005,0.07499530012971675
9.17,49.96,0.3084449121773143,0.06340062804500803
9.200000000000001,49.96,0.31094540061438397,0.07316001821467383
9.23,49.96,0.3093977986308204,0.081451217336891
9.26,49.96,0.29246498943082366,0.0697710426932496
9.290000000000001,49.96,0.27572478511242243,0.06098323974194634
9.32,49.96,0.26307055617405034,0.0544503140384734
9.35,49.96,0.2500428211801965,0.050758013909241916
9.38,49.96,0.23548115135089157,0.0471800326798648
9.41,49.96,0.23441169864334838,0.047603050705358536
9.440000000000001,49.96,0.2384571432753046,0.05101494636378495
9.47,49.96,0.2611686891712353,0.05363169430422503
9.5,49.96,0.27105859187018544,0.05424542752454708
9.530000000000001,49.96,0.2775812543670805,0.052886200096948506
9.56,49.96,0.2869435145266648,0.05689747964580929
9.59,49.96,0.27707950105237045,0.051297813979326964
9.620000000000001,49.96,0.25998609385915983,0.0508124665666642
9.65,49.96,0.2685890441617805,0.05671640074314078
9.68,49.96,0.29314983406142,0.05443737950492388
9.71,49.96,0.2842317009301374,0.048653120383545335
9.74,49.96,0.31438397965578097,0.07712804395403842
9.77,49.96,0.3822631529700282,0.10823089140710909
9.8,49.96,0.4237373613183333,0.09427612922052377
9.83,49.96,0.44874457487448244,0.10724302763874244
9.86,49.96,0.38110885333655475,0.10462409922217654
9.89,49.96,0.4376824600970002,0.12946522887716275
9.92,49.96,0.37655442629333397,0.12090464038098776
9.950000000000001,49.96,0.30096602053263916,0.06514534957129216
9.98,49.96,0.3204892527086588,0.05495590047914555
10.01,49.96,0.3300630788951954,0.06068875275000878
10.040000000000001,49.96,0.44231157635830953,0.09742063487828588
10.07,49.96,0.38067944682750365,0.0678041706685166
10.1,49.96,0.4023434615843212,0.06024509465259188
10.13,49.96,0.4332908489539976,0.0627610975016121
10.16,49.96,0.42924587859678615,0.07789567681399732
10.190000000000001,49.96,0.43651145377453576,0.0821952207263432
10.22,49.96,0.4444586485439205,0.07477854785734928
10.25,49.96,0.45086898146065263,0.10165490131477357
10.280000000000001,49.96,0.44451071991021335,0.08353337603506386
10.31,49.96,0.4416238142390939,0.08422690924712352
10.34,49.96,0.456565243196189,0.10817998154406493
10.370000000000001,49.96,0.3891785927400436,0.07685866573084629
10.4,49.96,0.3558045651719277,0.06440685161688392
10.43,49.96,0.3257043397405249,0.08207112200715937
10.46,49.96,0.31358730329968415,0.06864299905546627
10.49,49.96,0.3279451435095459,0.07393419557240771
10.52,49.96,0.33780793614285376,0.057628734434431714
10.55,49.96,0.3201990365641217,0.07347856451286425
10.58,49.96,0.28863945855632683,0.05255046586486157
10.61,49.96,0.27448376076433506,0.0605609884059429
10.64,49.96,0.26073484401620445,0.054488557302921535
10.67,49.96,0.2601708215371095,0.05279546247630465
10.7,49.96,0.27775835053842324,0.06751764683978966
10.73,49.96,0.3067133554221206,0.08516479254477091
10.76,49.96,0.3217856469905379,0.09865493594448128
10.790000000000001,49.96,0.3256031488670228,0.088705154269306
10.82,49.96,0.33513538730888687,0.08794643173700845
10.85,49.96,0.3640491377390658,0.09985336555109635
10.88,49.96,0.3949881791200679,0.1020601294141677
10.91,49.96,0.34818401747290756,0.08128275367616503
10.940000000000001,49.96,0.29313715542789537,0.06889753678468762
10.97,49.96,0.2553079704116973,0.04701971534158737
11,49.96,0.28531005805873494,0.11818530063340761
11.030000000000001,49.96,0.2838108468185216,0.06552690375803874
11.06,49.96,0.3096803591795749,0.07703297651011577
11.09,49.96,0.3188988295164571,0.0810684259741
11.120000000000001,49.96,0.31687645396472897,0.09289416885434887
11.15,49.96,0.26414295633093565,0.06086302954570433
11.18,49.96,0.26846005793729816,0.07957390199569905
11.21,49.96,0.24799877854178867,0.07166788206094296
11.24,49.96,0.2938333780691124,0.11553443436043158
11.27,49.96,0.22351950528276918,0.05626773917268419
11.3,49.96,0.24486466117728795,0.0847184165174449
11.33,49.96,0.22660909116388064,0.05690498500691871
11.36,49.96,0.23794412130230455,0.05680606370287798
11.39,49.96,0.2428533465489121,0.056482668652854263
11.42,49.96,0.2372527483713895,0.05166085525376974
11.45,49.96,0.23352464834614722,0.04708140119921491
11.48,49.96,0.226393577362271,0.043639150723198496
11.51,49.96,0.2174339779150301,0.04659582841838434
11.54,49.96,0.21477167269494254,0.047755771315263665
11.57,49.96,0.2251104323929914,0.04818597213457669
11.6,49.96,0.2658443894129096,0.06934617468380583
11.63,49.96,0.2964801820741158,0.09880482437096885
11.66,49.96,0.25900348339546814,0.078132770274828
11.690000000000001,49.96,0.23266531501235113,0.06895021695634083
11.72,49.96,0.21292205162226796,0.06027113576509069
11.75,49.96,0.20281265325696832,0.051127270121356025
11.780000000000001,49.96,0.19405351531729106,0.0421029738850114
11.81,49.96,0.1908885756953295,0.038265282187204985
11.84,49.96,0.18959829113916385,0.03680094729702778
11.870000000000001,49.96,0.1882151726308677,0.035628985207797975
11.9,49.96,0.18582248646371097,0.03405613312987378
11.93,49.96,0.1835865833399232,0.034889958079337105
11.96,49.96,0.18129721407709826,0.036506570904311635
11.99,49.96,0.18008967972996623,0.035928472441035204
12.02,49.96,0.17658615401397956,0.03203653460551663
12.05,49.96,0.17773485817407472,0.0319099933870765
12.08,49.96,0.1802646101961155,0.031035428191223072
12.11,49.96,0.1806926985312996,0.028848918432126794
12.14,49.96,0.18490688497778038,0.032521383165444555
12.17,49.96,0.19341252159381322,0.03477968286669954
12.2,49.96,0.1981919175209116,0.035687466859011495
12.23,49.96,0.20170438215854516,0.03602923997975755
12.26,49.96,0.20319184633138526,0.03716779300137871
12.29,49.96,0.2055650644785438,0.03895018451462121
12.32,49.96,0.20729528310946552,0.03836396877357567
12.35,49.96,0.20775263659014467,0.03739747386769276
12.38,49.96,0.21015041427127007,0.04004479498268568
12.41,49.96,0.2141865062513439,0.043082477592953146
12.440000000000001,49.96,0.21824083172692677,0.04631586431806192
9.05,49.99,0.3007615292563928,0.06343996071631643
9.08,49.99,0.29725432895726156,0.06379569626712807
9.110000000000001,49.99,0.2926866826538673,0.06195169186086324
9.14,49.99,0.3087299761965893,0.07842861069705219
9.17,49.99,0.3332813498761287,0.1187610727690941
9.200000000000001,49.99,0.3110241094612897,0.10557438892048984
9.23,49.99,0.28684527440899177,0.06878591479376028
9.26,49.99,0.27565636306587693,0.06008344374964445
9.290000000000001,49.99,0.2670964232156879,0.05515478003410552
9.32,49.99,0.2565294726596629,0.05230198019655102
9.35,49.99,0.24401003643774657,0.04956607968802053
9.38,49.99,0.235671804882222,0.046865730467233434
9.41,49.99,0.23284551389387553,0.04670824025314876
9.440000000000001,49.99,0.2448897704965888,0.050018875506401515
9.47,49.99,0.26313799015924666,0.049842304133771484
9.5,49.99,0.2723650403676568,0.050024533601507874
9.530000000000001,49.99,0.28549743571356817,0.05408671616224748
9.56,49.99,0.31357207683852933,0.0860446965600773
9.59,49.99,0.3118606668435611,0.08670302572871956
9.620000000000001,49.99,0.2540565509226263,0.04895269251794864
9.65,49.99,0.27750142744802575,0.0667259294784104
9.68,49.99,0.2739556609713731,0.04445947779870398
9.71,49.99,0.2954023240749303,0.05318746878721697
9.74,49.99,0.361236063367179,0.09352963372502514
9.77,49.99,0.3944547748154326,0.11980388098320047
9.8,49.99,0.43416569742846955,0.12897614750272654
9.83,49.99,0.3980351949797742,0.10277994158127608
9.86,49.99,0.4305698618699689,0.11614136331375585
9.89,49.99,0.33787427843360746,0.08243629390505548
9.92,49.99,0.32921687014071976,0.07034424759408177
9.950000000000001,49.99,0.371725056481168,0.10358869524794162
9.98,49.99,0.3499230359035288,0.07359678430293784
10.01,49.99,0.4179807246753315,0.1024318646080963
10.040000000000001,49.99,0.3527846895013737,0.04811487316702899
10.07,49.99,0.4529283547996111,0.09419303250114838
10.1,49.99,0.4818527052641885,0.06946267488314273
10.13,49.99,0.4541933900254565,0.07094948885275117
10.16,49.99,0.47574214245147783,0.08634045034321282
10.190000000000001,49.99,0.4737763633982166,0.09063998993204453
10.22,49.99,0.4542125397706602,0.0735896847893357
10.25,49.99,0.4554251957933164,0.10217530485204802
10.280000000000001,49.99,0.40689386213837275,0.07935215014203305
10.31,49.99,0.4126415577613331,0.06590654806274518
10.34,49.99,0.40148746204673985,0.08704553176948522
10.370000000000001,49.99,0.43112213870469807,0.1419628180997608
10.4,49.99,0.33388669777971636,0.07411982971762046
10.43,49.99,0.308932292150399,0.08331927820260084
10.46,49.99,0.31712351459764665,0.07419534338479461
10.49,49.99,0.3574744188568303,0.07981842421315083
10.52,49.99,0.313969521112861,0.06248609154562043
10.55,49.99,0.29655008226785673,0.05319413752890696
10.58,49.99,0.29056583863050817,0.05955444697744243
10.61,49.99,0.2842789257683135,0.07669599691648465
10.64,49.99,0.2654528338214972,0.06067709348843081
10.67,49.99,0.2566769132050737,0.04906458948069168
10.7,49.99,0.26908400972734253,0.05798818587518521
10.73,49.99,0.2868070811131009,0.0717340537192646
10.76,49.99,0.2956235784354029,0.08068372417776473
10.790000000000001,49.99,0.3016225669155018,0.08173904703807829
10.82,49.99,0.3147414773486601,0.08448099399733475
10.85,49.99,0.3317620737087762,0.0880732341165896
10.88,49.99,0.3418396250143032,0.08994787252177837
10.91,49.99,0.3065073786555855,0.07622999227562192
10.940000000000001,49.99,0.2619962356444968,0.057268329771118925
10.97,49.99,0.24892728101664027,0.04611349089574169
11,49.99,0.26254487060876164,0.06525335238803713
11.030000000000001,49.99,0.29422984929839047,0.07696138060849156
11.06,49.99,0.3247213403110193,0.11761744023650719
11.09,49.99,0.3781905254794248,0.1391046668307792
11.120000000000001,49.99,0.34961406670906775,0.09770895890527026
11.15,49.99,0.27866223375589577,0.06475244702298935
11.18,49.99,0.24666351216542856,0.06222111865880434
11.21,49.99,0.23738106553936983,0.0687352359996191
11.24,49.99,0.22533646441261396,0.05583224620839817
11.27,49.99,0.22615266963152383,0.05151698730339961
11.3,49.99,0.2147909079081615,0.04915645837650971
11.33,49.99,0.24448161160510334,0.06618583309815815
11.36,49.99,0.2722946098768475,0.06940260219820991
11.39,49.99,0.2696296701211549,0.06580947356472755
11.42,49.99,0.2465618782792925,0.05647791401325839
11.45,49.99,0.22418062414587175,0.049316166598241604
11.48,49.99,0.21854044675319875,0.05045424360296421
11.51,49.99,0.2153807540282912,0.06202132115879514
11.54,49.99,0.21593574514885458,0.05332137078850677
11.57,49.99,0.230592882638858,0.048410218882218775
11.6,49.99,0.2831153485018478,0.08794574199275955
11.63,49.99,0.30525362249467775,0.1035839334722681
11.66,49.99,0.26357396356748436,0.06993996210305176
11.690000000000001,49.99,0.23067561471973783,0.05790460895525847
11.72,49.99,0.21026933947762214,0.05516305762516613
11.75,49.99,0.20231205358646226,0.053003459878818396
11.780000000000001,49.99,0.19461022018348273,0.045999360161807126
11.81,49.99,0.18963236742772768,0.040513053095416224
11.84,49.99,0.185813693388626,0.036257525232616036
11.870000000000001,49.99,0.183497274861067,0.03388793936997297
11.9,49.99,0.18209793965679863,0.031458025295645904
11.93,49.99,0.181511444301856,0.03461265861047562
11.96,49.99,0.17960625711097705,0.03423946117667549
11.99,49.99,0.1787983372164346,0.035823745170838396
12.02,49.99,0.1760082161377132,0.032360798708427486
12.05,49.99,0.1753245974793333,0.03175237855055393
12.08,49.99,0.17742420387381266,0.03192038460971779
12.11,49.99,0.1794793776812416,0.03061915491257479
12.14,49.99,0.1798389728359746,0.031776211504886354
12.17,49.99,0.1862609291367045,0.033177117784266234
12.2,49.99,0.19479009589168655,0.035520148985990194
12.23,49.99,0.19819780649416582,0.03774709379164428
12.26,49.99,0.20039193266487854,0.03773332380526908
12.29,49.99,0.20232430786994898,0.037560915278815096
12.32,49.99,0.2053111101790781,0.03860315163393719
12.35,49.99,0.20714356634529227,0.037695481029304374
12.38,49.99,0.2088798718424115,0.039946210165222276
9.05,50.02,0.3355955705134827,0.08853146135717116
9.08,50.02,0.32722601398991225,0.0858046656981933
9.110000000000001,50.02,0.2900156557218982,0.06168367374104575
9.14,50.02,0.28572805730146994,0.0652369340334194
9.17,50.02,0.2974600993414305,0.08571929039852413
9.200000000000001,50.02,0.2930624672029457,0.08755341623606548
9.23,50.02,0.27651772406972985,0.06771087670426884
9.26,50.02,0.2664746388751803,0.0578523170220082
9.290000000000001,50.02,0.2603956304088123,0.052483752979698504
9.32,50.02,0.2535297367502354,0.05016445129249447
9.35,50.02,0.24178294871753048,0.04643930103668144
9.38,50.02,0.2353076698033834,0.04716241000773772
9.41,50.02,0.23201153592857246,0.04826251614743794
9.440000000000001,50.02,0.24949216719577255,0.05030837184275041
9.47,50.02,0.2647292230620453,0.049016390662544006
9.5,50.02,0.26891651541249706,0.04852644313804105
9.530000000000001,50.02,0.2765114601611473,0.05075142695003523
9.56,50.02,0.2905440358218847,0.06520703623144349
9.59,50.02,0.28318613411684507,0.05686029150508679
9.620000000000001,50.02,0.25712557584365453,0.04916657640219859
9.65,50.02,0.2605575381818127,0.05219223225878018
9.68,50.02,0.25645416126355075,0.04497432601416184
9.71,50.02,0.28816853269179005,0.05541549318850387
9.74,50.02,0.3153343901957939,0.07619578991865543
9.77,50.02,0.461734438927278,0.16166791639131606
9.8,50.02,0.367762572280051,0.08068687860965588
9.83,50.02,0.37412464887162805,0.0908704761847113
9.86,50.02,0.39308481909423126,0.10117858345663637
9.89,50.02,0.3213171327004014,0.06604567196749286
9.92,50.02,0.3289357973401282,0.0725555824772094
9.950000000000001,50.02,0.40507889158476573,0.11118330356533432
9.98,50.02,0.417959704136201,0.09261147532196402
10.01,50.02,0.45224338542450837,0.10228134754262502
10.040000000000001,50.02,0.37109097882668046,0.05751331242269883
10.07,50.02,0.41016174950390416,0.08522454037651186
10.1,50.02,0.5052782441329572,0.0723060033984867
10.13,50.02,0.5505468111378051,0.07727442827400839
10.16,50.02,0.5316351261410796,0.08651212604400409
10.190000000000001,50.02,0.4728735657742724,0.07948385008876432
10.22,50.02,0.43491112397983034,0.07373884097587732
10.25,50.02,0.4285781481496155,0.07308953431915868
10.280000000000001,50.02,0.3878343568615113,0.07188623462461574
10.31,50.02,0.36539314321314964,0.07404887985968035
10.34,50.02,0.3657341087672484,0.08035736321493404
10.370000000000001,50.02,0.3648757668882159,0.09194265624812524
10.4,50.02,0.33362904653980335,0.07710898872475007
10.43,50.02,0.32231149900878775,0.09649676068609805
10.46,50.02,0.3074478326053896,0.07257658801788365
10.49,50.02,0.3410116555207158,0.10955136606829372
10.52,50.02,0.3079613537158005,0.0816342277657685
10.55,50.02,0.28858441603216356,0.07721975101716314
10.58,50.02,0.30625933318282,0.11141951009975469
10.61,50.02,0.2927536380630818,0.10391863317958618
10.64,50.02,0.26377926303298666,0.05524909896986323
10.67,50.02,0.2512316872195141,0.04441711085714801
10.7,50.02,0.2591115446954176,0.04858465619828157
10.73,50.02,0.2695290281286128,0.06044862345704625
10.76,50.02,0.28210520182909155,0.07260064749432482
10.790000000000001,50.02,0.2867733132307982,0.07447693590082906
10.82,50.02,0.2954113432577938,0.07298703791566197
10.85,50.02,0.28774239640270055,0.06689793620750402
10.88,50.02,0.28469702019586357,0.07058579835733286
10.91,50.02,0.26947121331605556,0.06048380701894239
10.940000000000001,50.02,0.2593201569969104,0.06408771247905401
10.97,50.02,0.27490627940598067,0.08328039541841853
11,50.02,0.28716491511069997,0.09595826186712873
11.030000000000001,50.02,0.2851814211773479,0.09186862738031455
11.06,50.02,0.3572611317061824,0.12633816065812625
11.09,50.02,0.4162610863029685,0.16781387389351474
11.120000000000001,50.02,0.3481912181433837,0.10096133052211077
11.15,50.02,0.30693457049368195,0.06832752151995068
11.18,50.02,0.2703713657773816,0.06410703299159774
11.21,50.02,0.2922931163219552,0.11046898533595674
11.24,50.02,0.22980246642526858,0.06098992793928677
11.27,50.02,0.21215820956741274,0.043172847857384046
11.3,50.02,0.23254549367390961,0.05391982066480047
11.33,50.02,0.3158968936300435,0.08612402281185999
11.36,50.02,0.36274858992732667,0.1056236706466421
11.39,50.02,0.3083268650225528,0.07945661482329804
11.42,50.02,0.2593821197710372,0.06371240864170409
11.45,50.02,0.23030237588711566,0.05269410356078308
11.48,50.02,0.216903771727348,0.055050850592123994
11.51,50.02,0.21537145993616555,0.0728350046745184
11.54,50.02,0.2138130994979766,0.0567277470472092
11.57,50.02,0.2246081897249643,0.0466142066526442
11.6,50.02,0.24584571887015566,0.050085417613040605
11.63,50.02,0.253664682578894,0.05784345459730986
11.66,50.02,0.24050843573842634,0.05563202451528706
11.690000000000001,50.02,0.22142605807733076,0.05438487411864976
11.72,50.02,0.20938510535050275,0.053675929914991774
11.75,50.02,0.1994120219159394,0.05076881505380281
11.780000000000001,50.02,0.19500453338656865,0.04782119565232801
11.81,50.02,0.19138232288001392,0.04422066838727544
11.84,50.02,0.18726768810597846,0.041765690592971916
11.870000000000001,50.02,0.18189227119106993,0.035353535787398506
11.9,50.02,0.17857634005107112,0.03180744948883043
11.93,50.02,0.17787130034993512,0.03170351336005542
11.96,50.02,0.17770590659286428,0.033793770581894395
11.99,50.02,0.17581645710379726,0.0341162267227436
12.02,50.02,0.17419725042035042,0.03267435677577892
12.05,50.02,0.1745747832137782,0.033448598960193775
12.08,50.02,0.17410061611760355,0.03172692539951463
12.11,50.02,0.17712163733928185,0.030653543594355973
12.14,50.02,0.17687415671017456,0.0298488696046155
12.17,50.02,0.18052601612995298,0.032796444162895684
12.2,50.02,0.18959437308321545,0.032491090523201885
12.23,50.02,0.19607489086332958,0.0370791899324387
12.26,50.02,0.19611505750930278,0.038119448321366836
12.29,50.02,0.19948705759901006,0.03882258007686965
8.99,50.050000000000004,0.3100951167281029,0.0643347284796754
9.02,50.050000000000004,0.327578638775325,0.06555840709763203
9.05,50.050000000000004,0.3487678571267441,0.0770676532614382
9.08,50.050000000000004,0.3401271139703306,0.07933087935112343
9.110000000000001,50.050000000000004,0.3015099076004272,0.06491713858443983
9.14,50.050000000000004,0.28980396076991677,0.06165036053817684
9.17,50.050000000000004,0.2868508927030045,0.06650506768142192
9.200000000000001,50.050000000000004,0.2806415121157122,0.06724384899540418
9.23,50.050000000000004,0.272252446009852,0.062305415231157464
9.26,50.050000000000004,0.26216122477689363,0.055338050024896925
9.290000000000001,50.050000000000004,0.25638166749584707,0.05211729907356402
9.32,50.050000000000004,0.2474194433473636,0.04944984490931922
9.35,50.050000000000004,0.2412761622369054,0.045843737795059486
9.38,50.050000000000004,0.2329441879090969,0.044889842743279756
9.41,50.050000000000004,0.23403562131073216,0.04699834513515241
9.440000000000001,50.050000000000004,0.24747874861776442,0.04712496605170582
9.47,50.050000000000004,0.26041156946906757,0.04832283310822891
9.5,50.050000000000004,0.26279957017270067,0.04694408855611708
9.530000000000001,50.050000000000004,0.2645722454082404,0.04722636367160603
9.56,50.050000000000004,0.26476151582146706,0.04653177221914774
9.59,50.050000000000004,0.26181924647210253,0.04716398762382406
9.620000000000001,50.050000000000004,0.28388288415653273,0.0844516112550584
9.65,50.050000000000004,0.33408508432527834,0.16199764761458735
9.68,50.050000000000004,0.3145364235207563,0.10630051394924447
9.71,50.050000000000004,0.28848467943165856,0.06271116265403477
9.74,50.050000000000004,0.30780422639980115,0.07054615161412259
9.77,50.050000000000004,0.40857681371268495,0.09126795839128776
9.8,50.050000000000004,0.3827039431148988,0.10432493623522207
9.83,50.050000000000004,0.3531725892559106,0.10580270810671724
9.86,50.050000000000004,0.320403189364031,0.08058395239722245
9.89,50.050000000000004,0.300909507659669,0.05655707054363266
9.92,50.050000000000004,0.32503417689075625,0.06317566892041998
9.950000000000001,50.050000000000004,0.37034811854347593,0.07878395118710217
9.98,50.050000000000004,0.4282199687297821,0.12112446369776157
10.01,50.050000000000004,0.4324294937436476,0.11671952833713828
10.040000000000001,50.050000000000004,0.3665302349248937,0.07171221382945799
10.07,50.050000000000004,0.36733038653829136,0.077252674687788
10.1,50.050000000000004,0.5044404643713294,0.10311492736292928
10.13,50.050000000000004,0.5754948723948556,0.11074222324379618
10.16,50.050000000000004,0.5962574502128676,0.12593750675615845
10.190000000000001,50.050000000000004,0.5106450130055994,0.11130615345671475
10.22,50.050000000000004,0.40355289192363236,0.07522110379818933
10.25,50.050000000000004,0.39174624211751147,0.07187943691325985
10.280000000000001,50.050000000000004,0.3594806242549918,0.07299283471328752
10.31,50.050000000000004,0.3352425981434237,0.06992777930557816
10.34,50.050000000000004,0.3171010206206327,0.06874411547622651
10.370000000000001,50.050000000000004,0.3043384193509065,0.06286272438327263
10.4,50.050000000000004,0.2874383834645365,0.05730935236618502
10.43,50.050000000000004,0.27361631738588094,0.053393978937887936
10.46,50.050000000000004,0.27329715386608805,0.059050273791987545
10.49,50.050000000000004,0.2876075417867067,0.07115802133032745
10.52,50.050000000000004,0.288453400083414,0.06890184864180389
10.55,50.050000000000004,0.2750924926887098,0.0628950197786751
10.58,50.050000000000004,0.27260627054232744,0.06144228367598295
10.61,50.050000000000004,0.2663577445712503,0.06041143963818647
10.64,50.050000000000004,0.25318987084329747,0.04754449842181283
10.67,50.050000000000004,0.24481816366618628,0.042480639956407544
10.7,50.050000000000004,0.24195285908671876,0.041136493326929806
10.73,50.050000000000004,0.2581658466504396,0.05175367339996201
10.76,50.050000000000004,0.2690219265635055,0.06496269210248685
10.790000000000001,50.050000000000004,0.2682895232722253,0.058288891532100394
10.82,50.050000000000004,0.27154500240202406,0.05836086355295559
10.85,50.050000000000004,0.2761544324106809,0.060232354602242674
10.88,50.050000000000004,0.26703517780656677,0.05305698752842173
10.91,50.050000000000004,0.26992417915097244,0.07592615480616081
10.940000000000001,50.050000000000004,0.2816416276104933,0.08090726812598968
10.97,50.050000000000004,0.29101963013785015,0.10001871196124053
11,50.050000000000004,0.3284948454475109,0.11704113968517389
11.030000000000001,50.050000000000004,0.3695786361759307,0.11308649257892074
11.06,50.050000000000004,0.3355029233662547,0.10076560079508382
11.09,50.050000000000004,0.32752675676847987,0.07445267658220875
11.120000000000001,50.050000000000004,0.3019248169947998,0.06148024064568463
11.15,50.050000000000004,0.2813432044720902,0.052634824877376696
11.18,50.050000000000004,0.28329584635017285,0.07057601606670849
11.21,50.050000000000004,0.29321197503560176,0.11741215782862725
11.24,50.050000000000004,0.24164298124425165,0.06691508711365209
11.27,50.050000000000004,0.22509135318133475,0.051371748148230555
11.3,50.050000000000004,0.24820654350617258,0.06184300542594996
11.33,50.050000000000004,0.31114502703538965,0.09224526635887612
11.36,50.050000000000004,0.3479274600279863,0.10057422582464519
11.39,50.050000000000004,0.30410127687934163,0.07830602115953647
11.42,50.050000000000004,0.26188445576821207,0.06372374346022149
11.45,50.050000000000004,0.23110393560792344,0.05505973279965131
11.48,50.050000000000004,0.2141847912715836,0.052494657455861876
11.51,50.050000000000004,0.20784775151554075,0.05324115992603374
11.54,50.050000000000004,0.2084795322255031,0.04887185675356768
11.57,50.050000000000004,0.21512843104054974,0.0457145765079064
11.6,50.050000000000004,0.22424074938193747,0.04634803324786678
11.63,50.050000000000004,0.22550853456338155,0.04750480729627179
11.66,50.050000000000004,0.2193801184241939,0.05138192775115785
11.690000000000001,50.050000000000004,0.21204864341451204,0.05373966483423668
11.72,50.050000000000004,0.205675363467492,0.052050012176924586
11.75,50.050000000000004,0.2003075178726819,0.050772596035138104
11.780000000000001,50.050000000000004,0.19707237388524446,0.049029688500370344
11.81,50.050000000000004,0.19263222194257137,0.04574165144091949
11.84,50.050000000000004,0.1881614775631432,0.041886321046422745
11.870000000000001,50.050000000000004,0.1816157199567816,0.03646883998233097
11.9,50.050000000000004,0.17834243657416415,0.03462458860619971
11.93,50.050000000000004,0.17439723447244956,0.03201830858978475
11.96,50.050000000000004,0.1742539652008766,0.03305989775447265
11.99,50.050000000000004,0.17357091370301253,0.034513153382556123
12.02,50.050000000000004,0.1733809366158898,0.034087849155553664
12.05,50.050000000000004,0.17248873729835382,0.032564048162169255
12.08,50.050000000000004,0.17257217785043594,0.03269608338997501
12.11,50.050000000000004,0.17555141849201225,0.03287670087314631
12.14,50.050000000000004,0.17590552594790612,0.029684214265951137
12.17,50.050000000000004,0.17755394630746252,0.033609302464019296
12.2,50.050000000000004,0.1824621685274289,0.031775946466688694
12.23,50.050000000000004,0.1914315348302297,0.03520727630953985
9.02,50.080000000000005,0.33858602181323366,0.07673439479579248
9.05,50.080000000000005,0.3530148863301571,0.08609861868245583
9.08,50.080000000000005,0.3370616820162961,0.07991533098039323
9.110000000000001,50.080000000000005,0.31190930120763377,0.06941349593610474
9.14,50.080000000000005,0.31162192452612497,0.08486531132304212
9.17,50.080000000000005,0.2971927220483089,0.07908171773916156
9.200000000000001,50.080000000000005,0.2821625186317952,0.06745931002905878
9.23,50.080000000000005,0.2720712114380993,0.06137778590027696
9.26,50.080000000000005,0.262294715031694,0.05602636255544374
9.290000000000001,50.080000000000005,0.25405379328298167,0.0524560778093515
9.32,50.080000000000005,0.24670250971780486,0.04894665598533154
9.35,50.080000000000005,0.23661712312848593,0.047855099859138564
9.38,50.080000000000005,0.2330204717262346,0.04647465385598087
9.41,50.080000000000005,0.23367570731321763,0.04564011054249908
9.440000000000001,50.080000000000005,0.2469143702107315,0.047412056109029196
9.47,50.080000000000005,0.2579191821871684,0.04959712113858889
9.5,50.080000000000005,0.256482686909357,0.04757822281408297
9.530000000000001,50.080000000000005,0.25371773945914594,0.044588728954877685
9.56,50.080000000000005,0.2523363347384016,0.04361101545284997
9.59,50.080000000000005,0.25722010261203637,0.048191170741674866
9.620000000000001,50.080000000000005,0.27358419028146974,0.0687656093628395
9.65,50.080000000000005,0.28924050828846426,0.08222907332093629
9.68,50.080000000000005,0.2907601953171493,0.06958449417482848
9.71,50.080000000000005,0.2846529535576483,0.06370886156346581
9.74,50.080000000000005,0.30133244489960886,0.06917583072967892
9.77,50.080000000000005,0.3260936102441773,0.07609449359141253
9.8,50.080000000000005,0.32033928727358396,0.08277125328812038
9.83,50.080000000000005,0.31077829518679295,0.07363073796421589
9.86,50.080000000000005,0.2920952001988113,0.06519163555538922
9.89,50.080000000000005,0.3095540290834719,0.055799609670356964
9.92,50.080000000000005,0.34771772340288226,0.06766426329319501
9.950000000000001,50.080000000000005,0.3706965526780821,0.08660560813055398
9.98,50.080000000000005,0.4514742554464613,0.1336326857941667
10.01,50.080000000000005,0.49793833151095684,0.1554047330687359
10.040000000000001,50.080000000000005,0.3921632433473831,0.09636456197110041
10.07,50.080000000000005,0.34845686177721946,0.06405908508905579
10.1,50.080000000000005,0.3769834917402209,0.1143512911581263
10.13,50.080000000000005,0.4334048528584156,0.125507404681703
10.16,50.080000000000005,0.42313716602473594,0.12407451815316689
10.190000000000001,50.080000000000005,0.40360719801517725,0.10399390034411399
10.22,50.080000000000005,0.34634385196637135,0.08470831546383382
10.25,50.080000000000005,0.3345744828617868,0.0780199762684264
10.280000000000001,50.080000000000005,0.31527229488933667,0.06864295013809152
10.31,50.080000000000005,0.3144761353331481,0.09268126310181764
10.34,50.080000000000005,0.28666558235309103,0.06577563212454085
10.370000000000001,50.080000000000005,0.267761539918733,0.05152724443165969
10.4,50.080000000000005,0.25526739743284704,0.04287679852182704
10.43,50.080000000000005,0.2552943403646726,0.043934354388447464
10.46,50.080000000000005,0.26484331749516965,0.04913505894365632
10.49,50.080000000000005,0.29557432696746244,0.07148606459895758
10.52,50.080000000000005,0.32968238176555603,0.12331829761348048
10.55,50.080000000000005,0.2886704785498573,0.06689371601251691
10.58,50.080000000000005,0.265345822133113,0.05682585148245503
10.61,50.080000000000005,0.2540995058176441,0.050880591108926496
10.64,50.080000000000005,0.2475048873889276,0.047214500548141775
10.67,50.080000000000005,0.23540159183901407,0.03993676137349466
10.7,50.080000000000005,0.2345620148983151,0.03752434225514788
10.73,50.080000000000005,0.24968836904745897,0.04811452319423298
10.76,50.080000000000005,0.26061596123487496,0.05831876109086207
10.790000000000001,50.080000000000005,0.25428788937465024,0.04910999990233138
10.82,50.080000000000005,0.2614089205812578,0.05479966405568987
10.85,50.080000000000005,0.27444682911951324,0.07259260226341417
10.88,50.080000000000005,0.2762259380286115,0.07736834540762044
10.91,50.080000000000005,0.2836314586304178,0.07161551420182964
10.940000000000001,50.080000000000005,0.28627206768991403,0.07436035617515765
10.97,50.080000000000005,0.30993028520417165,0.09241161806875506
11,50.080000000000005,0.4160270827572905,0.1293232644902012
11.030000000000001,50.080000000000005,0.5901675788843941,0.0778814798679215
11.06,50.080000000000005,0.3564351818770901,0.11005391424609116
11.09,50.080000000000005,0.31064143174666387,0.09335800273363618
11.120000000000001,50.080000000000005,0.29170594689834534,0.06589638736254431
11.15,50.080000000000005,0.2509220203419125,0.0403575717313137
11.18,50.080000000000005,0.25118967364232475,0.05478856359232579
11.21,50.080000000000005,0.2481837444059678,0.05250179572975866
11.24,50.080000000000005,0.23946533632762676,0.05165567413535345
11.27,50.080000000000005,0.233569317753263,0.05291989530642871
11.3,50.080000000000005,0.24497286813040867,0.05372358717699072
11.33,50.080000000000005,0.2702796793657954,0.06757190782871414
11.36,50.080000000000005,0.28899806475214296,0.07099929855100283
11.39,50.080000000000005,0.27853399415290364,0.0669075301067417
11.42,50.080000000000005,0.2541821739032416,0.0612892365943896
11.45,50.080000000000005,0.22926182504165074,0.05483712431786172
11.48,50.080000000000005,0.21214681247355968,0.04988932670303664
11.51,50.080000000000005,0.205311166566869,0.049041075266284206
11.54,50.080000000000005,0.20222731899191096,0.045293307337211326
11.57,50.080000000000005,0.20609992911380484,0.04532096752152578
11.6,50.080000000000005,0.21013357951703288,0.04777975948391141
11.63,50.080000000000005,0.21055811541603728,0.04787309389213211
11.66,50.080000000000005,0.20905899451289162,0.050371241424815756
11.690000000000001,50.080000000000005,0.20771090598192132,0.04972918694640481
11.72,50.080000000000005,0.20372419697844849,0.048467515610080676
11.75,50.080000000000005,0.19921120094903882,0.04858460863060744
11.780000000000001,50.080000000000005,0.19688821644393303,0.04813849169726829
11.81,50.080000000000005,0.19534981264790918,0.04724185328173138
11.84,50.080000000000005,0.19151115388698842,0.0441311030149528
11.870000000000001,50.080000000000005,0.1840438395710091,0.039662721751304454
11.9,50.080000000000005,0.17796329130590408,0.036201631847320836
11.93,50.080000000000005,0.17481906022338434,0.03477482965916205
11.96,50.080000000000005,0.1711855426372259,0.031895054661615026
11.99,50.080000000000005,0.17197129171204653,0.03352133517388696
12.02,50.080000000000005,0.1728492180744025,0.034990199930532304
12.05,50.080000000000005,0.17101002568880508,0.03220894516695162
12.08,50.080000000000005,0.17123646214262747,0.03199191054649534
12.11,50.080000000000005,0.1722725432765025,0.0330636940484616
12.14,50.080000000000005,0.17479667552310488,0.03177483464533135
12.17,50.080000000000005,0.17673658084684055,0.03444953084313936
12.2,50.080000000000005,0.1785538288037124,0.03279360433551234
12.23,50.080000000000005,0.18772508114666542,0.03410261734455873
9.08,50.11,0.3172727235408686,0.0731539398568755
9.110000000000001,50.11,0.31359349141146137,0.07295008208772001
9.14,50.11,0.31777293094470277,0.09846698340348463
9.200000000000001,50.11,0.2838123488465719,0.07094375417331317
9.23,50.11,0.2724754203652378,0.06302654822283542
9.26,50.11,0.2637273373784629,0.057654244983649974
9.290000000000001,50.11,0.2504328511345281,0.0514388299402959
9.32,50.11,0.2444087472464371,0.0495469343285019
9.35,50.11,0.23567158383424897,0.04811145189043247
9.38,50.11,0.23256642930917745,0.045018805899152185
9.530000000000001,50.11,0.24820575363577757,0.04565358163538258
9.56,50.11,0.24915093694773868,0.045477546444923383
9.59,50.11,0.25276718834476986,0.0490002573276051
9.620000000000001,50.11,0.2596461776930884,0.05199618995369764
9.65,50.11,0.26550400001708124,0.05327223041769435
9.68,50.11,0.2734050155630691,0.05420505476277031
9.71,50.11,0.2781834448585094,0.058106413785695595
9.74,50.11,0.29364800090579574,0.06535045049781245
9.77,50.11,0.3118163424831703,0.07194997210843256
9.8,50.11,0.31423075703423536,0.07183549126005359
9.83,50.11,0.29954020556077465,0.068513709620118865
9.86,50.11,0.2945354414740376,0.06256905658115755
9.89,50.11,0.3587426987530147,0.08910020004510864
9.92,50.11,0.47692773287755785,0.1638291365182312
9.950000000000001,50.11,0.42480020547209313,0.1058327386719362
9.98,50.11,0.43112271272204244,0.12231414497418316
10.01,50.11,0.45887681998994995,0.14177284860320907
10.040000000000001,50.11,0.41879832387605354,0.12255995385922266
10.07,50.11,0.35914427145458516,0.07660953252105097
10.1,50.11,0.32692269245360245,0.06943710145204236
10.13,50.11,0.3188316265486356,0.08655054731220936
10.16,50.11,0.3310418667065658,0.09636975178129323
10.190000000000001,50.11,0.33719493670825973,0.08675756610112896
10.22,50.11,0.3126032475274014,0.07124863985933512
10.25,50.11,0.29374486699176894,0.06299928440553644
10.280000000000001,50.11,0.27554323185554036,0.056545377635547574
10.31,50.11,0.2728364454703004,0.05541567355651541
10.34,50.11,0.261398641801502,0.052676767697292244
10.370000000000001,50.11,0.2486128792713208,0.04107538952918535
10.4,50.11,0.24733905512825424,0.03861884802829639
10.43,50.11,0.250607076591289,0.04058661865964212
10.46,50.11,0.2677223557124064,0.05044409451446677
10.49,50.11,0.32732184147210436,0.08023485690758456
10.52,50.11,0.39141923673044826,0.14453712413975628
10.55,50.11,0.3060375493797848,0.07367681147484134
10.58,50.11,0.27153527686636386,0.05766331896773412
10.61,50.11,0.25327081795576534,0.05204807143302205
10.64,50.11,0.2432392569075664,0.045822499422171106
10.67,50.11,0.23196247108437568,0.03948972107055313
10.7,50.11,0.2307615702397536,0.04036568770060393
10.73,50.11,0.23668313589841974,0.03930314102526273
10.76,50.11,0.25255916478075446,0.04618149930935097
10.790000000000001,50.11,0.2513464891930396,0.048221167116069864
10.82,50.11,0.2547502931770919,0.05276697559497567
10.85,50.11,0.2623985571832299,0.06831037942579399
10.88,50.11,0.2716188214419915,0.06775169292293096
10.91,50.11,0.2906457747951495,0.07758936425620298
10.940000000000001,50.11,0.28043808768002326,0.0722041329121861
10.97,50.11,0.30514095902043625,0.08482829104217711
11,50.11,0.42638593062885166,0.1327120173137098
11.030000000000001,50.11,0.5106646649468285,0.11354593014693497
11.06,50.11,0.3636168591553337,0.10920642642303574
11.09,50.11,0.2549954480937975,0.05996124643619042
11.120000000000001,50.11,0.23838657225015267,0.04271844126872189
11.15,50.11,0.22587345279833074,0.034342128534617176
11.18,50.11,0.22692539352723975,0.034246374147653726
11.21,50.11,0.23188323803198388,0.0502021533727501
11.24,50.11,0.22393722538848854,0.03784613722670361
11.27,50.11,0.22173710684847356,0.041094036583409994
11.3,50.11,0.23085695296528233,0.046529387200724685
11.33,50.11,0.24630732694749707,0.05232180886675492
11.36,50.11,0.25958741610099517,0.05800026539999314
11.39,50.11,0.25836328370513584,0.058773907325048086
11.42,50.11,0.24472052990785584,0.057302658875860904
11.45,50.11,0.22428196911167625,0.05304022799596968
11.48,50.11,0.21048684601247922,0.04893091851648456
11.51,50.11,0.20317399979057202,0.0459420986357775
11.54,50.11,0.20042816574428793,0.045331599583796595
11.57,50.11,0.19985304542449392,0.04403877086589104
11.6,50.11,0.2019741551166621,0.048360237488717074
11.63,50.11,0.2018636277313285,0.04794415737420983
11.66,50.11,0.20551933692947,0.04781041366438407
11.690000000000001,50.11,0.2113043237850061,0.051181931076902776
11.72,50.11,0.21004084443960638,0.054001318429455394
11.75,50.11,0.20051048925651233,0.048516121548773654
11.780000000000001,50.11,0.19463861066673893,0.0454544962723737
11.81,50.11,0.1912492696248317,0.04409208970003043
11.84,50.11,0.19089063577211882,0.04529769042713907
11.870000000000001,50.11,0.1874027442117497,0.043165811285314576
11.9,50.11,0.17729988328197652,0.03682305853478817
11.93,50.11,0.17457276548674605,0.03623277423597018
11.96,50.11,0.1711703538108897,0.033587229645757145
11.99,50.11,0.1709420460165174,0.033650324893711746
12.02,50.11,0.17133734128955516,0.0333382464151847
12.05,50.11,0.1699651444816279,0.03282143092462519
12.08,50.11,0.1716616257424158,0.03232202686000194
12.11,50.11,0.17152110662780076,0.03213811592482047
12.14,50.11,0.1729440625980958,0.03261295377951834
12.17,50.11,0.17509209070610335,0.03225836447679082
9.23,50.14,0.2717708579111238,0.06233738832517006
9.26,50.14,0.2647370470804557,0.05981754354929474
9.290000000000001,50.14,0.25389135386464584,0.05542657943598523
9.530000000000001,50.14,0.2471690628135134,0.04592277836989023
9.56,50.14,0.24769832362473373,0.04718235139717873
9.59,50.14,0.25223266232963076,0.04821843680093492
9.620000000000001,50.14,0.25493544869190266,0.046480278136684185
9.65,50.14,0.26210758735300543,0.04880265867297854
9.68,50.14,0.26759018703800536,0.05005556072657697
9.71,50.14,0.2761793366731207,0.05679956146147748
9.74,50.14,0.2916282951709437,0.06196676794100263
9.77,50.14,0.30874542159808666,0.07337160464982233
9.8,50.14,0.3167826477599492,0.07173825410222978
9.83,50.14,0.2981775559298646,0.06372814238082489
9.86,50.14,0.29917448479229525,0.06310122141136212
9.89,50.14,0.34903378605203955,0.08827009851642631
9.92,50.14,0.4046466296814645,0.10036747704013262
9.950000000000001,50.14,0.4076709576527537,0.11183112353153248
9.98,50.14,0.379049387658799,0.10719206906632507
10.01,50.14,0.3884026525743532,0.10278823019934759
10.040000000000001,50.14,0.38507112256857395,0.12134360629665017
10.07,50.14,0.3229461173896483,0.07433667365880077
10.1,50.14,0.3022796955760251,0.06128803627795218
10.13,50.14,0.31739313251819545,0.08239805504287524
10.16,50.14,0.32906678613883195,0.07819741181737314
10.190000000000001,50.14,0.36585073595131534,0.08854275152872618
10.22,50.14,0.3473462219610127,0.07897386698628972
10.25,50.14,0.2991835331437414,0.06567244283548151
10.280000000000001,50.14,0.2700433676856138,0.0645812103200328
10.31,50.14,0.254631016418228,0.05874915354702167
10.34,50.14,0.2595135900483808,0.05199558443016199
10.370000000000001,50.14,0.2587232216849981,0.04129183292073373
10.4,50.14,0.2610842395369987,0.04415770556761165
10.43,50.14,0.2738462249834882,0.05106304482250161
10.46,50.14,0.27818248623294634,0.05835107594413192
10.49,50.14,0.3064279401995732,0.07486431213106202
10.52,50.14,0.34439893267552046,0.07824957044321681
10.55,50.14,0.29389140709844763,0.0719914827205689
10.58,50.14,0.2722023978657192,0.05885993445059893
10.61,50.14,0.2554788432660969,0.05058547527021764
10.64,50.14,0.24179212632454433,0.04476017920605416
10.67,50.14,0.23091412039350906,0.039888695714754396
10.7,50.14,0.2278282172817178,0.03807012118869375
10.73,50.14,0.23744488246251577,0.04285138336213135
10.76,50.14,0.2530432978151936,0.04750128075533278
10.790000000000001,50.14,0.25206133416834,0.04707135000664748
10.82,50.14,0.2515770985105791,0.049421848926987776
10.85,50.14,0.2601644268473111,0.05997994348386145
10.88,50.14,0.2598412472588985,0.05265277203473746
10.91,50.14,0.26361398536302394,0.06036211436251384
10.940000000000001,50.14,0.2833070210695852,0.07002841225263189
10.97,50.14,0.29332038160985957,0.07281536527779349
11,50.14,0.3122163962673921,0.08933674025197569
11.030000000000001,50.14,0.32425007946859874,0.12463779243872565
11.06,50.14,0.29334649519964034,0.09413430418136559
11.09,50.14,0.2784846054797737,0.06947495868443126
11.120000000000001,50.14,0.23876730929258458,0.0628085653666351
11.15,50.14,0.25023785889094446,0.07123528763753409
11.18,50.14,0.24260354747031504,0.06273348506605282
11.21,50.14,0.2117417139095354,0.03555208996542251
11.24,50.14,0.21162656204789507,0.036261501811316627
11.27,50.14,0.2138521674388536,0.039326302202394955
11.3,50.14,0.2231203471841724,0.04358752403308757
11.33,50.14,0.23748299401876394,0.05533181224806194
11.36,50.14,0.252459136281156,0.07431903387693146
11.39,50.14,0.24997234516071404,0.06643780290724288
11.42,50.14,0.23794979268306404,0.057934944068630596
11.45,50.14,0.21996313964208722,0.05186306109234908
11.48,50.14,0.20889816416526355,0.048614980760498326
11.51,50.14,0.2020779018285951,0.044909397381963596
11.54,50.14,0.19763147539157797,0.04246585032494198
11.57,50.14,0.19651416089317814,0.042084956141409245
11.6,50.14,0.1982517180954499,0.045564679123569124
11.63,50.14,0.1996089022738716,0.047445592299732796
11.66,50.14,0.2055554362438642,0.049953823369992344
11.690000000000001,50.14,0.21508490757591928,0.06170598014834667
11.72,50.14,0.21210154637139947,0.06113836897276814
11.75,50.14,0.20370399892435787,0.051611134038100796
11.780000000000001,50.14,0.1951318681702008,0.04609236633830743
11.81,50.14,0.1906218780386593,0.045468473434031924
11.84,50.14,0.18790086865558261,0.04462983885520834
11.870000000000001,50.14,0.18707383274240943,0.043905239557681414
11.9,50.14,0.18186362376743745,0.04221729341250555
11.93,50.14,0.17325491677559413,0.03526667741960947
11.96,50.14,0.17134341584836466,0.03471880793849466
11.99,50.14,0.17183231238929836,0.035134320497717704
12.02,50.14,0.17101834690670706,0.032661996092400454
12.05,50.14,0.17161498870668201,0.03277891448418677
12.08,50.14,0.17103922528768492,0.03111480736328915
12.11,50.14,0.17300731475775052,0.03235777210318867
12.14,50.14,0.17210256169477767,0.03244435302415155
12.17,50.14,0.17331384139497705,0.031284530670874666
9.530000000000001,50.17,0.2473432141713859,0.04703944315748342
9.56,50.17,0.249611333711885,0.04747579715589323
9.59,50.17,0.2522348819718715,0.04478066707734929
9.620000000000001,50.17,0.2569022879290485,0.04415140403749871
9.65,50.17,0.26010606599145164,0.04993680784980748
9.68,50.17,0.2683078083333822,0.05245774254592238
9.71,50.17,0.2776073406442147,0.055639828167915475
9.74,50.17,0.2941541788294153,0.06263193978366079
9.77,50.17,0.30206435923450686,0.06658656093995481
9.8,50.17,0.30490463358573106,0.06335758155984447
9.83,50.17,0.2916535797504172,0.05661462956169743
9.86,50.17,0.2972960452489282,0.05961795254062907
9.89,50.17,0.32567450769879425,0.07422519743278175
9.92,50.17,0.3440795235298654,0.08468923213283505
9.950000000000001,50.17,0.35313556900734794,0.08525311672158688
9.98,50.17,0.34536989849499683,0.08804272651946092
10.01,50.17,0.3351233646887261,0.08532431564998104
10.040000000000001,50.17,0.32124361202670587,0.08068824858493794
10.07,50.17,0.29701057316344476,0.06385931746760586
10.1,50.17,0.2869342224600679,0.06084141696725963
10.13,50.17,0.31436760831189753,0.09217945939942375
10.16,50.17,0.36959090168598696,0.11571795526974434
10.190000000000001,50.17,0.48224712222130883,0.15323737804764093
10.22,50.17,0.42914784894554053,0.11661398153083345
10.25,50.17,0.32413237948209855,0.08860137551349051
10.280000000000001,50.17,0.31328815094549,0.1326406530040914
10.31,50.17,0.2634602357143608,0.07059123090413534
10.34,50.17,0.2711807774859876,0.0515623307997772
10.370000000000001,50.17,0.28159075727843563,0.05102429181922781
10.4,50.17,0.31024584385421317,0.05739438408155328
10.43,50.17,0.3164363743331409,0.06760518637755239
10.46,50.17,0.30492736606353366,0.08659458751789462
10.49,50.17,0.3006344633527624,0.07823241087223125
10.52,50.17,0.3036836723594857,0.06292630516536402
10.55,50.17,0.2805668783353453,0.060498426963688616
10.58,50.17,0.26910111591598607,0.05348349796825975
10.61,50.17,0.2580996573540884,0.051300694438968494
10.64,50.17,0.24193820396084298,0.04595211287378196
10.67,50.17,0.2323448403535291,0.044839228907858554
10.7,50.17,0.22771099597582672,0.03562508378012712
10.73,50.17,0.24214365992461048,0.04410219222652343
10.76,50.17,0.258062910407401,0.05241964355452899
10.790000000000001,50.17,0.2700049511110707,0.05777047486342078
10.82,50.17,0.2857623387347712,0.07384098238738813
10.85,50.17,0.2836605766876392,0.07824605987511918
10.88,50.17,0.25068503393725905,0.05266267121644175
10.91,50.17,0.25483183775515433,0.05874549333401737
10.940000000000001,50.17,0.2815199531519544,0.06974258848524836
10.97,50.17,0.2951045678337006,0.0737017516314226
11,50.17,0.30347990316246554,0.07938431444530707
11.030000000000001,50.17,0.303872399381404,0.08581871445061315
11.06,50.17,0.2821766744653421,0.07167448704825072
11.09,50.17,0.26414542117840356,0.057832913032210324
11.120000000000001,50.17,0.24946532056559742,0.07757105418577266
11.15,50.17,0.2486032757222008,0.0686413086690639
11.18,50.17,0.2351803247516291,0.06270381926718208
11.21,50.17,0.20646899465503107,0.035727060557605515
11.24,50.17,0.20344643553942082,0.0351599465570238
11.27,50.17,0.20861844541871583,0.0328084693972506
11.3,50.17,0.22559281492909816,0.04823577402206489
11.33,50.17,0.2391522503295356,0.06323110665213987
11.36,50.17,0.25682366093980363,0.09944786411441366
11.39,50.17,0.24296132756016828,0.07484163180995909
11.42,50.17,0.23159241320112067,0.06014456199604449
11.45,50.17,0.216179031231295,0.05031119662900551
11.48,50.17,0.20756605941429285,0.04881397383225452
11.51,50.17,0.20124261492104942,0.044868071787814746
11.54,50.17,0.19708420607180527,0.041886909232674616
11.57,50.17,0.1949720948997384,0.041330670413609584
11.6,50.17,0.19506606813856614,0.04168336117047795
11.63,50.17,0.19724638763149185,0.044452526206471193
11.66,50.17,0.20255806359560516,0.04807840102674592
11.690000000000001,50.17,0.20613858187807785,0.05305191514254639
11.72,50.17,0.20409016907009428,0.05264573728921027
11.75,50.17,0.19951155158551728,0.049148884947270724
11.780000000000001,50.17,0.19466255293365436,0.04595505430541381
11.81,50.17,0.18937048360205389,0.045023786277103586
11.84,50.17,0.1867405703063564,0.04410686158562854
11.870000000000001,50.17,0.1851123208443181,0.04469213230935625
11.9,50.17,0.18323183831943898,0.043494374418576426
11.93,50.17,0.17837010509505535,0.03972360268193963
11.96,50.17,0.17264943884356462,0.0354963875898241
11.99,50.17,0.17291165440705059,0.03449244324232899
12.02,50.17,0.1738294341439066,0.03426948629691226
12.05,50.17,0.17385556563383103,0.032479718458611216
12.08,50.17,0.17447225036499406,0.033255712976471966
12.11,50.17,0.17285957231817434,0.031086524215190918
12.14,50.17,0.17270561475833254,0.03244180256383182
12.17,50.17,0.17371879239810048,0.032039818860487006
9.530000000000001,50.2,0.24966002629687542,0.04741006922340062
9.56,50.2,0.25008513280934885,0.04431773383198851
9.59,50.2,0.2532907884939377,0.044231487829839586
9.620000000000001,50.2,0.25599156982440013,0.04607458478891583
9.65,50.2,0.26088132688279975,0.04864423903783949
9.68,50.2,0.27062007465360266,0.05328008685992688
9.71,50.2,0.2828679656881981,0.05783630079238715
9.74,50.2,0.29093037796229104,0.06588487768048722
9.77,50.2,0.30020023147646346,0.06857414103417013
9.8,50.2,0.2923839019044719,0.05700681330663183
9.83,50.2,0.28508386430787763,0.05426131972131218
9.86,50.2,0.2961907926870319,0.05729572920063484
9.89,50.2,0.308905642259994,0.06790350597850943
9.92,50.2,0.3170086397513925,0.07481879054344999
9.950000000000001,50.2,0.3228748864003998,0.08086454256036826
9.98,50.2,0.3183067827312959,0.0833433801160311
10.01,50.2,0.30878217663421037,0.07904808620940164
10.040000000000001,50.2,0.2890530447440361,0.06529679932608268
10.07,50.2,0.28040342883040636,0.05618835100146658
10.1,50.2,0.29298611387685514,0.06000872419659527
10.13,50.2,0.31579092742091647,0.07576161522249239
10.16,50.2,0.34709924052142677,0.09705952548527728
10.190000000000001,50.2,0.41625242292196724,0.11243969258774177
10.22,50.2,0.38337735113086635,0.1051707958509431
10.25,50.2,0.39221754060917174,0.12925075709985823
10.280000000000001,50.2,0.31541715269125814,0.11890586917713454
10.31,50.2,0.2686690274836851,0.07066490361025375
10.34,50.2,0.27019575728171197,0.05223638350894504
10.370000000000001,50.2,0.29995716844299014,0.06993547446193621
10.4,50.2,0.3271305214559382,0.09259248527043215
10.43,50.2,0.2980398571488912,0.06024144925666451
10.46,50.2,0.27501263825484745,0.06207378148559142
10.49,50.2,0.269596356527149,0.059762355695991504
10.52,50.2,0.27074095716198693,0.05107345585238003
10.55,50.2,0.27263444545725607,0.053825636598734655
10.58,50.2,0.26703477874093645,0.05194924757886805
10.61,50.2,0.2563972190946879,0.04901711122894758
10.64,50.2,0.2449395073928875,0.04618614110967326
10.67,50.2,0.23577236967383372,0.04599355526263901
10.7,50.2,0.23322195499131412,0.04094448888409017
10.73,50.2,0.25057326926103624,0.04938060591845103
10.76,50.2,0.2783035974950926,0.06338589672257916
10.790000000000001,50.2,0.3059523764700556,0.08019287803317825
10.82,50.2,0.348780125376232,0.1209214654379577
10.85,50.2,0.3371473832129363,0.13210970983545564
10.88,50.2,0.2560884699162245,0.05756434891974687
10.91,50.2,0.24079232957982324,0.04878898166355901
10.940000000000001,50.2,0.2573781543326768,0.057107999690361774
10.97,50.2,0.27982274550946695,0.06475519638863107
11,50.2,0.28240937730082105,0.05982351867397074
11.030000000000001,50.2,0.2756466444221483,0.05884778083159699
11.06,50.2,0.28170903447522927,0.06650519641513614
11.09,50.2,0.2756024139426227,0.08704934455044991
11.120000000000001,50.2,0.236417691084901,0.04655241520317156
11.15,50.2,0.22459376238764184,0.05096110075520145
11.18,50.2,0.20794941890344773,0.03733373760066881
11.21,50.2,0.19983559681336224,0.03232375909763548
11.24,50.2,0.20231474721872697,0.03169900517145018
11.27,50.2,0.2133377072192005,0.03628967831144212
11.3,50.2,0.2406336515404743,0.0713544086752104
11.33,50.2,0.24280614315884091,0.07168950911457193
11.36,50.2,0.23547655713494328,0.06297344104001149
11.39,50.2,0.22805768279390765,0.059365474588502734
11.42,50.2,0.22098988336271397,0.053826551802141985
11.45,50.2,0.21349002901152422,0.046344025058883624
11.48,50.2,0.2064924517863206,0.046165429786326165
11.51,50.2,0.2003998014486728,0.04392346579094335
11.54,50.2,0.19588425337652368,0.04125268902077931
11.57,50.2,0.1941455617960064,0.04038724050192692
11.6,50.2,0.19386834912680928,0.04087258672967319
11.63,50.2,0.19463952534033835,0.04036584719952527
11.66,50.2,0.19774681774038264,0.04391414494401084
11.690000000000001,50.2,0.19904590053154383,0.045964428805269644
11.72,50.2,0.19679631110580037,0.0463736933211363
11.75,50.2,0.19380758206246668,0.04531868329438021
11.780000000000001,50.2,0.19146908483878328,0.04591016710981321
11.81,50.2,0.1890295447650817,0.04555972067475312
11.84,50.2,0.18525596495903032,0.04486007860814928
11.870000000000001,50.2,0.18355366845020465,0.043945746719065884
11.9,50.2,0.18269692392790407,0.044646013559673625
11.93,50.2,0.18001605825140599,0.0399631935295902
11.96,50.2,0.1783720088151088,0.03805484603982201
11.99,50.2,0.17747750853428879,0.03666125857234668
12.02,50.2,0.17896487163946287,0.03695462300340721
12.05,50.2,0.17985164719134253,0.03753872397190188
12.08,50.2,0.17818641166530919,0.035378506565820735
12.11,50.2,0.17677546883921083,0.032342716275426474
12.14,50.2,0.17462817483900836,0.032044715625073064
9.530000000000001,50.230000000000004,0.2490863449298657,0.04421697978344348
9.65,50.230000000000004,0.26066843566594833,0.04746865343190902
9.68,50.230000000000004,0.27017828254940934,0.05505299760343651
9.71,50.230000000000004,0.2827008898635397,0.06032021631405291
9.74,50.230000000000004,0.2902937765739448,0.06662164277960246
9.77,50.230000000000004,0.29726113407159693,0.06837341023798293
9.8,50.230000000000004,0.2892521707976971,0.055291414847619624
9.83,50.230000000000004,0.28647757034109067,0.05587830101276054
9.86,50.230000000000004,0.29191359651768756,0.060522201732118155
9.89,50.230000000000004,0.29577712130540057,0.06443197750658484
9.92,50.230000000000004,0.3035663683493446,0.07048397211422995
9.950000000000001,50.230000000000004,0.31197013857049477,0.07693868650924178
9.98,50.230000000000004,0.29953272496114425,0.07266288629104434
10.01,50.230000000000004,0.2898385993584772,0.06571319559947524
10.040000000000001,50.230000000000004,0.2820053551167658,0.06054033839718599
10.07,50.230000000000004,0.2819693163971816,0.05467620862840865
10.1,50.230000000000004,0.3134622483618645,0.060657355088935015
10.13,50.230000000000004,0.3140646970969532,0.06621464043884773
10.16,50.230000000000004,0.29721545697729324,0.07752115559178407
10.190000000000001,50.230000000000004,0.33232563550916094,0.09933595326672214
10.22,50.230000000000004,0.35145720274474634,0.12095504204018799
10.25,50.230000000000004,0.3391921564789624,0.12227016573963387
10.280000000000001,50.230000000000004,0.28229168423455075,0.0786225143658313
10.31,50.230000000000004,0.2782081186935051,0.06083521198215746
10.34,50.230000000000004,0.2732156560648705,0.05509089080466473
10.370000000000001,50.230000000000004,0.27536620030062187,0.054360792761359675
10.4,50.230000000000004,0.264571341691598,0.055219847840888264
10.43,50.230000000000004,0.26229293807798104,0.04886913024759023
10.46,50.230000000000004,0.26886970097212454,0.054473141011489964
10.49,50.230000000000004,0.2718425161286703,0.05173044140585443
10.52,50.230000000000004,0.27660102061373504,0.057792979419595825
10.55,50.230000000000004,0.27219944877004537,0.05831719742834685
10.58,50.230000000000004,0.2665981322302111,0.054925708433127884
10.61,50.230000000000004,0.25855218945063463,0.0516074283946276
10.73,50.230000000000004,0.25444431614262686,0.0566029685671292
10.76,50.230000000000004,0.2880961956151487,0.07802514354345438
10.790000000000001,50.230000000000004,0.32495335672677395,0.10001551273557896
10.82,50.230000000000004,0.35005334806032545,0.11642448637590118
10.85,50.230000000000004,0.30326427203862044,0.08630241278895126
10.88,50.230000000000004,0.24581530139122537,0.054727936245974065
10.91,50.230000000000004,0.23389584645233527,0.04655866970626567
10.940000000000001,50.230000000000004,0.24152276903923534,0.04200695984922425
10.97,50.230000000000004,0.2628647276789623,0.053089187157112395
11,50.230000000000004,0.2701558770656814,0.05613669907982211
11.030000000000001,50.230000000000004,0.257876093132466,0.05244262656986294
11.06,50.230000000000004,0.25169037021653845,0.04442397554210706
11.09,50.230000000000004,0.24453182841011137,0.05289007510242719
11.120000000000001,50.230000000000004,0.2299050331824833,0.03808304962668911
11.15,50.230000000000004,0.21657841408418452,0.03340090562135138
11.18,50.230000000000004,0.20664352938143415,0.032639741626259086
11.21,50.230000000000004,0.2018660693645441,0.033714963538298774
11.24,50.230000000000004,0.20682181260178237,0.044045846411886865
11.27,50.230000000000004,0.2169684985879681,0.05397964954085556
11.3,50.230000000000004,0.22857632779400863,0.05719811118857763
11.33,50.230000000000004,0.22921647748060944,0.05603796521643532
11.36,50.230000000000004,0.2225147231266929,0.04905130053666682
11.39,50.230000000000004,0.22004269961971643,0.04715609422331613
11.42,50.230000000000004,0.21482152488044587,0.047390143082951294
11.45,50.230000000000004,0.2054436775638124,0.04296107939228002
11.48,50.230000000000004,0.20284004899016692,0.0439295061187389
11.51,50.230000000000004,0.19907136150919952,0.04283626809199531
11.54,50.230000000000004,0.1955818163015527,0.04085461490722896
11.57,50.230000000000004,0.19389424199273386,0.04009085166816004
11.6,50.230000000000004,0.19256026557184203,0.03882904319085013
11.63,50.230000000000004,0.19260010716758505,0.03954848648172523
11.66,50.230000000000004,0.19460580425944268,0.041803587244036676
11.690000000000001,50.230000000000004,0.19436916738641383,0.04204199842131163
11.72,50.230000000000004,0.193458715573654,0.044049444403970586
11.75,50.230000000000004,0.19069530410943528,0.043990974232045676
11.780000000000001,50.230000000000004,0.18947961135520558,0.045507302864738426
11.81,50.230000000000004,0.18701443864601322,0.045809990808319226
11.84,50.230000000000004,0.18556425141186275,0.045602301181052726
11.870000000000001,50.230000000000004,0.18277634339814147,0.04492807840623208
11.9,50.230000000000004,0.1816934190471264,0.04417206924631873
11.93,50.230000000000004,0.18391896903802663,0.042220316691903424
11.96,50.230000000000004,0.1842043306577436,0.04093629501141396
11.99,50.230000000000004,0.18552735974910017,0.04252579711548715
12.02,50.230000000000004,0.18804429039332426,0.04695978739047277
12.05,50.230000000000004,0.1861066975241068,0.044942205356920874
12.08,50.230000000000004,0.18384724963507942,0.041166985800648107
9.68,50.260000000000005,0.2721734958929805,0.057333269892459904
9.71,50.260000000000005,0.2839609561278752,0.06310480553765739
9.74,50.260000000000005,0.2943321334816199,0.06652313639957684
9.77,50.260000000000005,0.28988680022348207,0.06202111792046268
9.8,50.260000000000005,0.2872947420540885,0.057215974944901854
9.83,50.260000000000005,0.2869200729210539,0.05557163830875666
9.86,50.260000000000005,0.28306516850268454,0.06095880374668578
9.89,50.260000000000005,0.29197059675458364,0.06400313982334467
9.92,50.260000000000005,0.297539518699269,0.06672831840239923
9.950000000000001,50.260000000000005,0.3005136773119479,0.06580425388037492
9.98,50.260000000000005,0.28924019447708366,0.061199015130209165
10.01,50.260000000000005,0.2784328913122407,0.061040068214722035
10.040000000000001,50.260000000000005,0.27088957559812193,0.05947093863882753
10.07,50.260000000000005,0.27436906394815197,0.05659091342897713
10.1,50.260000000000005,0.28692405028463686,0.06184425996115523
10.13,50.260000000000005,0.2930143118769354,0.07546539000238456
10.16,50.260000000000005,0.32610952494217016,0.09811511721456828
10.190000000000001,50.260000000000005,0.3952150542839824,0.11910625032169254
10.22,50.260000000000005,0.3323884121541099,0.09222894934965152
10.25,50.260000000000005,0.31259377371925356,0.0847589640828362
10.280000000000001,50.260000000000005,0.28163800948223644,0.059033824215709484
10.31,50.260000000000005,0.28767488433491417,0.0527637510794929
10.34,50.260000000000005,0.3092311929210208,0.07564330115661246
10.370000000000001,50.260000000000005,0.31321937104416975,0.0646485738179848
10.4,50.260000000000005,0.2876765943086429,0.06466365214972486
10.43,50.260000000000005,0.28316775383914927,0.06170779288571769
10.46,50.260000000000005,0.29442657935852795,0.0653040476855741
10.49,50.260000000000005,0.3051286998364652,0.07207351861357031
10.52,50.260000000000005,0.30905822803674987,0.09391280704830757
10.55,50.260000000000005,0.2928112735756619,0.08202278544626677
10.58,50.260000000000005,0.2812867397794073,0.07132691407199915
10.85,50.260000000000005,0.25493464803445537,0.06436273561101047
10.88,50.260000000000005,0.23485457260787768,0.049630975022328536
10.91,50.260000000000005,0.23060332270668513,0.04006463684921647
10.940000000000001,50.260000000000005,0.239125611758932,0.04343895081240502
10.97,50.260000000000005,0.26636941043825196,0.06039789905345099
11,50.260000000000005,0.2633719286927309,0.06234741199076038
11.030000000000001,50.260000000000005,0.25498433157035016,0.057360675553187586
11.06,50.260000000000005,0.2552843365321393,0.05504930449838341
11.09,50.260000000000005,0.25359222723528574,0.0782572389505172
11.120000000000001,50.260000000000005,0.2505770333314568,0.050581041404892245
11.15,50.260000000000005,0.24074426451879333,0.052208654442003205
11.18,50.260000000000005,0.21193043421055283,0.03484665435067716
11.21,50.260000000000005,0.20504988792147466,0.03440422420217188
11.24,50.260000000000005,0.20764551433271963,0.045502644404671756
11.27,50.260000000000005,0.21271176545041742,0.05290034647018276
11.3,50.260000000000005,0.21357636746909683,0.039976615495844206
11.33,50.260000000000005,0.2140018568624757,0.037963819616085574
11.36,50.260000000000005,0.21403585325387559,0.03971107231071562
11.39,50.260000000000005,0.21393076373965486,0.041490902242049224
11.42,50.260000000000005,0.21056928280450066,0.041970281866100745
11.45,50.260000000000005,0.20305618549126497,0.03913552659652962
11.48,50.260000000000005,0.19753325729962745,0.040546947583426036
11.51,50.260000000000005,0.19584078436501928,0.0417175698490698
11.54,50.260000000000005,0.1937545533113064,0.03924493299803373
11.57,50.260000000000005,0.19177756695271928,0.03890063233865019
11.6,50.260000000000005,0.1913060786845219,0.038881227842394415
11.63,50.260000000000005,0.19062164588069458,0.036772942273492565
11.66,50.260000000000005,0.19061922501647074,0.038749867323126595
11.690000000000001,50.260000000000005,0.19123023842189674,0.04057745678435112
11.72,50.260000000000005,0.19099305337227954,0.04133812475024812
11.75,50.260000000000005,0.18930964729569497,0.04289367093581588
11.780000000000001,50.260000000000005,0.1866972283783526,0.04285386948745974
11.81,50.260000000000005,0.18607447714670994,0.045258148547254184
11.84,50.260000000000005,0.18368353680402832,0.04518769192714844
11.870000000000001,50.260000000000005,0.18350972401212431,0.04419503916934632
11.9,50.260000000000005,0.18161305625358512,0.04346299038098009
11.93,50.260000000000005,0.18470306784276974,0.04352144896205768
11.96,50.260000000000005,0.1898200051660484,0.04457309844690404
11.99,50.260000000000005,0.19177122265468075,0.051622926405216166
12.02,50.260000000000005,0.1953744867513083,0.05763882599421689
12.05,50.260000000000005,0.19388519286006142,0.05659181846568513
12.08,50.260000000000005,0.1880569282779996,0.04750370926069117
9.74,50.290000000000006,0.29231163436937624,0.06388351354462718
9.77,50.290000000000006,0.2878242337742732,0.06002019144136181
9.8,50.290000000000006,0.28726966082944766,0.05650501154245268
9.83,50.290000000000006,0.2798769041790032,0.0608292027346162
9.86,50.290000000000006,0.28138188537074404,0.0592594573204733
9.89,50.290000000000006,0.28909667357242536,0.06329691415456883
9.92,50.290000000000006,0.28581462899755,0.061449488707280786
9.950000000000001,50.290000000000006,0.28370525946921626,0.05826107130070826
9.98,50.290000000000006,0.27590178789330927,0.05690970310404734
10.01,50.290000000000006,0.2750219677197563,0.06844843061134259
10.040000000000001,50.290000000000006,0.2721888356562941,0.06604656196166342
10.07,50.290000000000006,0.27138338481268987,0.0669920562191125
10.1,50.290000000000006,0.2874307404295989,0.07950579778817819
10.13,50.290000000000006,0.32504432796137545,0.09245543081453036
10.16,50.290000000000006,0.4044442556018467,0.12507521162011245
10.190000000000001,50.290000000000006,0.5208167495952409,0.18511849643415604
10.22,50.290000000000006,0.3877477387237467,0.10616479902385845
10.25,50.290000000000006,0.32043792753699063,0.06935733754911347
10.280000000000001,50.290000000000006,0.2834124870052076,0.05458505985102614
10.31,50.290000000000006,0.27004590540954376,0.047036305997483006
10.34,50.290000000000006,0.28334850946462153,0.054951009880997624
10.370000000000001,50.290000000000006,0.27909622785678667,0.059739000692844504
10.4,50.290000000000006,0.2857039890221592,0.06739254227358714
10.43,50.290000000000006,0.3674761558306384,0.09783714544654908
10.46,50.290000000000006,0.36114148693505205,0.1056254630792703
10.49,50.290000000000006,0.37079479425759815,0.1574648504087413
10.52,50.290000000000006,0.3145262831833529,0.08652909065926774
10.55,50.290000000000006,0.2943055516110851,0.07928702035003023
10.58,50.290000000000006,0.2834002487190441,0.07192467374288923
10.82,50.290000000000006,0.25814061689395684,0.06070979700516545
10.85,50.290000000000006,0.24396518688910593,0.0534309549799455
10.88,50.290000000000006,0.2378211007322733,0.043128427132144896
10.91,50.290000000000006,0.23378650505623266,0.0403932988370194
10.940000000000001,50.290000000000006,0.2410659511374282,0.04135236546568687
10.97,50.290000000000006,0.28111310207822315,0.08308582867754857
11,50.290000000000006,0.25366759377135084,0.049097050172546286
11.030000000000001,50.290000000000006,0.262906023811862,0.07297918794718473
11.06,50.290000000000006,0.27267133514988323,0.10447727816047823
11.09,50.290000000000006,0.24527757264962247,0.05647387059906237
11.120000000000001,50.290000000000006,0.24363714943622286,0.05088581144412015
11.15,50.290000000000006,0.23807036577417004,0.05209259136370001
11.27,50.290000000000006,0.20755117731269637,0.03937038768272883
11.3,50.290000000000006,0.20546942365518384,0.03475097399880862
11.33,50.290000000000006,0.20687118139579155,0.03304029512896213
11.36,50.290000000000006,0.20866609540026737,0.03497577901186438
11.39,50.290000000000006,0.2087200912601699,0.03622411236855352
11.42,50.290000000000006,0.20785455780126003,0.03900827965382985
11.45,50.290000000000006,0.2015849548507165,0.037212321287482406
11.48,50.290000000000006,0.19626537698810284,0.038070781694915505
11.51,50.290000000000006,0.19365652568199546,0.038540281296076964
11.54,50.290000000000006,0.19287679232161922,0.03847177022466312
11.57,50.290000000000006,0.19037152740499344,0.037714682065277436
11.6,50.290000000000006,0.1889153058815955,0.03587236334148109
11.63,50.290000000000006,0.1882272111421296,0.036062231324512195
11.66,50.290000000000006,0.18740046832245202,0.03553851199427519
11.690000000000001,50.290000000000006,0.18818665599919437,0.038293157323348176
11.72,50.290000000000006,0.18753919931544769,0.040347382917003065
11.75,50.290000000000006,0.18824427360797896,0.041727735586499205
11.780000000000001,50.290000000000006,0.18609083261798842,0.04252640670985183
11.81,50.290000000000006,0.18487189068041143,0.04333441906832502
11.84,50.290000000000006,0.18442852487086495,0.04531916483907403
11.870000000000001,50.290000000000006,0.18281885616452503,0.04442834484974851
11.9,50.290000000000006,0.1836771726416741,0.0430024384131076
11.93,50.290000000000006,0.1858069323799898,0.04522005522216722
11.96,50.290000000000006,0.1917790588722808,0.04834635959014017
11.99,50.290000000000006,0.198070293300909,0.054987893001676606
12.02,50.290000000000006,0.19824364805850164,0.060830295394372666
12.05,50.290000000000006,0.19641564933292338,0.059982355256435686
12.08,50.290000000000006,0.1909178979403765,0.052557253154154236
9.77,50.32,0.29043023594762624,0.060656923798749526
9.8,50.32,0.2799542825665852,0.05760679909562136
9.83,50.32,0.27668010433110374,0.0613176409404861
9.86,50.32,0.2813542289392606,0.059956352997538404
9.89,50.32,0.2737150562240287,0.05736108133530564
9.92,50.32,0.2741937213714369,0.057032341361787205
9.950000000000001,50.32,0.26801615765364256,0.05481964934763926
9.98,50.32,0.26865259205800673,0.0627702796013842
10.01,50.32,0.26739948508022104,0.07046529650777061
10.040000000000001,50.32,0.264927031969854,0.06685554046878031
10.07,50.32,0.27580806735351354,0.06990163693397079
10.1,50.32,0.29747603228142466,0.0793203005941659
10.13,50.32,0.33982814554369933,0.09752890119238422
10.16,50.32,0.42106057188515444,0.12134438321816077
10.190000000000001,50.32,0.5417058936082476,0.1396074094601538
10.22,50.32,0.4445292409929837,0.08594830846516606
10.25,50.32,0.32759110147530096,0.06330868546192539
10.280000000000001,50.32,0.2999946358332391,0.07649413305227046
10.31,50.32,0.27715174942381876,0.06754122637796812
10.34,50.32,0.28864745882176684,0.06394645397799986
10.370000000000001,50.32,0.27178638580014275,0.06049079191288726
10.4,50.32,0.3177048611895782,0.09997677920328289
10.43,50.32,0.3259000661766505,0.07920116602210593
10.46,50.32,0.3215332945254559,0.086101130017259
10.49,50.32,0.3230250014204511,0.08969721373946594
10.52,50.32,0.29834303977942805,0.07264328109323825
10.55,50.32,0.28338555267812376,0.0676654440737631
10.58,50.32,0.27690369310175406,0.06498517660144086
10.73,50.32,0.24028782764322923,0.051997107909486195
10.76,50.32,0.2472070422677716,0.053994474390970514
10.790000000000001,50.32,0.2459176052071736,0.055292559745515196
10.82,50.32,0.25022895254633926,0.05778390466504531
10.85,50.32,0.23886322656477096,0.045309589126682676
10.88,50.32,0.23421832842837415,0.04066694275201698
10.91,50.32,0.23692742014631046,0.04766916802320511
10.940000000000001,50.32,0.23598952162503808,0.040970932671796426
10.97,50.32,0.2429241873688525,0.042242264086446046
11,50.32,0.24257024009240324,0.045323552315508074
11.030000000000001,50.32,0.25052952185097754,0.06570460335041692
11.06,50.32,0.25889327119764316,0.08340569780733122
11.09,50.32,0.2420843970192887,0.05922919186711502
11.120000000000001,50.32,0.23070361063366313,0.05371988389002937
11.15,50.32,0.22739430711737113,0.052731060356087885
11.27,50.32,0.20482451229876286,0.03485373483065726
11.3,50.32,0.20482842633147358,0.032424308832436875
11.33,50.32,0.2043160153117636,0.031589141877799126
11.36,50.32,0.20453020190724208,0.032215616693317246
11.39,50.32,0.20602133739916426,0.03450406683462453
11.42,50.32,0.2044420262310537,0.03759924648284342
11.45,50.32,0.20019195080232596,0.03713251589733576
11.48,50.32,0.19635197960425288,0.03665691358868155
11.51,50.32,0.19219489127784656,0.036792672723789936
11.54,50.32,0.19075928501758707,0.037447618938019685
11.57,50.32,0.1897201041639113,0.036229345263115643
11.6,50.32,0.18718152048663708,0.034605869142811316
11.63,50.32,0.18584035018950315,0.03410798726848967
11.66,50.32,0.18449637408047703,0.03275388808263893
11.690000000000001,50.32,0.18513141293646543,0.03471156896807198
11.72,50.32,0.18451035929453863,0.03677154686415113
11.75,50.32,0.1844534837595847,0.04025916540938195
11.780000000000001,50.32,0.18597050043542687,0.04237980556793362
11.81,50.32,0.1845954287435139,0.043446627464400776
11.84,50.32,0.18362267183008704,0.04346827472144313
11.870000000000001,50.32,0.18386325760685382,0.04444421946456759
11.9,50.32,0.1844797652956176,0.043255834261958996
11.93,50.32,0.18662283455490583,0.04452240562155634
11.96,50.32,0.1911574357080912,0.04766228897046025
11.99,50.32,0.1959946495578239,0.05296882170492929
12.02,50.32,0.19595179970421012,0.05661494330520137
12.05,50.32,0.19493768703278994,0.0565006703489527
12.08,50.32,0.18908157149326452,0.05117364848853036
9.77,50.35,0.2832157539732377,0.06175737705605303
9.8,50.35,0.27044793254765,0.05862565112235337
9.83,50.35,0.2698049067880746,0.05672052381951364
9.86,50.35,0.2651398088020461,0.05739480587404413
9.89,50.35,0.2667429935934838,0.05602587329439761
9.92,50.35,0.2632663979192924,0.051418390599004354
9.950000000000001,50.35,0.26051151143313256,0.05617120005669396
9.98,50.35,0.2624362738767294,0.06722091088285667
10.01,50.35,0.25940655863225365,0.06550605984689284
10.040000000000001,50.35,0.2651431815573198,0.07049762491519436
10.07,50.35,0.27336071695513653,0.07110337178951437
10.1,50.35,0.2905551013606827,0.07754230929617169
10.13,50.35,0.3084059506619148,0.0820511163443972
10.16,50.35,0.34504905610815706,0.08988732919264801
10.190000000000001,50.35,0.40362297378767353,0.09315298815753359
10.22,50.35,0.3844747730818403,0.07917751920038854
10.25,50.35,0.3539847155738247,0.06713811675187185
10.280000000000001,50.35,0.30202162991653186,0.06136195485139855
10.31,50.35,0.28569452296978626,0.06435493313678692
10.34,50.35,0.2700234006992499,0.052406720752524616
10.370000000000001,50.35,0.3058635136023763,0.062384013295652
10.4,50.35,0.3194803183983537,0.09501722418611185
10.43,50.35,0.35305255511762224,0.11497657898812377
10.46,50.35,0.31842796233498133,0.08835135750832251
10.49,50.35,0.29292933521598563,0.07512453637948248
10.52,50.35,0.28338680241777897,0.06853569230941971
10.55,50.35,0.27841745119896383,0.06711500954906743
10.73,50.35,0.24096494975838234,0.05488396147778062
10.76,50.35,0.2437769799063572,0.05042975818831071
10.790000000000001,50.35,0.2354274967607647,0.04524462750143055
10.82,50.35,0.23521245987093434,0.043166871131187
10.85,50.35,0.23175535490898716,0.04005481165180919
10.88,50.35,0.2287347202292288,0.03841820664560184
10.91,50.35,0.22897673823248826,0.039709795443022396
10.940000000000001,50.35,0.228393893338104,0.03910792108263336
10.97,50.35,0.2272155390736846,0.039698881764840294
11,50.35,0.22970091052020758,0.042174950335728816
11.030000000000001,50.35,0.23522814042558737,0.048954652101716234
11.06,50.35,0.24438607303362148,0.06094135304016921
11.09,50.35,0.23658439984488505,0.056673914792690606
11.120000000000001,50.35,0.2259206569170227,0.052618344730131765
11.27,50.35,0.20314655790169087,0.0323879298284529
11.3,50.35,0.2042123597720674,0.031991828055286074
11.33,50.35,0.20417247060626625,0.030969209900026624
11.36,50.35,0.20320887262614992,0.03226799366758127
11.39,50.35,0.20298076582481106,0.03191339581328323
11.42,50.35,0.20245450273019122,0.03463964545238946
11.45,50.35,0.19882280218930623,0.03736952534193117
11.48,50.35,0.19574001722017212,0.03500582499858895
11.51,50.35,0.19407867452238386,0.036580930376723685
11.54,50.35,0.19075958404551777,0.03733070621855686
11.57,50.35,0.18815237333168078,0.03510077526879474
11.6,50.35,0.18670736569326155,0.034623245192976534
11.63,50.35,0.1845235603893337,0.03378891970170993
11.66,50.35,0.18349847218754434,0.03289545443902298
11.690000000000001,50.35,0.18250551338384066,0.03231056689084047
11.72,50.35,0.18191811130453275,0.03358456723272018
11.75,50.35,0.18194715847462278,0.03688394601068726
11.780000000000001,50.35,0.18208740983275304,0.040048047719381905
11.81,50.35,0.18366539428894718,0.04168924316602279
11.84,50.35,0.18302799089301416,0.042466783036895175
11.870000000000001,50.35,0.1832158829892548,0.04356836018906032
11.9,50.35,0.18411378682148838,0.04364867022083145
11.93,50.35,0.18525796316041393,0.04369981532125287
11.96,50.35,0.1901245093038,0.046218585316480786
9.77,50.38,0.26854228512908895,0.059372190679463754
9.8,50.38,0.2627744521182044,0.05622938965845499
9.83,50.38,0.2578357820443221,0.053306802112136946
9.86,50.38,0.25979422881959413,0.05048792202488474
9.89,50.38,0.25870735603219747,0.04863583926449585
9.92,50.38,0.2582112378233071,0.057977063770672355
9.950000000000001,50.38,0.2594286780961511,0.06306685547533654
9.98,50.38,0.25797672467879434,0.06009578616551352
10.01,50.38,0.2595145765238853,0.06004454474890896
10.040000000000001,50.38,0.26296658648029747,0.060183252949389206
10.07,50.38,0.2679240578103249,0.06833768147523071
10.1,50.38,0.27456781118504975,0.06953274697819614
10.13,50.38,0.28545910121530066,0.07368534977902828
10.16,50.38,0.2967288111855105,0.07143917024219373
10.190000000000001,50.38,0.31575817181468974,0.06661079961718516
10.22,50.38,0.36038613162122096,0.07294429465654795
10.25,50.38,0.36736427429784824,0.0841141632063337
10.280000000000001,50.38,0.3294850810049757,0.07139448126570085
10.31,50.38,0.297413097673623,0.058569142335340024
10.34,50.38,0.30897292620698397,0.06563294538979124
10.370000000000001,50.38,0.30297436474152933,0.103230793747602
10.4,50.38,0.27547637929021873,0.07273137992655719
10.43,50.38,0.2913359764260638,0.07697600379903116
10.46,50.38,0.29308920127066107,0.07751047949457839
10.790000000000001,50.38,0.23127924365330985,0.04124133704286188
10.82,50.38,0.22867201884411592,0.03965360025507088
10.85,50.38,0.22609560955033225,0.03787861628621819
10.88,50.38,0.226044992728001,0.03717761273516687
10.91,50.38,0.22405713747402728,0.03692661844568685
10.940000000000001,50.38,0.22338728720543238,0.03668497927204096
11.3,50.38,0.20345915103632808,0.032733108664717576
11.33,50.38,0.20392115561467664,0.0306395266842236
11.36,50.38,0.20202140213354985,0.031124064089218858
11.39,50.38,0.20233128469629075,0.03160214512447739
11.42,50.38,0.20232584874574872,0.03259597288354979
11.45,50.38,0.20107320370325224,0.03424342724310095
11.48,50.38,0.19673086408089444,0.03641201913214152
11.51,50.38,0.19436390907276682,0.03472358631716987
11.54,50.38,0.19103166850410042,0.035289734490058684
11.57,50.38,0.18878368966934947,0.03614576951662939
11.6,50.38,0.1860475462031344,0.034048694067692314
11.63,50.38,0.18427588237979667,0.0334437389712284
11.66,50.38,0.18264802754475953,0.03227663299250206
11.690000000000001,50.38,0.1819421392401005,0.03268676241698771
11.72,50.38,0.18024987663395914,0.032002493122672795
11.75,50.38,0.17897121313596467,0.03346249041763655
11.780000000000001,50.38,0.17899847697782967,0.03554594035736956
11.81,50.38,0.1810732308173163,0.03991089195164961
11.84,50.38,0.18191478304727096,0.04143136220492626
11.870000000000001,50.38,0.18306783248841493,0.04174572323844026
11.9,50.38,0.18393671097888462,0.04332613142719182
11.93,50.38,0.18481523099841557,0.04341326731667834
11.96,50.38,0.1870713327124794,0.04415313512440622
9.8,50.410000000000004,0.2545243308478034,0.053396258732932106
9.92,50.410000000000004,0.25856691133101317,0.05235677094799172
9.950000000000001,50.410000000000004,0.25948465921579644,0.0604399952189193
9.98,50.410000000000004,0.2554187378999941,0.05808575147023352
10.01,50.410000000000004,0.25722773400094684,0.059117784063556375
10.040000000000001,50.410000000000004,0.26133790074006397,0.06666632071661868
10.07,50.410000000000004,0.2645254688697664,0.06723795888526883
10.1,50.410000000000004,0.26766751518467496,0.06845298091290503
10.13,50.410000000000004,0.27490911576318505,0.06625087362401115
10.16,50.410000000000004,0.289402705914636,0.061117410338702514
10.190000000000001,50.410000000000004,0.31595288767116064,0.07368956126906748
10.22,50.410000000000004,0.4090244064178564,0.16050455043238715
10.25,50.410000000000004,0.3268607599282818,0.060083839875224074
10.280000000000001,50.410000000000004,0.37218645519714394,0.10086729410069101
10.31,50.410000000000004,0.34010082959231447,0.07721170410079599
10.34,50.410000000000004,0.345769832509818,0.0798209441740965
10.370000000000001,50.410000000000004,0.3367668437792874,0.10149958379557082
11.27,50.410000000000004,0.20282346073023072,0.033218088525215364
11.3,50.410000000000004,0.2041661534244208,0.03254370054572911
11.33,50.410000000000004,0.20385177462706974,0.031177885523871383
11.36,50.410000000000004,0.20230580265781106,0.030481420270367716
11.39,50.410000000000004,0.2015681593687337,0.03159141018972664
11.42,50.410000000000004,0.2013255876088222,0.0310254484194268
11.45,50.410000000000004,0.19950411954085448,0.032357678216564184
11.48,50.410000000000004,0.19701172765771122,0.03469334073469792
11.780000000000001,50.410000000000004,0.17733408764523204,0.03383706409460541
11.9,50.410000000000004,0.182230966426536,0.04149329871874326
11.93,50.410000000000004,0.18399031470053137,0.042784644399238514
10.01,50.440000000000005,0.26028254342111296,0.06284597138689126
10.040000000000001,50.440000000000005,0.26114942753741155,0.06218678979407434
10.07,50.440000000000005,0.2624811528066748,0.06395686851809855
10.1,50.440000000000005,0.2623780009462334,0.05826294019303049
10.13,50.440000000000005,0.26435801772336237,0.05781895899628779
10.16,50.440000000000005,0.28575293933591744,0.06413557851405927
10.190000000000001,50.440000000000005,0.3070228674234475,0.06689764414808462
10.22,50.440000000000005,0.3366655252779503,0.09560884429255845
10.25,50.440000000000005,0.3112697320978227,0.06205539906299466
10.280000000000001,50.440000000000005,0.36727148479531646,0.08376828593351017
10.31,50.440000000000005,0.41849143215336454,0.11520941528677822
10.34,50.440000000000005,0.32328341220237755,0.07372135659226976
11.27,50.440000000000005,0.20338188065121257,0.03494848219613183
11.3,50.440000000000005,0.20181464481926362,0.03150683217651472
11.33,50.440000000000005,0.20449589172337768,0.03212068939009173
11.36,50.440000000000005,0.2023199282290611,0.03034771410747421
11.39,50.440000000000005,0.20244701187288117,0.03018288635636884
11.42,50.440000000000005,0.20175170240303616,0.03143800784432333
10.040000000000001,50.470000000000006,0.2641409371275517,0.05983637161193112
10.07,50.470000000000006,0.2628601667720952,0.05432638314857971
10.1,50.470000000000006,0.2627116912735238,0.053975409106598225
10.13,50.470000000000006,0.26421460087603077,0.05578869966288906
10.16,50.470000000000006,0.2707821398976728,0.053378319095406024
10.190000000000001,50.470000000000006,0.2756910281289544,0.050139742349998614
10.22,50.470000000000006,0.3026492708584283,0.0656773823497165
10.25,50.470000000000006,0.3346065826457384,0.07400207954513738
10.280000000000001,50.470000000000006,0.321684093467604,0.06790635581793443
10.31,50.470000000000006,0.3391192137683205,0.07677244953507592
11.27,50.470000000000006,0.2036827422792514,0.03636641122007405
11.3,50.470000000000006,0.20298412487131334,0.033058594704593464
11.33,50.470000000000006,0.20392092293940617,0.031528395595518795
11.36,50.470000000000006,0.2016309928287999,0.03053741605960637
11.39,50.470000000000006,0.20268690130491315,0.03008106170496348
10.07,50.5,0.265709686005996,0.05162598401396487
10.1,50.5,0.27101516571561146,0.055451224418902205
10.13,50.5,0.2767611565997051,0.0579601598717206
10.16,50.5,0.27516104478395953,0.05347741201226232
10.190000000000001,50.5,0.2686538038011735,0.04796849775857524
10.22,50.5,0.282487753304298,0.04809996546825142
10.25,50.5,0.300809484078953,0.053076834557850436
10.280000000000001,50.5,0.3083687538238825,0.05989742701721413
11.33,50.5,0.2040672013532051,0.03339991417618914
11.36,50.5,0.20259412823663803,0.02973221885436649
11.39,50.5,0.20245097249404978,0.03192073050805714
11.42,50.5,0.20187157441935108,0.0298943171723647
10.1,50.53,0.2769736390314986,0.060037536847324796
10.13,50.53,0.2835024357023648,0.0683953539717218
10.16,50.53,0.2727917299991346,0.05037725241268977
10.190000000000001,50.53,0.2693674127234397,0.04675261437553202
10.22,50.53,0.2762455467700332,0.046813199750995925
